573.3077666666666,572.9965333333333,574.0505166666667,575.7406166666666,576.4712166666666,576.6400166666666,577.8597,577.9938666666667,577.82805,580.41545,582.5140166666666,583.0740499999999,584.2049166666666,585.4397833333333,586.1447499999999,586.3207666666666,586.4253,586.8496,587.8210166666667,589.5475666666666,590.8134666666666,590.2131166666666,591.0662666666666,593.3678333333332,593.6596833333333,592.7863833333333,593.3378666666666,596.6757666666666,597.78025,595.1624999999999,590.6065,589.4851833333333,578.4554499999999,550.32645,591.1401999999999,668.2538833333333,655.4553333333333,616.5040333333334,591.4544833333334,557.4868666666666,529.2397,502.4707166666667,455.4435666666667,410.06669999999997,356.99678333333327,283.36356666666666,320.6841166666666,418.4214499999999,381.9107833333333,309.5563499999999,264.61940000000004,213.74080000000004,178.55891666666668,155.3921166666667,112.25950000000012,64.39686666666663,22.56224999999995,-17.424066666666626,-52.83776666666669,-84.56241666666665,-116.98358333333331,-146.6606,-173.52025000000003,-201.02908333333318,-225.40611666666655,-244.00925000000007,-258.1624166666667,-272.6315333333333,-284.32098333333334,-289.3014666666668,-313.20881666666673,-346.93043333333344,-352.92088333333334,-348.0333333333333,-344.72636666666676,-335.06260000000003,-304.5517666666666,-264.5071833333333,-242.50754999999995,-223.07558333333327,-198.7593166666667,-177.35981666666672,-151.74029999999993,-120.03503333333325,-87.81445,-53.62486666666655,-16.255133333333408,23.78136666666675,67.3200166666667,112.0898666666667,154.26185,197.52351666666664,244.81403333333324,295.5346166666667,345.77750000000003,394.93148333333335,445.43165000000005,495.69658333333325,547.11905,599.9854333333333,635.4297499999999,660.8306833333334,702.0369333333333,738.0657833333332,775.9447166666666,826.0832499999999,762.4227999999999,636.9826166666667,641.1613,678.8305333333333,686.2684999999999,696.5043833333332,704.6342666666666,706.4840333333333,707.4064666666666,708.553,709.4468833333333,711.23245,711.6625,711.4450333333332,713.7040833333333,715.28415,715.22685,715.6530333333333,715.8689166666666,717.0051166666667,720.1603,717.0548666666666,720.4459666666667,738.1347166666666,671.6935666666666,560.4569833333333,551.5655666666667,568.8260499999999,563.6552166666667,564.4265333333333,566.7474333333332,566.5404333333333,567.83015,569.3586333333333,570.3301833333333,571.6153833333333,573.1768333333333,574.1209833333332
573.3077666666666,572.9965333333333,574.0505166666667,575.7406166666666,576.4712166666666,576.6400166666666,577.8597,577.9938666666667,577.82805,580.41545,582.5140166666666,583.0740499999999,584.2049166666666,585.4397833333333,586.1447499999999,586.3207666666666,586.4253,586.8496,587.8210166666667,589.5475666666666,590.8134666666666,590.2131166666666,591.0662666666666,593.3678333333332,593.6596833333333,592.7863833333333,593.3378666666666,596.6757666666666,597.78025,595.1624999999999,590.6065,589.4851833333333,578.4554499999999,550.32645,591.1401999999999,668.2538833333333,655.4553333333333,616.5040333333334,591.4544833333334,557.4868666666666,529.2397,502.4707166666667,455.4435666666667,410.06669999999997,356.99678333333327,283.36356666666666,320.6841166666666,418.4214499999999,381.9107833333333,309.5563499999999,264.61940000000004,213.74080000000004,178.55891666666668,155.3921166666667,112.25950000000012,64.39686666666663,22.56224999999995,-17.424066666666626,-52.83776666666669,-84.56241666666665,-116.98358333333331,-146.6606,-173.52025000000003,-201.02908333333318,-225.40611666666655,-244.00925000000007,-258.1624166666667,-272.6315333333333,-284.32098333333334,-289.3014666666668,-313.20881666666673,-346.93043333333344,-352.92088333333334,-348.0333333333333,-344.72636666666676,-335.06260000000003,-304.5517666666666,-264.5071833333333,-242.50754999999995,-223.07558333333327,-198.7593166666667,-177.35981666666672,-151.74029999999993,-120.03503333333325,-87.81445,-53.62486666666655,-16.255133333333408,23.78136666666675,67.3200166666667,112.0898666666667,154.26185,197.52351666666664,244.81403333333324,295.5346166666667,345.77750000000003,394.93148333333335,445.43165000000005,495.69658333333325,547.11905,599.9854333333333,635.4297499999999,660.8306833333334,702.0369333333333,738.0657833333332,775.9447166666666,826.0832499999999,762.4227999999999,636.9826166666667,641.1613,678.8305333333333,686.2684999999999,696.5043833333332,704.6342666666666,706.4840333333333,707.4064666666666,708.553,709.4468833333333,711.23245,711.6625,711.4450333333332,713.7040833333333,715.28415,715.22685,715.6530333333333,715.8689166666666,717.0051166666667,720.1603,717.0548666666666,720.4459666666667,738.1347166666666,671.6935666666666,560.4569833333333,551.5655666666667,568.8260499999999,563.6552166666667,564.4265333333333,566.7474333333332,566.5404333333333,567.83015,569.3586333333333,570.3301833333333,571.6153833333333,573.1768333333333,574.1209833333332
573.3077666666666,572.9965333333333,574.0505166666667,575.7406166666666,576.4712166666666,576.6400166666666,577.8597,577.9938666666667,577.82805,580.41545,582.5140166666666,583.0740499999999,584.2049166666666,585.4397833333333,586.1447499999999,586.3207666666666,586.4253,586.8496,587.8210166666667,589.5475666666666,590.8134666666666,590.2131166666666,591.0662666666666,593.3678333333332,593.6596833333333,592.7863833333333,593.3378666666666,596.6757666666666,597.78025,595.1624999999999,590.6065,589.4851833333333,578.4554499999999,550.32645,591.1401999999999,668.2538833333333,655.4553333333333,616.5040333333334,591.4544833333334,557.4868666666666,529.2397,502.4707166666667,455.4435666666667,410.06669999999997,356.99678333333327,283.36356666666666,320.6841166666666,418.4214499999999,381.9107833333333,309.5563499999999,264.61940000000004,213.74080000000004,178.55891666666668,155.3921166666667,112.25950000000012,64.39686666666663,22.56224999999995,-17.424066666666626,-52.83776666666669,-84.56241666666665,-116.98358333333331,-146.6606,-173.52025000000003,-201.02908333333318,-225.40611666666655,-244.00925000000007,-258.1624166666667,-272.6315333333333,-284.32098333333334,-289.3014666666668,-313.20881666666673,-346.93043333333344,-352.92088333333334,-348.0333333333333,-344.72636666666676,-335.06260000000003,-304.5517666666666,-264.5071833333333,-242.50754999999995,-223.07558333333327,-198.7593166666667,-177.35981666666672,-151.74029999999993,-120.03503333333325,-87.81445,-53.62486666666655,-16.255133333333408,23.78136666666675,67.3200166666667,112.0898666666667,154.26185,197.52351666666664,244.81403333333324,295.5346166666667,345.77750000000003,394.93148333333335,445.43165000000005,495.69658333333325,547.11905,599.9854333333333,635.4297499999999,660.8306833333334,702.0369333333333,738.0657833333332,775.9447166666666,826.0832499999999,762.4227999999999,636.9826166666667,641.1613,678.8305333333333,686.2684999999999,696.5043833333332,704.6342666666666,706.4840333333333,707.4064666666666,708.553,709.4468833333333,711.23245,711.6625,711.4450333333332,713.7040833333333,715.28415,715.22685,715.6530333333333,715.8689166666666,717.0051166666667,720.1603,717.0548666666666,720.4459666666667,738.1347166666666,671.6935666666666,560.4569833333333,551.5655666666667,568.8260499999999,563.6552166666667,564.4265333333333,566.7474333333332,566.5404333333333,567.83015,569.3586333333333,570.3301833333333,571.6153833333333,573.1768333333333,574.1209833333332
573.3077666666666,572.9965333333333,574.0505166666667,575.7406166666666,576.4712166666666,576.6400166666666,577.8597,577.9938666666667,577.82805,580.41545,582.5140166666666,583.0740499999999,584.2049166666666,585.4397833333333,586.1447499999999,586.3207666666666,586.4253,586.8496,587.8210166666667,589.5475666666666,590.8134666666666,590.2131166666666,591.0662666666666,593.3678333333332,593.6596833333333,592.7863833333333,593.3378666666666,596.6757666666666,597.78025,595.1624999999999,590.6065,589.4851833333333,578.4554499999999,550.32645,591.1401999999999,668.2538833333333,655.4553333333333,616.5040333333334,591.4544833333334,557.4868666666666,529.2397,502.4707166666667,455.4435666666667,410.06669999999997,356.99678333333327,283.36356666666666,320.6841166666666,418.4214499999999,381.9107833333333,309.5563499999999,264.61940000000004,213.74080000000004,178.55891666666668,155.3921166666667,112.25950000000012,64.39686666666663,22.56224999999995,-17.424066666666626,-52.83776666666669,-84.56241666666665,-116.98358333333331,-146.6606,-173.52025000000003,-201.02908333333318,-225.40611666666655,-244.00925000000007,-258.1624166666667,-272.6315333333333,-284.32098333333334,-289.3014666666668,-313.20881666666673,-346.93043333333344,-352.92088333333334,-348.0333333333333,-344.72636666666676,-335.06260000000003,-304.5517666666666,-264.5071833333333,-242.50754999999995,-223.07558333333327,-198.7593166666667,-177.35981666666672,-151.74029999999993,-120.03503333333325,-87.81445,-53.62486666666655,-16.255133333333408,23.78136666666675,67.3200166666667,112.0898666666667,154.26185,197.52351666666664,244.81403333333324,295.5346166666667,345.77750000000003,394.93148333333335,445.43165000000005,495.69658333333325,547.11905,599.9854333333333,635.4297499999999,660.8306833333334,702.0369333333333,738.0657833333332,775.9447166666666,826.0832499999999,762.4227999999999,636.9826166666667,641.1613,678.8305333333333,686.2684999999999,696.5043833333332,704.6342666666666,706.4840333333333,707.4064666666666,708.553,709.4468833333333,711.23245,711.6625,711.4450333333332,713.7040833333333,715.28415,715.22685,715.6530333333333,715.8689166666666,717.0051166666667,720.1603,717.0548666666666,720.4459666666667,738.1347166666666,671.6935666666666,560.4569833333333,551.5655666666667,568.8260499999999,563.6552166666667,564.4265333333333,566.7474333333332,566.5404333333333,567.83015,569.3586333333333,570.3301833333333,571.6153833333333,573.1768333333333,574.1209833333332
573.3077666666666,572.9965333333333,574.0505166666667,575.7406166666666,576.4712166666666,576.6400166666666,577.8597,577.9938666666667,577.82805,580.41545,582.5140166666666,583.0740499999999,584.2049166666666,585.4397833333333,586.1447499999999,586.3207666666666,586.4253,586.8496,587.8210166666667,589.5475666666666,590.8134666666666,590.2131166666666,591.0662666666666,593.3678333333332,593.6596833333333,592.7863833333333,593.3378666666666,596.6757666666666,597.78025,595.1624999999999,590.6065,589.4851833333333,578.4554499999999,550.32645,591.1401999999999,668.2538833333333,655.4553333333333,616.5040333333334,591.4544833333334,557.4868666666666,529.2397,502.4707166666667,455.4435666666667,410.06669999999997,356.99678333333327,283.36356666666666,320.6841166666666,418.4214499999999,381.9107833333333,309.5563499999999,264.61940000000004,213.74080000000004,178.55891666666668,155.3921166666667,112.25950000000012,64.39686666666663,22.56224999999995,-17.424066666666626,-52.83776666666669,-84.56241666666665,-116.98358333333331,-146.6606,-173.52025000000003,-201.02908333333318,-225.40611666666655,-244.00925000000007,-258.1624166666667,-272.6315333333333,-284.32098333333334,-289.3014666666668,-313.20881666666673,-346.93043333333344,-352.92088333333334,-348.0333333333333,-344.72636666666676,-335.06260000000003,-304.5517666666666,-264.5071833333333,-242.50754999999995,-223.07558333333327,-198.7593166666667,-177.35981666666672,-151.74029999999993,-120.03503333333325,-87.81445,-53.62486666666655,-16.255133333333408,23.78136666666675,67.3200166666667,112.0898666666667,154.26185,197.52351666666664,244.81403333333324,295.5346166666667,345.77750000000003,394.93148333333335,445.43165000000005,495.69658333333325,547.11905,599.9854333333333,635.4297499999999,660.8306833333334,702.0369333333333,738.0657833333332,775.9447166666666,826.0832499999999,762.4227999999999,636.9826166666667,641.1613,678.8305333333333,686.2684999999999,696.5043833333332,704.6342666666666,706.4840333333333,707.4064666666666,708.553,709.4468833333333,711.23245,711.6625,711.4450333333332,713.7040833333333,715.28415,715.22685,715.6530333333333,715.8689166666666,717.0051166666667,720.1603,717.0548666666666,720.4459666666667,738.1347166666666,671.6935666666666,560.4569833333333,551.5655666666667,568.8260499999999,563.6552166666667,564.4265333333333,566.7474333333332,566.5404333333333,567.83015,569.3586333333333,570.3301833333333,571.6153833333333,573.1768333333333,574.1209833333332
573.3077666666666,572.9965333333333,574.0505166666667,575.7406166666666,576.4712166666666,576.6400166666666,577.8597,577.9938666666667,577.82805,580.41545,582.5140166666666,583.0740499999999,584.2049166666666,585.4397833333333,586.1447499999999,586.3207666666666,586.4253,586.8496,587.8210166666667,589.5475666666666,590.8134666666666,590.2131166666666,591.0662666666666,593.3678333333332,593.6596833333333,592.7863833333333,593.3378666666666,596.6757666666666,597.78025,595.1624999999999,590.6065,589.4851833333333,578.4554499999999,550.32645,591.1401999999999,668.2538833333333,655.4553333333333,616.5040333333334,591.4544833333334,557.4868666666666,529.2397,502.4707166666667,455.4435666666667,410.06669999999997,356.99678333333327,283.36356666666666,320.6841166666666,418.4214499999999,381.9107833333333,309.5563499999999,264.61940000000004,213.74080000000004,178.55891666666668,155.3921166666667,112.25950000000012,64.39686666666663,22.56224999999995,-17.424066666666626,-52.83776666666669,-84.56241666666665,-116.98358333333331,-146.6606,-173.52025000000003,-201.02908333333318,-225.40611666666655,-244.00925000000007,-258.1624166666667,-272.6315333333333,-284.32098333333334,-289.3014666666668,-313.20881666666673,-346.93043333333344,-352.92088333333334,-348.0333333333333,-344.72636666666676,-335.06260000000003,-304.5517666666666,-264.5071833333333,-242.50754999999995,-223.07558333333327,-198.7593166666667,-177.35981666666672,-151.74029999999993,-120.03503333333325,-87.81445,-53.62486666666655,-16.255133333333408,23.78136666666675,67.3200166666667,112.0898666666667,154.26185,197.52351666666664,244.81403333333324,295.5346166666667,345.77750000000003,394.93148333333335,445.43165000000005,495.69658333333325,547.11905,599.9854333333333,635.4297499999999,660.8306833333334,702.0369333333333,738.0657833333332,775.9447166666666,826.0832499999999,762.4227999999999,636.9826166666667,641.1613,678.8305333333333,686.2684999999999,696.5043833333332,704.6342666666666,706.4840333333333,707.4064666666666,708.553,709.4468833333333,711.23245,711.6625,711.4450333333332,713.7040833333333,715.28415,715.22685,715.6530333333333,715.8689166666666,717.0051166666667,720.1603,717.0548666666666,720.4459666666667,738.1347166666666,671.6935666666666,560.4569833333333,551.5655666666667,568.8260499999999,563.6552166666667,564.4265333333333,566.7474333333332,566.5404333333333,567.83015,569.3586333333333,570.3301833333333,571.6153833333333,573.1768333333333,574.1209833333332
573.3077666666666,572.9965333333333,574.0505166666667,575.7406166666666,576.4712166666666,576.6400166666666,577.8597,577.9938666666667,577.82805,580.41545,582.5140166666666,583.0740499999999,584.2049166666666,585.4397833333333,586.1447499999999,586.3207666666666,586.4253,586.8496,587.8210166666667,589.5475666666666,590.8134666666666,590.2131166666666,591.0662666666666,593.3678333333332,593.6596833333333,592.7863833333333,593.3378666666666,596.6757666666666,597.78025,595.1624999999999,590.6065,589.4851833333333,578.4554499999999,550.32645,591.1401999999999,668.2538833333333,655.4553333333333,616.5040333333334,591.4544833333334,557.4868666666666,529.2397,502.4707166666667,455.4435666666667,410.06669999999997,356.99678333333327,283.36356666666666,320.6841166666666,418.4214499999999,381.9107833333333,309.5563499999999,264.61940000000004,213.74080000000004,178.55891666666668,155.3921166666667,112.25950000000012,64.39686666666663,22.56224999999995,-17.424066666666626,-52.83776666666669,-84.56241666666665,-116.98358333333331,-146.6606,-173.52025000000003,-201.02908333333318,-225.40611666666655,-244.00925000000007,-258.1624166666667,-272.6315333333333,-284.32098333333334,-289.3014666666668,-313.20881666666673,-346.93043333333344,-352.92088333333334,-348.0333333333333,-344.72636666666676,-335.06260000000003,-304.5517666666666,-264.5071833333333,-242.50754999999995,-223.07558333333327,-198.7593166666667,-177.35981666666672,-151.74029999999993,-120.03503333333325,-87.81445,-53.62486666666655,-16.255133333333408,23.78136666666675,67.3200166666667,112.0898666666667,154.26185,197.52351666666664,244.81403333333324,295.5346166666667,345.77750000000003,394.93148333333335,445.43165000000005,495.69658333333325,547.11905,599.9854333333333,635.4297499999999,660.8306833333334,702.0369333333333,738.0657833333332,775.9447166666666,826.0832499999999,762.4227999999999,636.9826166666667,641.1613,678.8305333333333,686.2684999999999,696.5043833333332,704.6342666666666,706.4840333333333,707.4064666666666,708.553,709.4468833333333,711.23245,711.6625,711.4450333333332,713.7040833333333,715.28415,715.22685,715.6530333333333,715.8689166666666,717.0051166666667,720.1603,717.0548666666666,720.4459666666667,738.1347166666666,671.6935666666666,560.4569833333333,551.5655666666667,568.8260499999999,563.6552166666667,564.4265333333333,566.7474333333332,566.5404333333333,567.83015,569.3586333333333,570.3301833333333,571.6153833333333,573.1768333333333,574.1209833333332
573.3077666666666,572.9965333333333,574.0505166666667,575.7406166666666,576.4712166666666,576.6400166666666,577.8597,577.9938666666667,577.82805,580.41545,582.5140166666666,583.0740499999999,584.2049166666666,585.4397833333333,586.1447499999999,586.3207666666666,586.4253,586.8496,587.8210166666667,589.5475666666666,590.8134666666666,590.2131166666666,591.0662666666666,593.3678333333332,593.6596833333333,592.7863833333333,593.3378666666666,596.6757666666666,597.78025,595.1624999999999,590.6065,589.4851833333333,578.4554499999999,550.32645,591.1401999999999,668.2538833333333,655.4553333333333,616.5040333333334,591.4544833333334,557.4868666666666,529.2397,502.4707166666667,455.4435666666667,410.06669999999997,356.99678333333327,283.36356666666666,320.6841166666666,418.4214499999999,381.9107833333333,309.5563499999999,264.61940000000004,213.74080000000004,178.55891666666668,155.3921166666667,112.25950000000012,64.39686666666663,22.56224999999995,-17.424066666666626,-52.83776666666669,-84.56241666666665,-116.98358333333331,-146.6606,-173.52025000000003,-201.02908333333318,-225.40611666666655,-244.00925000000007,-258.1624166666667,-272.6315333333333,-284.32098333333334,-289.3014666666668,-313.20881666666673,-346.93043333333344,-352.92088333333334,-348.0333333333333,-344.72636666666676,-335.06260000000003,-304.5517666666666,-264.5071833333333,-242.50754999999995,-223.07558333333327,-198.7593166666667,-177.35981666666672,-151.74029999999993,-120.03503333333325,-87.81445,-53.62486666666655,-16.255133333333408,23.78136666666675,67.3200166666667,112.0898666666667,154.26185,197.52351666666664,244.81403333333324,295.5346166666667,345.77750000000003,394.93148333333335,445.43165000000005,495.69658333333325,547.11905,599.9854333333333,635.4297499999999,660.8306833333334,702.0369333333333,738.0657833333332,775.9447166666666,826.0832499999999,762.4227999999999,636.9826166666667,641.1613,678.8305333333333,686.2684999999999,696.5043833333332,704.6342666666666,706.4840333333333,707.4064666666666,708.553,709.4468833333333,711.23245,711.6625,711.4450333333332,713.7040833333333,715.28415,715.22685,715.6530333333333,715.8689166666666,717.0051166666667,720.1603,717.0548666666666,720.4459666666667,738.1347166666666,671.6935666666666,560.4569833333333,551.5655666666667,568.8260499999999,563.6552166666667,564.4265333333333,566.7474333333332,566.5404333333333,567.83015,569.3586333333333,570.3301833333333,571.6153833333333,573.1768333333333,574.1209833333332
573.3077666666666,572.9965333333333,574.0505166666667,575.7406166666666,576.4712166666666,576.6400166666666,577.8597,577.9938666666667,577.82805,580.41545,582.5140166666666,583.0740499999999,584.2049166666666,585.4397833333333,586.1447499999999,586.3207666666666,586.4253,586.8496,587.8210166666667,589.5475666666666,590.8134666666666,590.2131166666666,591.0662666666666,593.3678333333332,593.6596833333333,592.7863833333333,593.3378666666666,596.6757666666666,597.78025,595.1624999999999,590.6065,589.4851833333333,578.4554499999999,550.32645,591.1401999999999,668.2538833333333,655.4553333333333,616.5040333333334,591.4544833333334,557.4868666666666,529.2397,502.4707166666667,455.4435666666667,410.06669999999997,356.99678333333327,283.36356666666666,320.6841166666666,418.4214499999999,381.9107833333333,309.5563499999999,264.61940000000004,213.74080000000004,178.55891666666668,155.3921166666667,112.25950000000012,64.39686666666663,22.56224999999995,-17.424066666666626,-52.83776666666669,-84.56241666666665,-116.98358333333331,-146.6606,-173.52025000000003,-201.02908333333318,-225.40611666666655,-244.00925000000007,-258.1624166666667,-272.6315333333333,-284.32098333333334,-289.3014666666668,-313.20881666666673,-346.93043333333344,-352.92088333333334,-348.0333333333333,-344.72636666666676,-335.06260000000003,-304.5517666666666,-264.5071833333333,-242.50754999999995,-223.07558333333327,-198.7593166666667,-177.35981666666672,-151.74029999999993,-120.03503333333325,-87.81445,-53.62486666666655,-16.255133333333408,23.78136666666675,67.3200166666667,112.0898666666667,154.26185,197.52351666666664,244.81403333333324,295.5346166666667,345.77750000000003,394.93148333333335,445.43165000000005,495.69658333333325,547.11905,599.9854333333333,635.4297499999999,660.8306833333334,702.0369333333333,738.0657833333332,775.9447166666666,826.0832499999999,762.4227999999999,636.9826166666667,641.1613,678.8305333333333,686.2684999999999,696.5043833333332,704.6342666666666,706.4840333333333,707.4064666666666,708.553,709.4468833333333,711.23245,711.6625,711.4450333333332,713.7040833333333,715.28415,715.22685,715.6530333333333,715.8689166666666,717.0051166666667,720.1603,717.0548666666666,720.4459666666667,738.1347166666666,671.6935666666666,560.4569833333333,551.5655666666667,568.8260499999999,563.6552166666667,564.4265333333333,566.7474333333332,566.5404333333333,567.83015,569.3586333333333,570.3301833333333,571.6153833333333,573.1768333333333,574.1209833333332
573.3077666666666,572.9965333333333,574.0505166666667,575.7406166666666,576.4712166666666,576.6400166666666,577.8597,577.9938666666667,577.82805,580.41545,582.5140166666666,583.0740499999999,584.2049166666666,585.4397833333333,586.1447499999999,586.3207666666666,586.4253,586.8496,587.8210166666667,589.5475666666666,590.8134666666666,590.2131166666666,591.0662666666666,593.3678333333332,593.6596833333333,592.7863833333333,593.3378666666666,596.6757666666666,597.78025,595.1624999999999,590.6065,589.4851833333333,578.4554499999999,550.32645,591.1401999999999,668.2538833333333,655.4553333333333,616.5040333333334,591.4544833333334,557.4868666666666,529.2397,502.4707166666667,455.4435666666667,410.06669999999997,356.99678333333327,283.36356666666666,320.6841166666666,418.4214499999999,381.9107833333333,309.5563499999999,264.61940000000004,213.74080000000004,178.55891666666668,155.3921166666667,112.25950000000012,64.39686666666663,22.56224999999995,-17.424066666666626,-52.83776666666669,-84.56241666666665,-116.98358333333331,-146.6606,-173.52025000000003,-201.02908333333318,-225.40611666666655,-244.00925000000007,-258.1624166666667,-272.6315333333333,-284.32098333333334,-289.3014666666668,-313.20881666666673,-346.93043333333344,-352.92088333333334,-348.0333333333333,-344.72636666666676,-335.06260000000003,-304.5517666666666,-264.5071833333333,-242.50754999999995,-223.07558333333327,-198.7593166666667,-177.35981666666672,-151.74029999999993,-120.03503333333325,-87.81445,-53.62486666666655,-16.255133333333408,23.78136666666675,67.3200166666667,112.0898666666667,154.26185,197.52351666666664,244.81403333333324,295.5346166666667,345.77750000000003,394.93148333333335,445.43165000000005,495.69658333333325,547.11905,599.9854333333333,635.4297499999999,660.8306833333334,702.0369333333333,738.0657833333332,775.9447166666666,826.0832499999999,762.4227999999999,636.9826166666667,641.1613,678.8305333333333,686.2684999999999,696.5043833333332,704.6342666666666,706.4840333333333,707.4064666666666,708.553,709.4468833333333,711.23245,711.6625,711.4450333333332,713.7040833333333,715.28415,715.22685,715.6530333333333,715.8689166666666,717.0051166666667,720.1603,717.0548666666666,720.4459666666667,738.1347166666666,671.6935666666666,560.4569833333333,551.5655666666667,568.8260499999999,563.6552166666667,564.4265333333333,566.7474333333332,566.5404333333333,567.83015,569.3586333333333,570.3301833333333,571.6153833333333,573.1768333333333,574.1209833333332
573.3077666666666,572.9965333333333,574.0505166666667,575.7406166666666,576.4712166666666,576.6400166666666,577.8597,577.9938666666667,577.82805,580.41545,582.5140166666666,583.0740499999999,584.2049166666666,585.4397833333333,586.1447499999999,586.3207666666666,586.4253,586.8496,587.8210166666667,589.5475666666666,590.8134666666666,590.2131166666666,591.0662666666666,593.3678333333332,593.6596833333333,592.7863833333333,593.3378666666666,596.6757666666666,597.78025,595.1624999999999,590.6065,589.4851833333333,578.4554499999999,550.32645,591.1401999999999,668.2538833333333,655.4553333333333,616.5040333333334,591.4544833333334,557.4868666666666,529.2397,502.4707166666667,455.4435666666667,410.06669999999997,356.99678333333327,283.36356666666666,320.6841166666666,418.4214499999999,381.9107833333333,309.5563499999999,264.61940000000004,213.74080000000004,178.55891666666668,155.3921166666667,112.25950000000012,64.39686666666663,22.56224999999995,-17.424066666666626,-52.83776666666669,-84.56241666666665,-116.98358333333331,-146.6606,-173.52025000000003,-201.02908333333318,-225.40611666666655,-244.00925000000007,-258.1624166666667,-272.6315333333333,-284.32098333333334,-289.3014666666668,-313.20881666666673,-346.93043333333344,-352.92088333333334,-348.0333333333333,-344.72636666666676,-335.06260000000003,-304.5517666666666,-264.5071833333333,-242.50754999999995,-223.07558333333327,-198.7593166666667,-177.35981666666672,-151.74029999999993,-120.03503333333325,-87.81445,-53.62486666666655,-16.255133333333408,23.78136666666675,67.3200166666667,112.0898666666667,154.26185,197.52351666666664,244.81403333333324,295.5346166666667,345.77750000000003,394.93148333333335,445.43165000000005,495.69658333333325,547.11905,599.9854333333333,635.4297499999999,660.8306833333334,702.0369333333333,738.0657833333332,775.9447166666666,826.0832499999999,762.4227999999999,636.9826166666667,641.1613,678.8305333333333,686.2684999999999,696.5043833333332,704.6342666666666,706.4840333333333,707.4064666666666,708.553,709.4468833333333,711.23245,711.6625,711.4450333333332,713.7040833333333,715.28415,715.22685,715.6530333333333,715.8689166666666,717.0051166666667,720.1603,717.0548666666666,720.4459666666667,738.1347166666666,671.6935666666666,560.4569833333333,551.5655666666667,568.8260499999999,563.6552166666667,564.4265333333333,566.7474333333332,566.5404333333333,567.83015,569.3586333333333,570.3301833333333,571.6153833333333,573.1768333333333,574.1209833333332
573.3077666666666,572.9965333333333,574.0505166666667,575.7406166666666,576.4712166666666,576.6400166666666,577.8597,577.9938666666667,577.82805,580.41545,582.5140166666666,583.0740499999999,584.2049166666666,585.4397833333333,586.1447499999999,586.3207666666666,586.4253,586.8496,587.8210166666667,589.5475666666666,590.8134666666666,590.2131166666666,591.0662666666666,593.3678333333332,593.6596833333333,592.7863833333333,593.3378666666666,596.6757666666666,597.78025,595.1624999999999,590.6065,589.4851833333333,578.4554499999999,550.32645,591.1401999999999,668.2538833333333,655.4553333333333,616.5040333333334,591.4544833333334,557.4868666666666,529.2397,502.4707166666667,455.4435666666667,410.06669999999997,356.99678333333327,283.36356666666666,320.6841166666666,418.4214499999999,381.9107833333333,309.5563499999999,264.61940000000004,213.74080000000004,178.55891666666668,155.3921166666667,112.25950000000012,64.39686666666663,22.56224999999995,-17.424066666666626,-52.83776666666669,-84.56241666666665,-116.98358333333331,-146.6606,-173.52025000000003,-201.02908333333318,-225.40611666666655,-244.00925000000007,-258.1624166666667,-272.6315333333333,-284.32098333333334,-289.3014666666668,-313.20881666666673,-346.93043333333344,-352.92088333333334,-348.0333333333333,-344.72636666666676,-335.06260000000003,-304.5517666666666,-264.5071833333333,-242.50754999999995,-223.07558333333327,-198.7593166666667,-177.35981666666672,-151.74029999999993,-120.03503333333325,-87.81445,-53.62486666666655,-16.255133333333408,23.78136666666675,67.3200166666667,112.0898666666667,154.26185,197.52351666666664,244.81403333333324,295.5346166666667,345.77750000000003,394.93148333333335,445.43165000000005,495.69658333333325,547.11905,599.9854333333333,635.4297499999999,660.8306833333334,702.0369333333333,738.0657833333332,775.9447166666666,826.0832499999999,762.4227999999999,636.9826166666667,641.1613,678.8305333333333,686.2684999999999,696.5043833333332,704.6342666666666,706.4840333333333,707.4064666666666,708.553,709.4468833333333,711.23245,711.6625,711.4450333333332,713.7040833333333,715.28415,715.22685,715.6530333333333,715.8689166666666,717.0051166666667,720.1603,717.0548666666666,720.4459666666667,738.1347166666666,671.6935666666666,560.4569833333333,551.5655666666667,568.8260499999999,563.6552166666667,564.4265333333333,566.7474333333332,566.5404333333333,567.83015,569.3586333333333,570.3301833333333,571.6153833333333,573.1768333333333,574.1209833333332
573.3077666666666,572.9965333333333,574.0505166666667,575.7406166666666,576.4712166666666,576.6400166666666,577.8597,577.9938666666667,577.82805,580.41545,582.5140166666666,583.0740499999999,584.2049166666666,585.4397833333333,586.1447499999999,586.3207666666666,586.4253,586.8496,587.8210166666667,589.5475666666666,590.8134666666666,590.2131166666666,591.0662666666666,593.3678333333332,593.6596833333333,592.7863833333333,593.3378666666666,596.6757666666666,597.78025,595.1624999999999,590.6065,589.4851833333333,578.4554499999999,550.32645,591.1401999999999,668.2538833333333,655.4553333333333,616.5040333333334,591.4544833333334,557.4868666666666,529.2397,502.4707166666667,455.4435666666667,410.06669999999997,356.99678333333327,283.36356666666666,320.6841166666666,418.4214499999999,381.9107833333333,309.5563499999999,264.61940000000004,213.74080000000004,178.55891666666668,155.3921166666667,112.25950000000012,64.39686666666663,22.56224999999995,-17.424066666666626,-52.83776666666669,-84.56241666666665,-116.98358333333331,-146.6606,-173.52025000000003,-201.02908333333318,-225.40611666666655,-244.00925000000007,-258.1624166666667,-272.6315333333333,-284.32098333333334,-289.3014666666668,-313.20881666666673,-346.93043333333344,-352.92088333333334,-348.0333333333333,-344.72636666666676,-335.06260000000003,-304.5517666666666,-264.5071833333333,-242.50754999999995,-223.07558333333327,-198.7593166666667,-177.35981666666672,-151.74029999999993,-120.03503333333325,-87.81445,-53.62486666666655,-16.255133333333408,23.78136666666675,67.3200166666667,112.0898666666667,154.26185,197.52351666666664,244.81403333333324,295.5346166666667,345.77750000000003,394.93148333333335,445.43165000000005,495.69658333333325,547.11905,599.9854333333333,635.4297499999999,660.8306833333334,702.0369333333333,738.0657833333332,775.9447166666666,826.0832499999999,762.4227999999999,636.9826166666667,641.1613,678.8305333333333,686.2684999999999,696.5043833333332,704.6342666666666,706.4840333333333,707.4064666666666,708.553,709.4468833333333,711.23245,711.6625,711.4450333333332,713.7040833333333,715.28415,715.22685,715.6530333333333,715.8689166666666,717.0051166666667,720.1603,717.0548666666666,720.4459666666667,738.1347166666666,671.6935666666666,560.4569833333333,551.5655666666667,568.8260499999999,563.6552166666667,564.4265333333333,566.7474333333332,566.5404333333333,567.83015,569.3586333333333,570.3301833333333,571.6153833333333,573.1768333333333,574.1209833333332
573.3077666666666,572.9965333333333,574.0505166666667,575.7406166666666,576.4712166666666,576.6400166666666,577.8597,577.9938666666667,577.82805,580.41545,582.5140166666666,583.0740499999999,584.2049166666666,585.4397833333333,586.1447499999999,586.3207666666666,586.4253,586.8496,587.8210166666667,589.5475666666666,590.8134666666666,590.2131166666666,591.0662666666666,593.3678333333332,593.6596833333333,592.7863833333333,593.3378666666666,596.6757666666666,597.78025,595.1624999999999,590.6065,589.4851833333333,578.4554499999999,550.32645,591.1401999999999,668.2538833333333,655.4553333333333,616.5040333333334,591.4544833333334,557.4868666666666,529.2397,502.4707166666667,455.4435666666667,410.06669999999997,356.99678333333327,283.36356666666666,320.6841166666666,418.4214499999999,381.9107833333333,309.5563499999999,264.61940000000004,213.74080000000004,178.55891666666668,155.3921166666667,112.25950000000012,64.39686666666663,22.56224999999995,-17.424066666666626,-52.83776666666669,-84.56241666666665,-116.98358333333331,-146.6606,-173.52025000000003,-201.02908333333318,-225.40611666666655,-244.00925000000007,-258.1624166666667,-272.6315333333333,-284.32098333333334,-289.3014666666668,-313.20881666666673,-346.93043333333344,-352.92088333333334,-348.0333333333333,-344.72636666666676,-335.06260000000003,-304.5517666666666,-264.5071833333333,-242.50754999999995,-223.07558333333327,-198.7593166666667,-177.35981666666672,-151.74029999999993,-120.03503333333325,-87.81445,-53.62486666666655,-16.255133333333408,23.78136666666675,67.3200166666667,112.0898666666667,154.26185,197.52351666666664,244.81403333333324,295.5346166666667,345.77750000000003,394.93148333333335,445.43165000000005,495.69658333333325,547.11905,599.9854333333333,635.4297499999999,660.8306833333334,702.0369333333333,738.0657833333332,775.9447166666666,826.0832499999999,762.4227999999999,636.9826166666667,641.1613,678.8305333333333,686.2684999999999,696.5043833333332,704.6342666666666,706.4840333333333,707.4064666666666,708.553,709.4468833333333,711.23245,711.6625,711.4450333333332,713.7040833333333,715.28415,715.22685,715.6530333333333,715.8689166666666,717.0051166666667,720.1603,717.0548666666666,720.4459666666667,738.1347166666666,671.6935666666666,560.4569833333333,551.5655666666667,568.8260499999999,563.6552166666667,564.4265333333333,566.7474333333332,566.5404333333333,567.83015,569.3586333333333,570.3301833333333,571.6153833333333,573.1768333333333,574.1209833333332
573.3077666666666,572.9965333333333,574.0505166666667,575.7406166666666,576.4712166666666,576.6400166666666,577.8597,577.9938666666667,577.82805,580.41545,582.5140166666666,583.0740499999999,584.2049166666666,585.4397833333333,586.1447499999999,586.3207666666666,586.4253,586.8496,587.8210166666667,589.5475666666666,590.8134666666666,590.2131166666666,591.0662666666666,593.3678333333332,593.6596833333333,592.7863833333333,593.3378666666666,596.6757666666666,597.78025,595.1624999999999,590.6065,589.4851833333333,578.4554499999999,550.32645,591.1401999999999,668.2538833333333,655.4553333333333,616.5040333333334,591.4544833333334,557.4868666666666,529.2397,502.4707166666667,455.4435666666667,410.06669999999997,356.99678333333327,283.36356666666666,320.6841166666666,418.4214499999999,381.9107833333333,309.5563499999999,264.61940000000004,213.74080000000004,178.55891666666668,155.3921166666667,112.25950000000012,64.39686666666663,22.56224999999995,-17.424066666666626,-52.83776666666669,-84.56241666666665,-116.98358333333331,-146.6606,-173.52025000000003,-201.02908333333318,-225.40611666666655,-244.00925000000007,-258.1624166666667,-272.6315333333333,-284.32098333333334,-289.3014666666668,-313.20881666666673,-346.93043333333344,-352.92088333333334,-348.0333333333333,-344.72636666666676,-335.06260000000003,-304.5517666666666,-264.5071833333333,-242.50754999999995,-223.07558333333327,-198.7593166666667,-177.35981666666672,-151.74029999999993,-120.03503333333325,-87.81445,-53.62486666666655,-16.255133333333408,23.78136666666675,67.3200166666667,112.0898666666667,154.26185,197.52351666666664,244.81403333333324,295.5346166666667,345.77750000000003,394.93148333333335,445.43165000000005,495.69658333333325,547.11905,599.9854333333333,635.4297499999999,660.8306833333334,702.0369333333333,738.0657833333332,775.9447166666666,826.0832499999999,762.4227999999999,636.9826166666667,641.1613,678.8305333333333,686.2684999999999,696.5043833333332,704.6342666666666,706.4840333333333,707.4064666666666,708.553,709.4468833333333,711.23245,711.6625,711.4450333333332,713.7040833333333,715.28415,715.22685,715.6530333333333,715.8689166666666,717.0051166666667,720.1603,717.0548666666666,720.4459666666667,738.1347166666666,671.6935666666666,560.4569833333333,551.5655666666667,568.8260499999999,563.6552166666667,564.4265333333333,566.7474333333332,566.5404333333333,567.83015,569.3586333333333,570.3301833333333,571.6153833333333,573.1768333333333,574.1209833333332
573.3077666666666,572.9965333333333,574.0505166666667,575.7406166666666,576.4712166666666,576.6400166666666,577.8597,577.9938666666667,577.82805,580.41545,582.5140166666666,583.0740499999999,584.2049166666666,585.4397833333333,586.1447499999999,586.3207666666666,586.4253,586.8496,587.8210166666667,589.5475666666666,590.8134666666666,590.2131166666666,591.0662666666666,593.3678333333332,593.6596833333333,592.7863833333333,593.3378666666666,596.6757666666666,597.78025,595.1624999999999,590.6065,589.4851833333333,578.4554499999999,550.32645,591.1401999999999,668.2538833333333,655.4553333333333,616.5040333333334,591.4544833333334,557.4868666666666,529.2397,502.4707166666667,455.4435666666667,410.06669999999997,356.99678333333327,283.36356666666666,320.6841166666666,418.4214499999999,381.9107833333333,309.5563499999999,264.61940000000004,213.74080000000004,178.55891666666668,155.3921166666667,112.25950000000012,64.39686666666663,22.56224999999995,-17.424066666666626,-52.83776666666669,-84.56241666666665,-116.98358333333331,-146.6606,-173.52025000000003,-201.02908333333318,-225.40611666666655,-244.00925000000007,-258.1624166666667,-272.6315333333333,-284.32098333333334,-289.3014666666668,-313.20881666666673,-346.93043333333344,-352.92088333333334,-348.0333333333333,-344.72636666666676,-335.06260000000003,-304.5517666666666,-264.5071833333333,-242.50754999999995,-223.07558333333327,-198.7593166666667,-177.35981666666672,-151.74029999999993,-120.03503333333325,-87.81445,-53.62486666666655,-16.255133333333408,23.78136666666675,67.3200166666667,112.0898666666667,154.26185,197.52351666666664,244.81403333333324,295.5346166666667,345.77750000000003,394.93148333333335,445.43165000000005,495.69658333333325,547.11905,599.9854333333333,635.4297499999999,660.8306833333334,702.0369333333333,738.0657833333332,775.9447166666666,826.0832499999999,762.4227999999999,636.9826166666667,641.1613,678.8305333333333,686.2684999999999,696.5043833333332,704.6342666666666,706.4840333333333,707.4064666666666,708.553,709.4468833333333,711.23245,711.6625,711.4450333333332,713.7040833333333,715.28415,715.22685,715.6530333333333,715.8689166666666,717.0051166666667,720.1603,717.0548666666666,720.4459666666667,738.1347166666666,671.6935666666666,560.4569833333333,551.5655666666667,568.8260499999999,563.6552166666667,564.4265333333333,566.7474333333332,566.5404333333333,567.83015,569.3586333333333,570.3301833333333,571.6153833333333,573.1768333333333,574.1209833333332
573.3077666666666,572.9965333333333,574.0505166666667,575.7406166666666,576.4712166666666,576.6400166666666,577.8597,577.9938666666667,577.82805,580.41545,582.5140166666666,583.0740499999999,584.2049166666666,585.4397833333333,586.1447499999999,586.3207666666666,586.4253,586.8496,587.8210166666667,589.5475666666666,590.8134666666666,590.2131166666666,591.0662666666666,593.3678333333332,593.6596833333333,592.7863833333333,593.3378666666666,596.6757666666666,597.78025,595.1624999999999,590.6065,589.4851833333333,578.4554499999999,550.32645,591.1401999999999,668.2538833333333,655.4553333333333,616.5040333333334,591.4544833333334,557.4868666666666,529.2397,502.4707166666667,455.4435666666667,410.06669999999997,356.99678333333327,283.36356666666666,320.6841166666666,418.4214499999999,381.9107833333333,309.5563499999999,264.61940000000004,213.74080000000004,178.55891666666668,155.3921166666667,112.25950000000012,64.39686666666663,22.56224999999995,-17.424066666666626,-52.83776666666669,-84.56241666666665,-116.98358333333331,-146.6606,-173.52025000000003,-201.02908333333318,-225.40611666666655,-244.00925000000007,-258.1624166666667,-272.6315333333333,-284.32098333333334,-289.3014666666668,-313.20881666666673,-346.93043333333344,-352.92088333333334,-348.0333333333333,-344.72636666666676,-335.06260000000003,-304.5517666666666,-264.5071833333333,-242.50754999999995,-223.07558333333327,-198.7593166666667,-177.35981666666672,-151.74029999999993,-120.03503333333325,-87.81445,-53.62486666666655,-16.255133333333408,23.78136666666675,67.3200166666667,112.0898666666667,154.26185,197.52351666666664,244.81403333333324,295.5346166666667,345.77750000000003,394.93148333333335,445.43165000000005,495.69658333333325,547.11905,599.9854333333333,635.4297499999999,660.8306833333334,702.0369333333333,738.0657833333332,775.9447166666666,826.0832499999999,762.4227999999999,636.9826166666667,641.1613,678.8305333333333,686.2684999999999,696.5043833333332,704.6342666666666,706.4840333333333,707.4064666666666,708.553,709.4468833333333,711.23245,711.6625,711.4450333333332,713.7040833333333,715.28415,715.22685,715.6530333333333,715.8689166666666,717.0051166666667,720.1603,717.0548666666666,720.4459666666667,738.1347166666666,671.6935666666666,560.4569833333333,551.5655666666667,568.8260499999999,563.6552166666667,564.4265333333333,566.7474333333332,566.5404333333333,567.83015,569.3586333333333,570.3301833333333,571.6153833333333,573.1768333333333,574.1209833333332
573.3077666666666,572.9965333333333,574.0505166666667,575.7406166666666,576.4712166666666,576.6400166666666,577.8597,577.9938666666667,577.82805,580.41545,582.5140166666666,583.0740499999999,584.2049166666666,585.4397833333333,586.1447499999999,586.3207666666666,586.4253,586.8496,587.8210166666667,589.5475666666666,590.8134666666666,590.2131166666666,591.0662666666666,593.3678333333332,593.6596833333333,592.7863833333333,593.3378666666666,596.6757666666666,597.78025,595.1624999999999,590.6065,589.4851833333333,578.4554499999999,550.32645,591.1401999999999,668.2538833333333,655.4553333333333,616.5040333333334,591.4544833333334,557.4868666666666,529.2397,502.4707166666667,455.4435666666667,410.06669999999997,356.99678333333327,283.36356666666666,320.6841166666666,418.4214499999999,381.9107833333333,309.5563499999999,264.61940000000004,213.74080000000004,178.55891666666668,155.3921166666667,112.25950000000012,64.39686666666663,22.56224999999995,-17.424066666666626,-52.83776666666669,-84.56241666666665,-116.98358333333331,-146.6606,-173.52025000000003,-201.02908333333318,-225.40611666666655,-244.00925000000007,-258.1624166666667,-272.6315333333333,-284.32098333333334,-289.3014666666668,-313.20881666666673,-346.93043333333344,-352.92088333333334,-348.0333333333333,-344.72636666666676,-335.06260000000003,-304.5517666666666,-264.5071833333333,-242.50754999999995,-223.07558333333327,-198.7593166666667,-177.35981666666672,-151.74029999999993,-120.03503333333325,-87.81445,-53.62486666666655,-16.255133333333408,23.78136666666675,67.3200166666667,112.0898666666667,154.26185,197.52351666666664,244.81403333333324,295.5346166666667,345.77750000000003,394.93148333333335,445.43165000000005,495.69658333333325,547.11905,599.9854333333333,635.4297499999999,660.8306833333334,702.0369333333333,738.0657833333332,775.9447166666666,826.0832499999999,762.4227999999999,636.9826166666667,641.1613,678.8305333333333,686.2684999999999,696.5043833333332,704.6342666666666,706.4840333333333,707.4064666666666,708.553,709.4468833333333,711.23245,711.6625,711.4450333333332,713.7040833333333,715.28415,715.22685,715.6530333333333,715.8689166666666,717.0051166666667,720.1603,717.0548666666666,720.4459666666667,738.1347166666666,671.6935666666666,560.4569833333333,551.5655666666667,568.8260499999999,563.6552166666667,564.4265333333333,566.7474333333332,566.5404333333333,567.83015,569.3586333333333,570.3301833333333,571.6153833333333,573.1768333333333,574.1209833333332
573.3077666666666,572.9965333333333,574.0505166666667,575.7406166666666,576.4712166666666,576.6400166666666,577.8597,577.9938666666667,577.82805,580.41545,582.5140166666666,583.0740499999999,584.2049166666666,585.4397833333333,586.1447499999999,586.3207666666666,586.4253,586.8496,587.8210166666667,589.5475666666666,590.8134666666666,590.2131166666666,591.0662666666666,593.3678333333332,593.6596833333333,592.7863833333333,593.3378666666666,596.6757666666666,597.78025,595.1624999999999,590.6065,589.4851833333333,578.4554499999999,550.32645,591.1401999999999,668.2538833333333,655.4553333333333,616.5040333333334,591.4544833333334,557.4868666666666,529.2397,502.4707166666667,455.4435666666667,410.06669999999997,356.99678333333327,283.36356666666666,320.6841166666666,418.4214499999999,381.9107833333333,309.5563499999999,264.61940000000004,213.74080000000004,178.55891666666668,155.3921166666667,112.25950000000012,64.39686666666663,22.56224999999995,-17.424066666666626,-52.83776666666669,-84.56241666666665,-116.98358333333331,-146.6606,-173.52025000000003,-201.02908333333318,-225.40611666666655,-244.00925000000007,-258.1624166666667,-272.6315333333333,-284.32098333333334,-289.3014666666668,-313.20881666666673,-346.93043333333344,-352.92088333333334,-348.0333333333333,-344.72636666666676,-335.06260000000003,-304.5517666666666,-264.5071833333333,-242.50754999999995,-223.07558333333327,-198.7593166666667,-177.35981666666672,-151.74029999999993,-120.03503333333325,-87.81445,-53.62486666666655,-16.255133333333408,23.78136666666675,67.3200166666667,112.0898666666667,154.26185,197.52351666666664,244.81403333333324,295.5346166666667,345.77750000000003,394.93148333333335,445.43165000000005,495.69658333333325,547.11905,599.9854333333333,635.4297499999999,660.8306833333334,702.0369333333333,738.0657833333332,775.9447166666666,826.0832499999999,762.4227999999999,636.9826166666667,641.1613,678.8305333333333,686.2684999999999,696.5043833333332,704.6342666666666,706.4840333333333,707.4064666666666,708.553,709.4468833333333,711.23245,711.6625,711.4450333333332,713.7040833333333,715.28415,715.22685,715.6530333333333,715.8689166666666,717.0051166666667,720.1603,717.0548666666666,720.4459666666667,738.1347166666666,671.6935666666666,560.4569833333333,551.5655666666667,568.8260499999999,563.6552166666667,564.4265333333333,566.7474333333332,566.5404333333333,567.83015,569.3586333333333,570.3301833333333,571.6153833333333,573.1768333333333,574.1209833333332
573.3077666666666,572.9965333333333,574.0505166666667,575.7406166666666,576.4712166666666,576.6400166666666,577.8597,577.9938666666667,577.82805,580.41545,582.5140166666666,583.0740499999999,584.2049166666666,585.4397833333333,586.1447499999999,586.3207666666666,586.4253,586.8496,587.8210166666667,589.5475666666666,590.8134666666666,590.2131166666666,591.0662666666666,593.3678333333332,593.6596833333333,592.7863833333333,593.3378666666666,596.6757666666666,597.78025,595.1624999999999,590.6065,589.4851833333333,578.4554499999999,550.32645,591.1401999999999,668.2538833333333,655.4553333333333,616.5040333333334,591.4544833333334,557.4868666666666,529.2397,502.4707166666667,455.4435666666667,410.06669999999997,356.99678333333327,283.36356666666666,320.6841166666666,418.4214499999999,381.9107833333333,309.5563499999999,264.61940000000004,213.74080000000004,178.55891666666668,155.3921166666667,112.25950000000012,64.39686666666663,22.56224999999995,-17.424066666666626,-52.83776666666669,-84.56241666666665,-116.98358333333331,-146.6606,-173.52025000000003,-201.02908333333318,-225.40611666666655,-244.00925000000007,-258.1624166666667,-272.6315333333333,-284.32098333333334,-289.3014666666668,-313.20881666666673,-346.93043333333344,-352.92088333333334,-348.0333333333333,-344.72636666666676,-335.06260000000003,-304.5517666666666,-264.5071833333333,-242.50754999999995,-223.07558333333327,-198.7593166666667,-177.35981666666672,-151.74029999999993,-120.03503333333325,-87.81445,-53.62486666666655,-16.255133333333408,23.78136666666675,67.3200166666667,112.0898666666667,154.26185,197.52351666666664,244.81403333333324,295.5346166666667,345.77750000000003,394.93148333333335,445.43165000000005,495.69658333333325,547.11905,599.9854333333333,635.4297499999999,660.8306833333334,702.0369333333333,738.0657833333332,775.9447166666666,826.0832499999999,762.4227999999999,636.9826166666667,641.1613,678.8305333333333,686.2684999999999,696.5043833333332,704.6342666666666,706.4840333333333,707.4064666666666,708.553,709.4468833333333,711.23245,711.6625,711.4450333333332,713.7040833333333,715.28415,715.22685,715.6530333333333,715.8689166666666,717.0051166666667,720.1603,717.0548666666666,720.4459666666667,738.1347166666666,671.6935666666666,560.4569833333333,551.5655666666667,568.8260499999999,563.6552166666667,564.4265333333333,566.7474333333332,566.5404333333333,567.83015,569.3586333333333,570.3301833333333,571.6153833333333,573.1768333333333,574.1209833333332
573.3077666666666,572.9965333333333,574.0505166666667,575.7406166666666,576.4712166666666,576.6400166666666,577.8597,577.9938666666667,577.82805,580.41545,582.5140166666666,583.0740499999999,584.2049166666666,585.4397833333333,586.1447499999999,586.3207666666666,586.4253,586.8496,587.8210166666667,589.5475666666666,590.8134666666666,590.2131166666666,591.0662666666666,593.3678333333332,593.6596833333333,592.7863833333333,593.3378666666666,596.6757666666666,597.78025,595.1624999999999,590.6065,589.4851833333333,578.4554499999999,550.32645,591.1401999999999,668.2538833333333,655.4553333333333,616.5040333333334,591.4544833333334,557.4868666666666,529.2397,502.4707166666667,455.4435666666667,410.06669999999997,356.99678333333327,283.36356666666666,320.6841166666666,418.4214499999999,381.9107833333333,309.5563499999999,264.61940000000004,213.74080000000004,178.55891666666668,155.3921166666667,112.25950000000012,64.39686666666663,22.56224999999995,-17.424066666666626,-52.83776666666669,-84.56241666666665,-116.98358333333331,-146.6606,-173.52025000000003,-201.02908333333318,-225.40611666666655,-244.00925000000007,-258.1624166666667,-272.6315333333333,-284.32098333333334,-289.3014666666668,-313.20881666666673,-346.93043333333344,-352.92088333333334,-348.0333333333333,-344.72636666666676,-335.06260000000003,-304.5517666666666,-264.5071833333333,-242.50754999999995,-223.07558333333327,-198.7593166666667,-177.35981666666672,-151.74029999999993,-120.03503333333325,-87.81445,-53.62486666666655,-16.255133333333408,23.78136666666675,67.3200166666667,112.0898666666667,154.26185,197.52351666666664,244.81403333333324,295.5346166666667,345.77750000000003,394.93148333333335,445.43165000000005,495.69658333333325,547.11905,599.9854333333333,635.4297499999999,660.8306833333334,702.0369333333333,738.0657833333332,775.9447166666666,826.0832499999999,762.4227999999999,636.9826166666667,641.1613,678.8305333333333,686.2684999999999,696.5043833333332,704.6342666666666,706.4840333333333,707.4064666666666,708.553,709.4468833333333,711.23245,711.6625,711.4450333333332,713.7040833333333,715.28415,715.22685,715.6530333333333,715.8689166666666,717.0051166666667,720.1603,717.0548666666666,720.4459666666667,738.1347166666666,671.6935666666666,560.4569833333333,551.5655666666667,568.8260499999999,563.6552166666667,564.4265333333333,566.7474333333332,566.5404333333333,567.83015,569.3586333333333,570.3301833333333,571.6153833333333,573.1768333333333,574.1209833333332
573.3077666666666,572.9965333333333,574.0505166666667,575.7406166666666,576.4712166666666,576.6400166666666,577.8597,577.9938666666667,577.82805,580.41545,582.5140166666666,583.0740499999999,584.2049166666666,585.4397833333333,586.1447499999999,586.3207666666666,586.4253,586.8496,587.8210166666667,589.5475666666666,590.8134666666666,590.2131166666666,591.0662666666666,593.3678333333332,593.6596833333333,592.7863833333333,593.3378666666666,596.6757666666666,597.78025,595.1624999999999,590.6065,589.4851833333333,578.4554499999999,550.32645,591.1401999999999,668.2538833333333,655.4553333333333,616.5040333333334,591.4544833333334,557.4868666666666,529.2397,502.4707166666667,455.4435666666667,410.06669999999997,356.99678333333327,283.36356666666666,320.6841166666666,418.4214499999999,381.9107833333333,309.5563499999999,264.61940000000004,213.74080000000004,178.55891666666668,155.3921166666667,112.25950000000012,64.39686666666663,22.56224999999995,-17.424066666666626,-52.83776666666669,-84.56241666666665,-116.98358333333331,-146.6606,-173.52025000000003,-201.02908333333318,-225.40611666666655,-244.00925000000007,-258.1624166666667,-272.6315333333333,-284.32098333333334,-289.3014666666668,-313.20881666666673,-346.93043333333344,-352.92088333333334,-348.0333333333333,-344.72636666666676,-335.06260000000003,-304.5517666666666,-264.5071833333333,-242.50754999999995,-223.07558333333327,-198.7593166666667,-177.35981666666672,-151.74029999999993,-120.03503333333325,-87.81445,-53.62486666666655,-16.255133333333408,23.78136666666675,67.3200166666667,112.0898666666667,154.26185,197.52351666666664,244.81403333333324,295.5346166666667,345.77750000000003,394.93148333333335,445.43165000000005,495.69658333333325,547.11905,599.9854333333333,635.4297499999999,660.8306833333334,702.0369333333333,738.0657833333332,775.9447166666666,826.0832499999999,762.4227999999999,636.9826166666667,641.1613,678.8305333333333,686.2684999999999,696.5043833333332,704.6342666666666,706.4840333333333,707.4064666666666,708.553,709.4468833333333,711.23245,711.6625,711.4450333333332,713.7040833333333,715.28415,715.22685,715.6530333333333,715.8689166666666,717.0051166666667,720.1603,717.0548666666666,720.4459666666667,738.1347166666666,671.6935666666666,560.4569833333333,551.5655666666667,568.8260499999999,563.6552166666667,564.4265333333333,566.7474333333332,566.5404333333333,567.83015,569.3586333333333,570.3301833333333,571.6153833333333,573.1768333333333,574.1209833333332
573.3077666666666,572.9965333333333,574.0505166666667,575.7406166666666,576.4712166666666,576.6400166666666,577.8597,577.9938666666667,577.82805,580.41545,582.5140166666666,583.0740499999999,584.2049166666666,585.4397833333333,586.1447499999999,586.3207666666666,586.4253,586.8496,587.8210166666667,589.5475666666666,590.8134666666666,590.2131166666666,591.0662666666666,593.3678333333332,593.6596833333333,592.7863833333333,593.3378666666666,596.6757666666666,597.78025,595.1624999999999,590.6065,589.4851833333333,578.4554499999999,550.32645,591.1401999999999,668.2538833333333,655.4553333333333,616.5040333333334,591.4544833333334,557.4868666666666,529.2397,502.4707166666667,455.4435666666667,410.06669999999997,356.99678333333327,283.36356666666666,320.6841166666666,418.4214499999999,381.9107833333333,309.5563499999999,264.61940000000004,213.74080000000004,178.55891666666668,155.3921166666667,112.25950000000012,64.39686666666663,22.56224999999995,-17.424066666666626,-52.83776666666669,-84.56241666666665,-116.98358333333331,-146.6606,-173.52025000000003,-201.02908333333318,-225.40611666666655,-244.00925000000007,-258.1624166666667,-272.6315333333333,-284.32098333333334,-289.3014666666668,-313.20881666666673,-346.93043333333344,-352.92088333333334,-348.0333333333333,-344.72636666666676,-335.06260000000003,-304.5517666666666,-264.5071833333333,-242.50754999999995,-223.07558333333327,-198.7593166666667,-177.35981666666672,-151.74029999999993,-120.03503333333325,-87.81445,-53.62486666666655,-16.255133333333408,23.78136666666675,67.3200166666667,112.0898666666667,154.26185,197.52351666666664,244.81403333333324,295.5346166666667,345.77750000000003,394.93148333333335,445.43165000000005,495.69658333333325,547.11905,599.9854333333333,635.4297499999999,660.8306833333334,702.0369333333333,738.0657833333332,775.9447166666666,826.0832499999999,762.4227999999999,636.9826166666667,641.1613,678.8305333333333,686.2684999999999,696.5043833333332,704.6342666666666,706.4840333333333,707.4064666666666,708.553,709.4468833333333,711.23245,711.6625,711.4450333333332,713.7040833333333,715.28415,715.22685,715.6530333333333,715.8689166666666,717.0051166666667,720.1603,717.0548666666666,720.4459666666667,738.1347166666666,671.6935666666666,560.4569833333333,551.5655666666667,568.8260499999999,563.6552166666667,564.4265333333333,566.7474333333332,566.5404333333333,567.83015,569.3586333333333,570.3301833333333,571.6153833333333,573.1768333333333,574.1209833333332
573.3077666666666,572.9965333333333,574.0505166666667,575.7406166666666,576.4712166666666,576.6400166666666,577.8597,577.9938666666667,577.82805,580.41545,582.5140166666666,583.0740499999999,584.2049166666666,585.4397833333333,586.1447499999999,586.3207666666666,586.4253,586.8496,587.8210166666667,589.5475666666666,590.8134666666666,590.2131166666666,591.0662666666666,593.3678333333332,593.6596833333333,592.7863833333333,593.3378666666666,596.6757666666666,597.78025,595.1624999999999,590.6065,589.4851833333333,578.4554499999999,550.32645,591.1401999999999,668.2538833333333,655.4553333333333,616.5040333333334,591.4544833333334,557.4868666666666,529.2397,502.4707166666667,455.4435666666667,410.06669999999997,356.99678333333327,283.36356666666666,320.6841166666666,418.4214499999999,381.9107833333333,309.5563499999999,264.61940000000004,213.74080000000004,178.55891666666668,155.3921166666667,112.25950000000012,64.39686666666663,22.56224999999995,-17.424066666666626,-52.83776666666669,-84.56241666666665,-116.98358333333331,-146.6606,-173.52025000000003,-201.02908333333318,-225.40611666666655,-244.00925000000007,-258.1624166666667,-272.6315333333333,-284.32098333333334,-289.3014666666668,-313.20881666666673,-346.93043333333344,-352.92088333333334,-348.0333333333333,-344.72636666666676,-335.06260000000003,-304.5517666666666,-264.5071833333333,-242.50754999999995,-223.07558333333327,-198.7593166666667,-177.35981666666672,-151.74029999999993,-120.03503333333325,-87.81445,-53.62486666666655,-16.255133333333408,23.78136666666675,67.3200166666667,112.0898666666667,154.26185,197.52351666666664,244.81403333333324,295.5346166666667,345.77750000000003,394.93148333333335,445.43165000000005,495.69658333333325,547.11905,599.9854333333333,635.4297499999999,660.8306833333334,702.0369333333333,738.0657833333332,775.9447166666666,826.0832499999999,762.4227999999999,636.9826166666667,641.1613,678.8305333333333,686.2684999999999,696.5043833333332,704.6342666666666,706.4840333333333,707.4064666666666,708.553,709.4468833333333,711.23245,711.6625,711.4450333333332,713.7040833333333,715.28415,715.22685,715.6530333333333,715.8689166666666,717.0051166666667,720.1603,717.0548666666666,720.4459666666667,738.1347166666666,671.6935666666666,560.4569833333333,551.5655666666667,568.8260499999999,563.6552166666667,564.4265333333333,566.7474333333332,566.5404333333333,567.83015,569.3586333333333,570.3301833333333,571.6153833333333,573.1768333333333,574.1209833333332
573.3077666666666,572.9965333333333,574.0505166666667,575.7406166666666,576.4712166666666,576.6400166666666,577.8597,577.9938666666667,577.82805,580.41545,582.5140166666666,583.0740499999999,584.2049166666666,585.4397833333333,586.1447499999999,586.3207666666666,586.4253,586.8496,587.8210166666667,589.5475666666666,590.8134666666666,590.2131166666666,591.0662666666666,593.3678333333332,593.6596833333333,592.7863833333333,593.3378666666666,596.6757666666666,597.78025,595.1624999999999,590.6065,589.4851833333333,578.4554499999999,550.32645,591.1401999999999,668.2538833333333,655.4553333333333,616.5040333333334,591.4544833333334,557.4868666666666,529.2397,502.4707166666667,455.4435666666667,410.06669999999997,356.99678333333327,283.36356666666666,320.6841166666666,418.4214499999999,381.9107833333333,309.5563499999999,264.61940000000004,213.74080000000004,178.55891666666668,155.3921166666667,112.25950000000012,64.39686666666663,22.56224999999995,-17.424066666666626,-52.83776666666669,-84.56241666666665,-116.98358333333331,-146.6606,-173.52025000000003,-201.02908333333318,-225.40611666666655,-244.00925000000007,-258.1624166666667,-272.6315333333333,-284.32098333333334,-289.3014666666668,-313.20881666666673,-346.93043333333344,-352.92088333333334,-348.0333333333333,-344.72636666666676,-335.06260000000003,-304.5517666666666,-264.5071833333333,-242.50754999999995,-223.07558333333327,-198.7593166666667,-177.35981666666672,-151.74029999999993,-120.03503333333325,-87.81445,-53.62486666666655,-16.255133333333408,23.78136666666675,67.3200166666667,112.0898666666667,154.26185,197.52351666666664,244.81403333333324,295.5346166666667,345.77750000000003,394.93148333333335,445.43165000000005,495.69658333333325,547.11905,599.9854333333333,635.4297499999999,660.8306833333334,702.0369333333333,738.0657833333332,775.9447166666666,826.0832499999999,762.4227999999999,636.9826166666667,641.1613,678.8305333333333,686.2684999999999,696.5043833333332,704.6342666666666,706.4840333333333,707.4064666666666,708.553,709.4468833333333,711.23245,711.6625,711.4450333333332,713.7040833333333,715.28415,715.22685,715.6530333333333,715.8689166666666,717.0051166666667,720.1603,717.0548666666666,720.4459666666667,738.1347166666666,671.6935666666666,560.4569833333333,551.5655666666667,568.8260499999999,563.6552166666667,564.4265333333333,566.7474333333332,566.5404333333333,567.83015,569.3586333333333,570.3301833333333,571.6153833333333,573.1768333333333,574.1209833333332
573.3077666666666,572.9965333333333,574.0505166666667,575.7406166666666,576.4712166666666,576.6400166666666,577.8597,577.9938666666667,577.82805,580.41545,582.5140166666666,583.0740499999999,584.2049166666666,585.4397833333333,586.1447499999999,586.3207666666666,586.4253,586.8496,587.8210166666667,589.5475666666666,590.8134666666666,590.2131166666666,591.0662666666666,593.3678333333332,593.6596833333333,592.7863833333333,593.3378666666666,596.6757666666666,597.78025,595.1624999999999,590.6065,589.4851833333333,578.4554499999999,550.32645,591.1401999999999,668.2538833333333,655.4553333333333,616.5040333333334,591.4544833333334,557.4868666666666,529.2397,502.4707166666667,455.4435666666667,410.06669999999997,356.99678333333327,283.36356666666666,320.6841166666666,418.4214499999999,381.9107833333333,309.5563499999999,264.61940000000004,213.74080000000004,178.55891666666668,155.3921166666667,112.25950000000012,64.39686666666663,22.56224999999995,-17.424066666666626,-52.83776666666669,-84.56241666666665,-116.98358333333331,-146.6606,-173.52025000000003,-201.02908333333318,-225.40611666666655,-244.00925000000007,-258.1624166666667,-272.6315333333333,-284.32098333333334,-289.3014666666668,-313.20881666666673,-346.93043333333344,-352.92088333333334,-348.0333333333333,-344.72636666666676,-335.06260000000003,-304.5517666666666,-264.5071833333333,-242.50754999999995,-223.07558333333327,-198.7593166666667,-177.35981666666672,-151.74029999999993,-120.03503333333325,-87.81445,-53.62486666666655,-16.255133333333408,23.78136666666675,67.3200166666667,112.0898666666667,154.26185,197.52351666666664,244.81403333333324,295.5346166666667,345.77750000000003,394.93148333333335,445.43165000000005,495.69658333333325,547.11905,599.9854333333333,635.4297499999999,660.8306833333334,702.0369333333333,738.0657833333332,775.9447166666666,826.0832499999999,762.4227999999999,636.9826166666667,641.1613,678.8305333333333,686.2684999999999,696.5043833333332,704.6342666666666,706.4840333333333,707.4064666666666,708.553,709.4468833333333,711.23245,711.6625,711.4450333333332,713.7040833333333,715.28415,715.22685,715.6530333333333,715.8689166666666,717.0051166666667,720.1603,717.0548666666666,720.4459666666667,738.1347166666666,671.6935666666666,560.4569833333333,551.5655666666667,568.8260499999999,563.6552166666667,564.4265333333333,566.7474333333332,566.5404333333333,567.83015,569.3586333333333,570.3301833333333,571.6153833333333,573.1768333333333,574.1209833333332
573.3077666666666,572.9965333333333,574.0505166666667,575.7406166666666,576.4712166666666,576.6400166666666,577.8597,577.9938666666667,577.82805,580.41545,582.5140166666666,583.0740499999999,584.2049166666666,585.4397833333333,586.1447499999999,586.3207666666666,586.4253,586.8496,587.8210166666667,589.5475666666666,590.8134666666666,590.2131166666666,591.0662666666666,593.3678333333332,593.6596833333333,592.7863833333333,593.3378666666666,596.6757666666666,597.78025,595.1624999999999,590.6065,589.4851833333333,578.4554499999999,550.32645,591.1401999999999,668.2538833333333,655.4553333333333,616.5040333333334,591.4544833333334,557.4868666666666,529.2397,502.4707166666667,455.4435666666667,410.06669999999997,356.99678333333327,283.36356666666666,320.6841166666666,418.4214499999999,381.9107833333333,309.5563499999999,264.61940000000004,213.74080000000004,178.55891666666668,155.3921166666667,112.25950000000012,64.39686666666663,22.56224999999995,-17.424066666666626,-52.83776666666669,-84.56241666666665,-116.98358333333331,-146.6606,-173.52025000000003,-201.02908333333318,-225.40611666666655,-244.00925000000007,-258.1624166666667,-272.6315333333333,-284.32098333333334,-289.3014666666668,-313.20881666666673,-346.93043333333344,-352.92088333333334,-348.0333333333333,-344.72636666666676,-335.06260000000003,-304.5517666666666,-264.5071833333333,-242.50754999999995,-223.07558333333327,-198.7593166666667,-177.35981666666672,-151.74029999999993,-120.03503333333325,-87.81445,-53.62486666666655,-16.255133333333408,23.78136666666675,67.3200166666667,112.0898666666667,154.26185,197.52351666666664,244.81403333333324,295.5346166666667,345.77750000000003,394.93148333333335,445.43165000000005,495.69658333333325,547.11905,599.9854333333333,635.4297499999999,660.8306833333334,702.0369333333333,738.0657833333332,775.9447166666666,826.0832499999999,762.4227999999999,636.9826166666667,641.1613,678.8305333333333,686.2684999999999,696.5043833333332,704.6342666666666,706.4840333333333,707.4064666666666,708.553,709.4468833333333,711.23245,711.6625,711.4450333333332,713.7040833333333,715.28415,715.22685,715.6530333333333,715.8689166666666,717.0051166666667,720.1603,717.0548666666666,720.4459666666667,738.1347166666666,671.6935666666666,560.4569833333333,551.5655666666667,568.8260499999999,563.6552166666667,564.4265333333333,566.7474333333332,566.5404333333333,567.83015,569.3586333333333,570.3301833333333,571.6153833333333,573.1768333333333,574.1209833333332
573.3077666666666,572.9965333333333,574.0505166666667,575.7406166666666,576.4712166666666,576.6400166666666,577.8597,577.9938666666667,577.82805,580.41545,582.5140166666666,583.0740499999999,584.2049166666666,585.4397833333333,586.1447499999999,586.3207666666666,586.4253,586.8496,587.8210166666667,589.5475666666666,590.8134666666666,590.2131166666666,591.0662666666666,593.3678333333332,593.6596833333333,592.7863833333333,593.3378666666666,596.6757666666666,597.78025,595.1624999999999,590.6065,589.4851833333333,578.4554499999999,550.32645,591.1401999999999,668.2538833333333,655.4553333333333,616.5040333333334,591.4544833333334,557.4868666666666,529.2397,502.4707166666667,455.4435666666667,410.06669999999997,356.99678333333327,283.36356666666666,320.6841166666666,418.4214499999999,381.9107833333333,309.5563499999999,264.61940000000004,213.74080000000004,178.55891666666668,155.3921166666667,112.25950000000012,64.39686666666663,22.56224999999995,-17.424066666666626,-52.83776666666669,-84.56241666666665,-116.98358333333331,-146.6606,-173.52025000000003,-201.02908333333318,-225.40611666666655,-244.00925000000007,-258.1624166666667,-272.6315333333333,-284.32098333333334,-289.3014666666668,-313.20881666666673,-346.93043333333344,-352.92088333333334,-348.0333333333333,-344.72636666666676,-335.06260000000003,-304.5517666666666,-264.5071833333333,-242.50754999999995,-223.07558333333327,-198.7593166666667,-177.35981666666672,-151.74029999999993,-120.03503333333325,-87.81445,-53.62486666666655,-16.255133333333408,23.78136666666675,67.3200166666667,112.0898666666667,154.26185,197.52351666666664,244.81403333333324,295.5346166666667,345.77750000000003,394.93148333333335,445.43165000000005,495.69658333333325,547.11905,599.9854333333333,635.4297499999999,660.8306833333334,702.0369333333333,738.0657833333332,775.9447166666666,826.0832499999999,762.4227999999999,636.9826166666667,641.1613,678.8305333333333,686.2684999999999,696.5043833333332,704.6342666666666,706.4840333333333,707.4064666666666,708.553,709.4468833333333,711.23245,711.6625,711.4450333333332,713.7040833333333,715.28415,715.22685,715.6530333333333,715.8689166666666,717.0051166666667,720.1603,717.0548666666666,720.4459666666667,738.1347166666666,671.6935666666666,560.4569833333333,551.5655666666667,568.8260499999999,563.6552166666667,564.4265333333333,566.7474333333332,566.5404333333333,567.83015,569.3586333333333,570.3301833333333,571.6153833333333,573.1768333333333,574.1209833333332
573.3077666666666,572.9965333333333,574.0505166666667,575.7406166666666,576.4712166666666,576.6400166666666,577.8597,577.9938666666667,577.82805,580.41545,582.5140166666666,583.0740499999999,584.2049166666666,585.4397833333333,586.1447499999999,586.3207666666666,586.4253,586.8496,587.8210166666667,589.5475666666666,590.8134666666666,590.2131166666666,591.0662666666666,593.3678333333332,593.6596833333333,592.7863833333333,593.3378666666666,596.6757666666666,597.78025,595.1624999999999,590.6065,589.4851833333333,578.4554499999999,550.32645,591.1401999999999,668.2538833333333,655.4553333333333,616.5040333333334,591.4544833333334,557.4868666666666,529.2397,502.4707166666667,455.4435666666667,410.06669999999997,356.99678333333327,283.36356666666666,320.6841166666666,418.4214499999999,381.9107833333333,309.5563499999999,264.61940000000004,213.74080000000004,178.55891666666668,155.3921166666667,112.25950000000012,64.39686666666663,22.56224999999995,-17.424066666666626,-52.83776666666669,-84.56241666666665,-116.98358333333331,-146.6606,-173.52025000000003,-201.02908333333318,-225.40611666666655,-244.00925000000007,-258.1624166666667,-272.6315333333333,-284.32098333333334,-289.3014666666668,-313.20881666666673,-346.93043333333344,-352.92088333333334,-348.0333333333333,-344.72636666666676,-335.06260000000003,-304.5517666666666,-264.5071833333333,-242.50754999999995,-223.07558333333327,-198.7593166666667,-177.35981666666672,-151.74029999999993,-120.03503333333325,-87.81445,-53.62486666666655,-16.255133333333408,23.78136666666675,67.3200166666667,112.0898666666667,154.26185,197.52351666666664,244.81403333333324,295.5346166666667,345.77750000000003,394.93148333333335,445.43165000000005,495.69658333333325,547.11905,599.9854333333333,635.4297499999999,660.8306833333334,702.0369333333333,738.0657833333332,775.9447166666666,826.0832499999999,762.4227999999999,636.9826166666667,641.1613,678.8305333333333,686.2684999999999,696.5043833333332,704.6342666666666,706.4840333333333,707.4064666666666,708.553,709.4468833333333,711.23245,711.6625,711.4450333333332,713.7040833333333,715.28415,715.22685,715.6530333333333,715.8689166666666,717.0051166666667,720.1603,717.0548666666666,720.4459666666667,738.1347166666666,671.6935666666666,560.4569833333333,551.5655666666667,568.8260499999999,563.6552166666667,564.4265333333333,566.7474333333332,566.5404333333333,567.83015,569.3586333333333,570.3301833333333,571.6153833333333,573.1768333333333,574.1209833333332
573.3077666666666,572.9965333333333,574.0505166666667,575.7406166666666,576.4712166666666,576.6400166666666,577.8597,577.9938666666667,577.82805,580.41545,582.5140166666666,583.0740499999999,584.2049166666666,585.4397833333333,586.1447499999999,586.3207666666666,586.4253,586.8496,587.8210166666667,589.5475666666666,590.8134666666666,590.2131166666666,591.0662666666666,593.3678333333332,593.6596833333333,592.7863833333333,593.3378666666666,596.6757666666666,597.78025,595.1624999999999,590.6065,589.4851833333333,578.4554499999999,550.32645,591.1401999999999,668.2538833333333,655.4553333333333,616.5040333333334,591.4544833333334,557.4868666666666,529.2397,502.4707166666667,455.4435666666667,410.06669999999997,356.99678333333327,283.36356666666666,320.6841166666666,418.4214499999999,381.9107833333333,309.5563499999999,264.61940000000004,213.74080000000004,178.55891666666668,155.3921166666667,112.25950000000012,64.39686666666663,22.56224999999995,-17.424066666666626,-52.83776666666669,-84.56241666666665,-116.98358333333331,-146.6606,-173.52025000000003,-201.02908333333318,-225.40611666666655,-244.00925000000007,-258.1624166666667,-272.6315333333333,-284.32098333333334,-289.3014666666668,-313.20881666666673,-346.93043333333344,-352.92088333333334,-348.0333333333333,-344.72636666666676,-335.06260000000003,-304.5517666666666,-264.5071833333333,-242.50754999999995,-223.07558333333327,-198.7593166666667,-177.35981666666672,-151.74029999999993,-120.03503333333325,-87.81445,-53.62486666666655,-16.255133333333408,23.78136666666675,67.3200166666667,112.0898666666667,154.26185,197.52351666666664,244.81403333333324,295.5346166666667,345.77750000000003,394.93148333333335,445.43165000000005,495.69658333333325,547.11905,599.9854333333333,635.4297499999999,660.8306833333334,702.0369333333333,738.0657833333332,775.9447166666666,826.0832499999999,762.4227999999999,636.9826166666667,641.1613,678.8305333333333,686.2684999999999,696.5043833333332,704.6342666666666,706.4840333333333,707.4064666666666,708.553,709.4468833333333,711.23245,711.6625,711.4450333333332,713.7040833333333,715.28415,715.22685,715.6530333333333,715.8689166666666,717.0051166666667,720.1603,717.0548666666666,720.4459666666667,738.1347166666666,671.6935666666666,560.4569833333333,551.5655666666667,568.8260499999999,563.6552166666667,564.4265333333333,566.7474333333332,566.5404333333333,567.83015,569.3586333333333,570.3301833333333,571.6153833333333,573.1768333333333,574.1209833333332
552.7136208333333,559.5067458333333,598.1470833333333,600.9338666666667,599.1607291666667,605.4604166666667,617.90645,628.9810166666667,642.7062500000001,635.7143,630.521575,645.6641666666667,637.5736708333334,632.8208291666666,643.12625,663.4357125,682.4955,703.4016666666666,693.5151791666667,687.2308791666667,685.2099999999999,681.3745,687.0222166666666,715.9883333333332,732.3242416666666,731.4766374999999,695.09,743.1827833333332,745.4360166666665,726.1595833333333,727.8232208333333,739.4962916666667,740.2879166666667,757.6223833333333,766.2428541666666,770.6691666666666,788.7543041666665,804.4881708333332,758.6075000000001,761.2476583333331,794.0154166666666,806.144375,760.8031833333332,690.3894250000001,645.8063541666667,591.2474583333334,553.9691541666665,537.7995833333332,492.89476666666667,387.27843333333317,308.99166666666656,272.2400083333333,299.8310375,290.77385416666664,212.02964583333323,151.40359999999987,81.03083333333342,29.476387499999873,-52.776829166666516,-149.72416666666675,-172.91902500000003,-198.2289,-233.97906249999994,-234.65716250000003,-242.58921666666663,-281.1244791666665,-288.4411791666664,-288.02716666666663,-303.2342708333333,-346.75911666666684,-343.71979583333336,-362.24041666666653,-384.55677499999996,-393.4617000000001,-356.0930208333332,-328.3405999999999,-291.7896208333333,-293.45718749999986,-289.2063083333334,-279.12807083333325,-271.29166666666663,-243.68145833333318,-166.51797083333315,-115.26093750000001,-110.83675416666688,-108.93674999999996,-83.29145833333337,-6.047783333333427,83.53394999999978,122.03197916666676,119.13296666666679,169.94170000000008,263.4163541666666,313.36939166666673,357.56907499999994,454.2441666666667,484.69326666666666,521.7313541666666,589.1270833333333,667.6989583333333,690.6618874999999,650.9722916666667,715.0831708333333,735.5697250000001,721.4908333333333,737.1381624999999,710.7122083333334,652.6895833333333,644.9232999999999,639.4175624999999,614.6054166666665,626.9255416666665,627.1526374999999,616.4429166666666,642.2717166666666,641.1841625,657.9983333333333,664.1714916666666,667.9544458333332,622.63125,646.3558,644.0923999999999,618.1637499999999,631.4158666666667,645.3364291666667,651.4208333333332,628.6981958333333,625.7342249999999,648.1408333333333,702.06815,661.3693708333333,557.3341666666666,542.0236166666666,546.2485458333332,525.2854166666666,560.9110083333334,566.6988541666666,565.3866666666667,578.0502416666666,587.9840624999999,576.7887499999999,579.2507791666666,599.25745,580.5916666666666
572.5854458333333,574.5710541666666,604.7458333333334,589.1772958333333,604.0932291666666,642.1508333333333,633.281225,619.9785333333333,634.5862500000001,634.1307458333333,637.7958375,656.8754166666666,640.5728333333333,640.6282541666667,659.8304166666667,660.5289916666667,671.0452083333333,699.0758333333332,678.5399083333333,670.4068958333334,677.9341666666666,671.1996708333334,687.6438125,722.5229166666666,698.8097416666666,705.3970458333333,713.1370833333333,737.8428458333332,721.5029625,718.885,727.5830083333333,739.8411416666667,736.8429166666667,741.7281833333333,754.0936416666666,771.4120833333333,779.8964791666665,789.7159583333332,754.4733333333334,769.1471999999998,802.6127666666666,808.3247916666667,763.9373083333331,686.9520458333334,628.436875,570.5036333333334,538.8077833333332,526.6992708333332,477.28343333333333,378.6499624999999,309.5465624999998,252.9142541666667,256.52797916666657,245.12968749999993,186.79245416666657,129.1060708333332,48.32302083333343,15.43584999999996,-40.58454583333321,-121.87916666666672,-139.95886666666672,-177.08112083333344,-235.78333333333342,-253.38678750000008,-265.7491458333334,-296.9370833333332,-293.5633958333332,-299.38542083333334,-324.43479166666657,-349.85118750000015,-340.33498333333335,-378.1865624999999,-419.0866791666666,-431.4805833333335,-389.1065624999999,-367.1463749999998,-347.11226666666664,-360.38833333333304,-344.1933791666667,-309.95905,-282.89125,-252.99717916666657,-188.8825958333332,-150.88031249999995,-144.97012083333357,-151.17375833333324,-133.46437499999996,-32.22494166666684,60.6175958333331,89.65750000000008,121.80132500000013,181.50930833333337,254.68260416666658,322.7209166666667,374.34231249999993,447.98875000000004,463.5499791666667,525.0603208333332,621.8352083333332,672.0383499999999,681.9255541666666,656.56,705.6358416666665,727.3118541666668,733.9358333333333,741.2182041666665,706.865,658.5145833333333,663.5024124999999,663.2558458333332,634.4954166666665,639.7573041666666,636.4171499999999,617.8658333333333,622.1366333333333,624.6307125,661.375,657.4878374999998,661.7574374999999,634.6308333333333,658.9212833333333,656.0941624999998,632.3787499999999,638.9245333333333,665.6029374999999,693.0537499999999,657.8596458333334,636.5841208333333,649.5941666666666,692.5488791666666,652.4360999999999,557.5629166666668,543.7773791666666,560.6640041666666,555.6358333333333,578.5745625,557.4937458333333,540.2495833333332,563.3008583333333,591.7034874999999,583.4666666666666,575.1491166666666,655.8009041666667,740.6999999999999
755.976275,735.9310125,752.7362499999999,749.6466583333333,763.1757166666665,782.0820833333332,774.3544166666666,787.8317583333334,820.995,789.6847375,762.9466625,788.905,806.7124541666666,817.6603208333333,823.8075,828.5234083333334,832.3967375,841.5895833333333,822.4083458333333,827.7550416666667,842.5141666666666,825.9463666666667,833.2548083333332,873.8166666666666,867.0087791666666,872.2082291666666,865.63625,895.2481666666665,878.7478958333332,865.36,874.3959708333333,895.0100166666667,884.1199999999999,862.4506791666666,963.1930499999999,1128.12375,1144.203670833333,1135.9632708333331,1116.5966666666666,1118.9288124999998,1106.0083458333334,1066.0472916666668,1021.9470624999999,964.8313250000001,900.0878125,812.7686708333334,917.9556208333332,1119.6377083333332,1067.4492625,932.0387083333331,887.2285416666665,821.9932958333333,775.2295791666667,708.7418749999999,635.4122041666666,589.0792749999999,514.9969791666666,465.04422499999987,404.04375000000016,333.478125,311.80100416666653,275.1087749999999,230.06072916666656,226.91123749999988,218.4611624999999,181.8098958333334,186.74145000000013,215.63597083333335,214.29520833333333,127.7342291666665,85.29809166666652,54.50520833333337,41.16677916666663,35.04428333333311,67.0027083333334,103.1388583333335,163.71729583333337,182.4466666666668,181.08529583333328,186.4693583333333,198.83687499999994,223.57595416666672,298.0388958333334,348.445625,345.663245833333,335.7438125,357.3662499999999,448.6381749999999,541.4916124999997,573.2382291666668,577.5247125000001,612.0956916666667,689.0770833333333,781.5264958333335,831.2662833333331,889.7834374999999,929.1486833333333,988.9264749999999,1056.4011458333332,1122.3016125,1193.178825,1227.9488541666665,1284.3848833333332,1293.2760125,1311.945,1346.5763083333331,1187.723075,933.3033333333333,904.4740916666665,929.0091374999998,898.4745833333332,906.7295166666665,914.5467583333332,906.2908333333332,908.3661291666666,891.5795249999999,914.2358333333333,928.3556541666665,930.7789541666666,876.5783333333333,897.3360458333334,913.3168499999998,909.6012499999999,913.7191291666667,910.3872416666666,912.7987499999999,899.2860625,895.4904291666666,906.8008333333332,953.5506999999999,872.0965916666667,711.2966666666666,686.2546916666665,700.7793124999998,687.9320833333334,730.9008458333333,728.3644416666666,715.3166666666666,740.7318666666666,754.2222124999998,733.2683333333332,741.4955374999998,763.4116666666666,742.02
727.9478458333333,731.2383041666667,744.0470833333333,739.2645166666666,735.3953666666666,761.0545833333333,784.4010375,791.0531458333334,819.3133333333334,793.2897916666667,790.3738583333333,808.8866666666667,800.2704958333334,795.7666625,813.43875,799.6397958333334,841.7273791666665,863.4083333333332,828.4865333333333,814.1577083333333,806.7779166666666,820.7731208333333,838.6926083333333,848.9549999999999,866.1389916666667,868.3964458333332,884.8812499999999,875.2278208333333,862.5070000000001,861.05125,882.9204291666666,893.2456458333332,878.0608333333334,850.2532791666666,928.3207041666666,1107.9104166666666,1111.7740208333332,1090.657475,1118.3820833333334,1137.6994708333332,1115.8708333333334,1064.0714583333333,1003.3351958333333,956.7274749999998,874.6043749999999,765.6317333333332,874.0829749999999,1093.5788541666666,1054.1489291666667,932.2721624999999,880.8043749999999,829.5531833333332,763.681575,694.9822916666667,653.4856208333333,566.1398583333333,530.7813541666667,459.9196833333334,353.5463166666666,277.67197916666663,269.6426541666667,257.34458333333316,209.31937499999992,177.47825416666655,155.86145416666645,180.10406250000014,187.88629166666675,102.28552083333338,51.146666666666704,86.35043749999994,10.851775000000032,-79.83885416666675,-77.46633749999984,-50.50376666666699,-41.0585416666666,-60.56618750000007,-31.382183333333387,55.4796874999999,88.0521083333335,116.54394166666671,134.80687499999985,134.49305,159.73355833333324,160.36624999999998,220.16181666666654,279.6594999999999,324.4935416666666,404.0595458333333,475.25695833333316,506.9605208333335,534.7466083333335,584.5230125,658.4485416666666,732.4967249999997,797.5965708333331,860.9779166666666,919.1906374999999,998.2336041666666,1055.0909374999999,1086.1677499999998,1140.336275,1227.7420833333335,1252.759958333333,1260.809825,1284.4083333333333,1323.0448791666665,1171.5820541666667,930.4154166666666,890.1347083333333,918.4375541666665,880.4845833333331,897.7831333333331,899.7436166666665,877.1829166666666,906.8409374999999,914.1038499999999,920.7308333333333,913.6572916666665,926.7685541666666,904.4416666666667,905.4047916666666,903.0011291666666,889.8791666666666,895.1816458333333,903.2876583333333,908.0433333333333,919.3901666666667,910.5193166666666,908.3541666666667,974.3214249999999,895.7991374999999,724.2475,690.1034499999998,694.6156874999999,678.78625,698.9964208333333,707.98305,684.0479166666667,722.4172374999999,734.2336041666666,740.8616666666667,748.6995166666666,733.4366208333332,731.6679166666665
731.9479874999998,729.81885,732.6716666666666,747.2547541666667,762.1870791666666,773.4883333333332,790.9330583333333,768.5657249999999,791.5341666666666,758.4313041666667,786.6631749999999,814.025,795.3553333333333,791.49455,830.5504166666667,794.8923374999999,808.2360624999999,852.1687499999998,832.9323125,825.5082375,855.8441666666665,839.9661,837.4151666666667,837.9283333333333,872.2641958333334,876.2819166666666,868.5941666666666,838.3016833333334,850.3424,850.44625,880.5754874999999,873.4509416666665,848.9437499999999,846.4527916666666,930.7393833333332,1101.74625,1100.2255125,1068.7306624999999,1099.4516666666668,1146.5770541666664,1119.7562791666667,1055.5607291666665,977.2132916666666,931.1829624999999,847.5333333333334,775.671725,867.9153541666665,1056.2905208333332,1047.4565416666667,916.6571124999998,856.7767708333332,816.5834583333333,753.8641166666666,669.0583333333334,643.2461791666667,549.3794,510.713125,491.3711958333332,421.67213749999996,307.22312500000004,274.7649208333331,262.42624999999987,219.3210416666665,191.89185416666658,180.6246208333331,125.83083333333349,74.23171666666659,40.89835416666671,64.93010416666672,111.1848333333335,28.56210416666653,-10.45385416666673,12.945358333333274,22.597483333333514,4.0582291666667345,-19.518858333333355,3.678249999999906,88.5440624999998,122.5734708333336,156.76025833333344,174.38854166666664,165.85600416666685,180.82565416666657,190.86822916666657,242.25892916666646,302.5839625000002,366.6872916666667,396.05799166666645,452.77907916666663,501.31197916666656,543.3942916666668,606.5294666666666,680.3649999999998,755.9830624999998,824.9500041666665,861.7158333333332,911.6843374999999,979.7278,1074.1075,1119.1470041666666,1155.1744416666666,1203.8395833333332,1264.1140041666667,1278.9709125,1291.7795833333332,1321.488366666667,1165.6619916666668,929.9404166666666,883.5522291666666,920.5279749999999,902.76125,908.0790833333331,907.9351374999999,879.9779166666667,899.5387708333332,910.6555374999998,921.8770833333333,905.2660833333334,901.7399333333333,889.0741666666667,893.2687166666666,904.34265,909.0729166666665,914.6840875,897.9912458333332,880.3295833333332,901.1142666666667,890.1094874999999,893.0620833333332,943.7749291666665,866.0637125000001,699.8012499999999,674.8479333333333,680.8405083333333,657.79125,694.5989458333333,720.9129208333334,700.36375,736.1227708333333,728.1799625,707.3904166666666,698.1518333333332,737.8534041666666,748.0791666666667
552.372175,570.4348125,614.6304166666666,577.2100583333332,570.1505166666667,611.1733333333332,614.0879249999999,583.0901291666665,596.6241666666667,605.0989999999999,615.8175958333333,625.1925,623.4082666666666,637.8844541666666,632.9024999999999,614.0416583333333,639.7945541666667,655.4449999999999,657.2232124999999,635.6818625,672.6025,669.8899749999999,667.7189666666666,663.1175,661.0847333333332,660.6869666666666,674.2670833333333,679.4365625,675.9593375,637.8720833333332,662.6585124999999,686.8172499999998,677.9083333333332,668.6422375000001,743.8538083333333,878.0433333333333,870.0568416666666,847.1601374999998,879.3745833333334,887.2611583333332,854.4703541666668,796.5584375,752.1710791666666,729.7295291666667,665.6534375000001,601.3777958333334,651.3758916666666,796.8622916666667,781.0155624999998,722.0342541666665,675.3880208333331,608.3177083333334,609.5800624999999,556.7141666666668,499.07700000000006,403.7559666666667,377.2196875000001,350.81846249999984,293.21264583333334,238.86541666666662,177.7136875,159.93007499999996,154.17416666666648,113.94240833333322,107.7532916666664,87.01145833333337,70.28500416666671,11.558224999999993,-17.79541666666657,18.89434583333346,-16.747037500000346,-56.64093750000012,-74.0359708333335,-57.7118458333334,-63.73864583333335,-82.04678750000011,-73.76282083333336,6.837812499999899,82.16585000000012,115.89155000000002,93.37562500000001,101.56991666666673,115.7010458333335,98.96927083333327,148.49431666666658,187.99839166666678,211.9971875,259.1163791666665,355.95769583333333,370.67385416666673,376.2470083333334,428.62993333333327,517.431875,552.3356916666664,607.6717333333333,665.04125,697.1662500000001,749.1803874999998,829.6960416666666,851.90645,893.7043333333334,971.3213541666667,1031.7585666666666,1026.4536666666665,1007.5358333333334,1037.6365416666665,915.9403500000001,732.0625,681.4251666666667,705.9787791666668,717.2958333333333,730.3048291666668,713.3981333333334,681.4620833333333,708.6684666666666,734.0295708333332,716.04125,720.486175,715.0403208333332,712.8995833333333,727.5718999999999,732.6571291666667,711.1062499999999,723.6707333333333,735.1312041666665,717.7458333333332,718.9248625,708.5143625,738.8408333333332,752.3670374999999,688.3183666666667,576.29375,548.6757416666667,544.6631249999999,545.5274999999999,535.820075,543.7063708333333,555.0508333333332,563.518075,552.4967416666666,538.6766666666666,529.4558166666666,566.7121791666666,584.9837499999999
545.56075,550.6329041666665,604.9216666666666,594.4864083333332,589.5105625,614.1291666666666,630.853,608.9777749999998,601.7774999999999,614.7889916666666,646.5213666666665,629.6687499999999,609.7357625,627.6264874999999,634.6183333333332,606.8236166666666,641.4667416666666,682.6775,628.8862166666667,618.9995791666665,669.1733333333333,659.2663458333333,651.3172083333334,634.4391666666667,633.6937916666666,637.94115,658.0975,667.8781041666667,679.3360166666666,644.5849999999999,661.7586458333333,674.1340041666665,671.9579166666666,661.6416291666667,735.0975166666665,869.6475,892.8048791666666,887.8835333333334,879.3916666666665,866.47075,839.5597916666668,779.5228125000001,787.8601708333332,741.3659,660.7436458333334,620.4133375000001,696.5361708333332,821.0884374999998,802.6984874999999,751.8656374999997,729.4946875,656.7871,630.2387833333333,570.3017708333334,531.2594791666666,493.69808333333333,433.09239583333306,394.82866666666666,356.26223333333337,299.1527083333334,235.84497916666666,209.92708750000008,222.22052083333327,208.67552083333308,143.9026124999999,59.46885416666677,68.82160416666653,79.61966249999992,79.4343750000001,67.3991458333335,25.003833333333148,-8.44125000000011,-44.1469166666669,10.50328750000034,42.527083333333366,-25.72343333333336,-39.68253333333337,24.967187500000023,83.78780833333309,62.85277083333361,84.22312500000012,89.06075416666653,115.88928749999994,175.58687500000005,189.28539583333304,170.6799791666669,192.44291666666672,237.56880833333324,310.7562958333332,397.6395833333332,428.7543083333333,467.07967083333324,517.6760416666666,576.5068333333331,625.5766208333332,683.1621875000001,752.6949666666667,793.8214791666667,809.7537500000001,862.1809749999999,913.8249249999999,980.0059375,993.9806583333332,1003.0398874999998,1040.0645833333333,1042.8179458333334,903.6430250000001,712.9308333333333,693.2923583333334,755.7870541666666,751.9137500000002,739.8321833333332,717.8956250000001,708.2691666666667,710.7215791666665,725.7102916666666,732.77625,731.8458083333335,718.1891583333332,724.42125,721.3209541666666,713.6589625,703.8037499999999,717.7906666666667,724.3100375,719.1699999999998,719.2638166666667,698.3941916666666,725.1712499999999,749.3128208333331,675.5354333333333,558.2379166666666,537.7233875,550.026975,568.3079166666666,571.0169999999999,567.4192583333332,558.5629166666666,548.2577875,544.8539875,566.03,566.1664124999999,526.0631666666666,420.1525
375.4308291666667,401.04127083333333,466.58416666666665,440.48049583333324,411.1215708333333,421.45624999999995,446.74733333333324,416.0957666666667,412.3087499999999,450.2843333333332,489.3726416666667,457.90333333333336,436.07972500000005,454.0468083333334,473.03541666666666,470.38592500000004,490.23642916666654,502.34749999999997,491.80050416666666,486.0082958333332,487.13749999999993,482.70705,492.39467916666666,491.96333333333325,500.9782041666665,502.4869499999999,489.8083333333332,514.6855125,534.3850083333332,496.5129166666667,516.8813541666666,523.1078416666666,515.74,511.54780833333325,507.2836250000001,497.7416666666666,528.1310333333332,551.5432208333333,521.9958333333333,513.2347125,525.4892875,511.2242708333333,500.1370916666666,454.41480833333344,393.06218750000005,368.7152041666666,297.4341916666666,233.86479166666663,202.00462083333332,168.68142916666636,109.8182291666667,47.27363333333335,78.35674583333326,47.618124999999964,26.639754166666535,-19.495066666666787,-55.3301041666665,-85.92001666666664,-150.72296249999994,-210.7806250000001,-238.6433416666667,-256.0993833333332,-256.80781249999995,-299.73585000000014,-335.6991416666666,-379.8197916666666,-402.53806666666674,-388.34310000000005,-380.08708333333334,-403.8545416666665,-441.5140875000001,-436.98635416666673,-409.3806625000003,-354.97330833333325,-391.02760416666655,-433.44798749999995,-382.4967875,-368.20364583333355,-356.3029458333336,-381.3973874999997,-352.1063541666665,-335.7290125000001,-323.47434166666665,-297.03406249999995,-236.17941666666684,-192.79354583333333,-177.48885416666656,-186.8465,-135.80744166666665,-56.82197916666672,-29.410141666666618,24.22564583333326,67.24156249999999,80.47164166666681,138.8157875000001,217.98645833333342,273.4853333333335,304.5492833333334,351.35625,409.95360416666676,398.40987916666666,366.75979166666673,429.29589999999985,463.1351041666667,450.0554166666667,436.5589375000002,439.64745000000005,447.0404166666666,440.1978541666667,454.2462416666666,440.7179166666666,438.4607624999998,434.58495833333325,460.7429166666667,464.5936333333333,458.2005874999999,433.38958333333335,430.0038375000001,437.73406666666665,447.1775000000001,453.9396958333333,439.95432500000004,429.9233333333333,452.09687499999995,446.2632708333334,422.41333333333324,441.52989166666663,457.20143333333334,482.5837499999999,484.1063458333332,441.6664333333334,400.10874999999993,383.59886666666654,384.43247499999995,409.81583333333333,405.80535,401.5426541666666,407.6183333333333,407.07599999999996,388.28452500000003,374.91125,369.3430125,404.6907666666666,405.8429166666666
401.2864541666667,409.4104125,447.40166666666664,425.2967374999999,416.085225,437.32416666666666,452.7588374999999,416.6661291666666,414.74999999999994,443.52416249999993,483.0651833333334,461.0758333333333,436.50732500000004,459.88514583333335,483.2875,454.7216416666667,466.5198999999999,490.4937499999999,468.18023333333326,462.8125499999999,484.58624999999995,488.6969458333333,494.21485,477.8083333333333,463.4803541666666,477.42740833333323,492.8904166666665,499.2645625,510.8771583333332,484.92958333333337,491.0904416666666,497.84906666666654,512.1424999999999,512.0412416666666,503.1201291666667,490.12375,516.1927208333333,530.4978541666667,498.8820833333333,510.037775,528.1958541666665,501.5946875000001,488.99605416666657,439.6662583333334,372.4496875000001,356.40565833333324,295.89452916666664,230.62593749999996,181.95444999999995,145.29588333333322,93.75281249999989,19.18785416666674,36.1951541666665,2.8701041666665787,-14.475466666666762,-65.9139208333334,-101.35083333333324,-100.51464166666659,-159.62684999999988,-237.3629166666667,-246.4420458333334,-238.33080416666655,-244.8565625,-330.95315416666676,-386.2384041666666,-406.6266666666666,-402.6303375000001,-398.6120916666668,-411.94270833333326,-410.3554416666665,-441.0714791666668,-466.25312500000007,-456.0454958333336,-403.83243749999997,-434.2294791666666,-472.6242916666665,-443.78570416666673,-459.2579166666667,-439.0460375000002,-448.661233333333,-413.82489583333324,-387.4508791666668,-355.09000416666674,-312.54927083333325,-260.6743458333335,-231.9020625,-219.31885416666654,-219.09613750000005,-164.02809999999994,-80.57645833333345,-28.31648333333328,35.36743749999994,73.04864583333324,97.28694583333345,151.1695041666668,207.52041666666673,256.4321416666668,299.67161666666664,357.7489583333333,406.51380833333343,394.5006041666667,370.55302083333345,418.9299666666666,447.4232791666667,448.0662500000001,445.3946625000001,440.4662666666667,438.85291666666666,452.98587083333337,477.9419458333333,455.3745833333333,451.9465999999998,441.1356249999999,447.9658333333334,434.3394458333333,436.9014708333333,438.7825,444.2210125000001,442.6874333333333,442.1116666666668,455.0641208333333,446.43883750000003,431.8325,449.75251249999997,460.06315,460.4262499999999,474.73561666666666,459.77285416666666,456.22791666666666,460.0817374999999,433.6453583333334,400.22166666666664,378.7724083333332,388.0288083333333,428.79374999999993,414.4419291666666,397.70957083333326,398.7562499999999,390.1569458333333,381.8262916666667,381.7770833333333,364.4649333333333,461.15772499999997,570.5020833333333
584.9890708333334,571.6714666666667,598.6170833333333,577.2688333333333,567.423325,584.6841666666667,603.6419874999999,582.1848166666666,587.6670833333333,594.0882749999998,620.5601416666666,609.2095833333334,595.9934958333333,620.2020708333334,638.8075,612.26295,624.9510208333332,644.2966666666666,617.68135,618.9595499999999,648.7041666666667,641.8604875,639.1089875,626.7975,618.0456916666666,636.3444833333333,652.4179166666665,652.9027875,657.0684875,634.6645833333333,662.5532625,673.5767625,655.7583333333332,621.59305,704.6694541666667,839.2558333333333,864.6411166666666,871.0042583333333,872.5279166666666,857.7881291666667,820.0239791666667,752.1673958333333,732.7284333333332,705.7122083333334,640.1590625000001,579.8617041666666,641.6113583333333,797.5212499999999,773.5992583333333,711.1052041666665,676.6618749999999,597.4703666666667,558.6230374999999,455.31125,422.85615833333327,384.4358749999999,350.3763541666667,330.03597500000006,281.9419833333334,236.19031250000003,214.26022083333328,207.71790000000007,211.79093749999993,144.3939583333331,98.46489999999994,64.9669791666667,40.30540416666648,66.6748708333333,97.15239583333332,64.26489166666693,-18.072529166666953,-61.29697916666677,-39.273500000000354,40.204491666666655,29.00333333333336,-10.813804166666529,51.40719999999993,87.2582291666665,100.88021249999977,70.32362083333354,97.5878125000001,112.38680833333311,119.17951666666661,138.32760416666673,196.68329583333306,240.81866249999996,253.24489583333335,234.89564166666665,296.78009583333335,394.06197916666656,406.8665041666667,442.0051749999998,494.0752083333333,544.6136208333335,611.0827416666667,669.1211458333333,727.7875333333335,768.1511958333333,808.7355208333333,854.91675,892.0088874999999,935.8553125,995.1917958333331,1015.8372583333334,1031.4720833333333,1048.0100166666668,915.8955666666668,712.0749999999999,689.2295,745.1366333333333,736.4083333333333,740.1514249999998,725.3410666666666,727.12,722.9002041666666,711.3317124999999,686.0649999999999,700.8835875,704.7818291666665,694.2762500000001,711.8427125,709.3979291666667,697.4591666666666,720.1138833333333,710.8733291666667,682.9091666666666,705.9467458333334,705.2396208333333,706.0429166666665,712.4217666666665,648.1448166666667,559.39875,532.4877208333332,540.1309708333333,569.9520833333332,568.2673833333333,559.1769458333332,560.2987499999999,567.8103249999999,553.8039666666666,533.5899999999999,518.7278749999998,558.6680166666665,564.7737500000001
549.9622375,564.2262416666667,615.20125,576.2991333333332,550.7446875,575.5054166666666,599.8703208333333,585.5663541666667,596.0795833333334,611.253925,605.7708541666666,604.5445833333333,623.3856458333332,636.4564708333334,618.7829166666666,624.1086,636.1893499999999,640.18875,623.1537416666666,616.4588291666665,638.4654166666667,625.5557249999999,642.022375,666.2691666666666,669.1151958333334,650.439175,649.3429166666666,666.9281625,657.2062583333333,641.8283333333334,661.5389333333333,666.7411291666666,653.2508333333333,640.1794916666665,732.2485666666668,846.8962499999999,872.5855333333333,888.4675416666666,885.3804166666665,870.3708125,831.6218208333332,764.9635416666665,782.7722249999999,737.2624208333334,637.0165625000001,546.3110125,607.1857166666667,729.8992708333334,684.0334458333332,617.3306625,616.6078124999999,570.1196708333334,502.2471833333333,471.14635416666664,470.4784916666663,470.765983333333,398.56614583333305,358.6473708333334,279.7667416666666,187.3431250000001,179.46736250000004,198.49616666666654,207.26322916666675,169.45985416666642,121.34605833333327,83.54750000000004,136.82924583333343,104.28620833333335,92.31864583333342,35.84789583333344,-31.342033333333205,-72.37447916666673,-41.008637500000134,-35.025233333333375,-31.189062500000205,14.823804166666747,47.223116666666755,59.704375000000056,69.31401249999996,63.358816666666684,70.34447916666673,68.01768749999988,127.86487499999981,178.04656249999996,195.31678749999992,217.82757916666654,219.86427083333322,280.8310958333332,328.5624625,393.1208333333333,407.6209916666666,430.33855416666677,467.7598958333333,526.6066083333335,586.8928916666664,630.9390625000001,684.9044625,741.5976333333334,802.1522916666668,841.6146416666666,889.9615458333333,939.6005208333333,991.8608749999999,1006.1300666666666,1012.5095833333335,1032.6826125,918.2535416666667,720.0066666666665,710.4764041666667,744.9343708333332,714.2066666666666,708.8345083333331,693.6975124999999,703.3050000000001,730.8655249999999,732.8809541666665,710.6408333333333,700.7383625,724.0587291666666,719.8912499999999,714.1438541666665,708.8457,699.2395833333333,695.9962791666667,694.9278416666666,684.5645833333332,732.1599249999999,725.5472583333333,726.6745833333333,745.1271624999998,669.8029583333333,553.7704166666666,540.5637374999999,568.4586458333333,564.8087499999999,575.2899916666665,565.6042333333332,542.1099999999999,550.6039375,555.7958,555.8758333333333,561.9409041666665,585.8909124999999,564.6991666666667
568.9835833333333,581.2089416666668,585.3883333333333,571.1930749999999,564.2302291666665,603.8399999999999,612.201075,598.2648833333333,611.0825,630.7474208333333,622.8315291666667,605.345,610.6213416666666,626.6182916666667,639.1099999999999,625.8642,640.8284208333333,643.5333333333333,612.3074583333332,619.492425,669.1316666666667,663.3098416666667,646.2369416666667,651.1420833333333,662.8737666666667,645.7302791666666,628.29625,656.4840125000001,676.4573333333334,646.02875,656.9898999999998,684.5520999999999,688.0270833333334,643.6321624999999,720.0222666666668,852.29625,876.0564166666666,858.8117041666666,847.0945833333333,861.8872333333334,829.8871708333334,764.6127083333333,740.3772041666666,706.4304166666667,653.2399999999998,563.1990333333333,649.0968458333335,780.6857291666666,723.4835624999997,644.2288083333332,623.6162499999998,573.2231750000001,516.8734916666666,492.5411458333333,410.7817499999997,366.92055416666653,366.20822916666674,375.36496666666676,315.73929583333324,222.05,224.53493333333336,211.6885958333332,175.55239583333335,134.9442458333332,83.54043749999988,68.51708333333343,105.30863333333346,60.035495833333385,68.30791666666661,27.5156208333334,-25.377941666666402,-99.06739583333339,-84.58547916666706,-53.43617916666673,-72.92916666666679,-78.42525416666652,-4.005137500000103,0.37760416666662877,4.793066666666846,52.2090041666668,77.44802083333335,71.23238333333342,98.02649999999994,188.56895833333317,198.7749583333331,254.23425416666643,286.05697916666657,323.4364416666665,310.2550041666667,349.7757291666667,414.19820833333335,464.48345833333326,487.80427083333325,535.3727541666667,572.2557124999998,630.533125,669.9324833333332,721.9365166666668,761.8738541666667,821.4105333333332,866.9018416666668,896.1033333333334,986.1165083333333,1006.1171083333332,1003.7695833333333,1030.270175,922.8361916666664,734.5433333333332,696.1953916666666,698.6707166666665,695.2958333333332,717.4096249999999,716.2260375000001,710.2304166666667,703.4685124999999,715.3501041666667,707.4445833333333,693.7242916666667,727.5155124999999,731.3308333333332,701.4168958333332,694.7442041666666,700.68125,702.6214166666666,713.3549999999999,730.3654166666666,718.6765291666667,698.9588291666666,709.6887499999999,728.1558124999999,652.1712458333334,542.4908333333333,545.7288249999999,569.6951833333333,536.0008333333333,557.7776291666667,577.5982166666665,572.2933333333333,563.86185,554.8970041666666,557.1629166666667,577.27985,574.6146124999999,548.8516666666667
566.4030416666666,573.2549708333333,592.2491666666666,573.0203666666665,565.1625833333333,569.7104166666667,609.9590708333333,586.7533583333334,597.6662499999999,613.9382166666667,600.7338958333332,596.675,610.9548749999999,630.9685541666666,639.1270833333333,615.2227583333333,624.3594166666667,636.2070833333332,619.0359666666666,620.6690083333333,639.8320833333332,638.6363375,648.0645291666666,674.1874999999999,691.82685,667.5296958333333,638.9791666666666,662.3737666666667,684.2512624999999,674.6641666666666,669.6260666666666,684.7017666666666,671.7404166666665,653.6224333333332,727.8757583333335,854.7566666666667,866.1789583333332,855.4615541666665,854.9295833333334,865.0793416666668,815.9796458333333,741.6014583333333,701.4889999999999,713.4909500000001,658.7124999999999,538.2736333333334,597.7207,771.3157291666666,744.5390499999999,669.6870958333332,612.3040624999999,572.7539541666666,553.590575,516.6624999999999,408.1296999999996,366.6062666666666,364.3525000000002,303.3133833333334,239.50814583333332,210.44666666666674,148.45868749999997,117.53515000000007,96.76916666666659,46.50572500000007,69.89923750000008,46.64729166666649,17.754525000000115,-34.127824999999945,-36.83427083333328,-15.3435208333336,5.903179166666462,-51.84958333333336,-77.93201666666664,-87.17116666666664,-103.53531250000009,-95.7039083333334,-49.89238333333344,-19.145416666666534,0.6630041666667239,-7.537850000000191,-14.592500000000001,16.15411666666685,78.92685000000017,172.2555208333332,207.92852083333324,196.7483041666663,210.76822916666646,260.93673333333334,312.58055833333333,310.6975,349.7115999999999,387.0518416666666,465.3502083333333,490.7915083333336,536.2258083333334,588.2435416666666,649.4046416666667,695.1815874999999,756.6388541666665,808.0667125,873.4487041666669,927.2459375,981.2957041666666,1005.8747374999998,1016.23375,1025.5582166666668,911.9578708333333,713.2287499999999,700.6187916666665,712.4260708333333,678.0999999999999,718.0900374999999,726.6951499999999,709.3820833333333,721.8787,734.0970458333331,718.17125,720.9525583333334,706.7661374999999,706.2533333333333,730.942325,736.3213249999999,731.17625,693.9659708333334,715.2467916666667,742.5379166666667,718.2270124999999,720.4251458333332,764.7570833333333,767.5109541666666,675.6401125,558.3916666666665,553.5359791666666,572.5916333333333,544.31375,526.5562583333333,533.2647833333333,558.5949999999999,567.932875,549.2780875,544.37875,565.33695,568.9464,531.9516666666666
562.8853291666666,560.989975,580.6683333333333,591.0321124999999,597.5168458333334,583.0470833333334,610.7423125,588.1580166666666,594.8737499999999,611.8124166666666,599.7165333333332,583.1899999999999,603.8840124999999,614.80355,591.9533333333334,605.4198,644.6748291666667,660.6975,632.8896833333333,614.2804833333332,645.7874999999999,661.6848958333333,659.5242125,666.3416666666667,666.2499291666667,635.6347791666666,617.7066666666667,685.2693833333333,699.5410749999999,668.12875,649.9735999999999,658.9886833333333,651.925,648.2978083333333,730.3749041666665,844.2058333333334,887.9356208333332,882.1784291666665,887.8779166666666,832.7668166666665,794.2059624999999,774.5032291666666,712.3458166666666,675.3879041666668,650.1740624999999,564.2980875,619.3561541666667,781.2539583333335,775.5142041666668,713.1966375,671.1407291666669,615.1673666666666,538.5637291666667,447.40500000000003,389.9465166666665,368.02809166666657,364.03437500000007,278.36724583333347,223.83066666666676,227.43927083333335,175.05082083333332,135.80235000000002,134.1946875,91.73881666666674,41.88491666666664,8.282604166666601,20.561512499999907,-38.27567500000001,-90.95604166666683,-87.07934583333326,-70.28655416666649,-72.36916666666664,-107.59211249999996,-105.17131249999991,-61.203645833333326,-100.01618750000003,-104.62446249999996,-56.27697916666668,-2.1275999999998874,-9.801429166666765,-14.814583333333502,27.142304166666776,66.01158750000008,107.81937499999998,181.9768749999999,173.3268791666665,171.72791666666654,249.81659166666677,330.94996249999997,342.3139583333332,391.9019458333333,409.2243874999999,431.7454166666667,500.50080000000014,551.0085541666666,607.3454166666666,703.0021291666666,736.0782083333331,754.5056249999999,809.1125874999999,882.1952749999998,926.3761458333333,963.3023583333334,995.9933458333331,1027.3820833333332,1030.5334083333332,903.3942666666667,716.0283333333332,700.5663666666667,728.0221499999999,731.8174999999999,714.8385791666666,717.6137041666666,724.5854166666666,707.6586208333333,722.1650374999999,725.71375,713.1121625000001,704.2605833333332,717.7158333333334,726.4006708333334,716.2316458333332,725.7075,734.7455833333333,741.3596583333334,733.4391666666667,721.8855208333333,719.4899791666667,740.6116666666667,759.6977624999998,674.3981083333333,551.20875,531.1137208333333,547.7358791666667,554.94125,539.7389583333334,542.3929041666665,555.5308333333332,561.5319833333333,565.4261416666666,567.6054166666665,607.3280416666666,522.8681666666666,402.3970833333333
384.0071208333333,398.6362583333333,426.06083333333333,442.77304999999996,418.8092916666667,383.6633333333334,419.0891,412.26487083333336,418.42124999999993,441.13672916666667,435.62700416666667,434.14124999999996,464.88840833333325,479.60604583333327,460.7170833333333,476.0448541666666,481.8592875,462.7166666666666,491.9550625,503.2007666666666,483.9633333333333,498.4746083333333,491.2452958333333,498.97708333333327,516.2682083333333,524.3596666666666,496.1875,488.12579166666666,544.5730083333333,521.385,503.5786041666666,500.0252208333333,489.91583333333335,524.5651958333333,510.34810833333324,471.7345833333333,503.40385416666663,523.8153874999999,522.1679166666665,489.94556666666654,498.4123416666666,514.2293749999999,463.18905416666666,409.65952916666674,352.3113541666666,321.91807916666664,262.43658333333326,199.03093750000028,151.31920000000014,97.17330833333324,34.04947916666674,-3.047370833333275,-19.032654166666646,-5.9893749999999955,-65.45314999999988,-116.31686666666661,-155.76333333333315,-264.4357708333333,-325.2287666666666,-299.81010416666663,-318.18415416666664,-379.7507374999999,-432.33427083333345,-404.3667499999998,-449.6573499999997,-476.2497916666667,-497.6116749999999,-561.780891666667,-624.6370833333331,-611.4339291666669,-590.7205083333333,-550.7635416666667,-556.3476499999999,-557.0507041666665,-561.7469791666666,-571.3002708333333,-569.3382291666667,-498.28031249999987,-463.06654999999984,-473.5304958333334,-472.8972916666667,-459.8327083333333,-430.14134166666645,-436.799375,-351.91138749999976,-267.9816791666666,-245.11520833333327,-197.95498333333325,-158.5518249999999,-155.52479166666666,-91.19115833333319,-38.95600833333344,-16.097812500000032,42.90126249999986,104.75450833333349,140.3731250000002,172.3145666666668,231.4961208333334,299.4538541666669,357.1317708333333,339.7922500000002,316.8275000000001,377.3948458333334,437.1731500000001,423.23375,406.99372500000004,413.92961249999996,441.37874999999985,445.3457125,440.82392916666663,435.12958333333336,448.931175,458.4616166666667,457.6049999999999,453.03015416666665,450.4278625000001,437.51916666666665,457.287,455.36411666666663,458.03249999999997,444.0377833333332,437.2324666666666,456.31208333333336,467.27363333333335,473.5836958333335,469.7412499999999,462.7618666666666,475.56652083333336,495.49625,504.9618041666667,434.76360416666665,364.59875,352.7760333333333,373.16980000000007,390.9816666666667,370.02934999999997,379.58579999999995,414.62166666666667,408.63374166666665,386.1064791666667,408.8379166666666,423.4701625,404.51089583333334,391.7341666666666
409.90487916666666,399.58959583333325,397.89958333333334,431.9529166666666,434.13257500000003,405.7579166666667,433.15541249999995,412.1516208333333,406.69791666666663,427.2144,430.0519666666666,433.95583333333326,452.6333458333333,469.8513249999999,458.2675,446.5009541666666,445.13722083333334,448.44333333333327,482.57871249999994,481.0477458333333,451.05125,476.15099166666664,489.0509166666667,495.1858333333333,472.8603708333334,488.0239666666666,503.7125,484.20237083333336,529.6553041666666,515.0154166666666,486.91123333333326,483.7828208333333,487.2933333333333,519.5338791666667,508.80867083333317,475.88041666666663,488.30445,497.8162083333333,502.9549999999999,471.0357708333332,474.9526499999999,494.5899999999999,462.6575458333333,412.66995833333334,343.0411458333333,313.44836250000003,253.53163333333328,176.22354166666685,107.81148750000011,53.3451041666666,2.1668750000001182,-46.372895833333246,-82.3119875000001,-78.6978125,-134.69024166666645,-195.4702458333333,-239.1434374999999,-305.3179083333333,-353.2251583333333,-347.7489583333333,-345.8811833333333,-380.3163416666665,-438.52031250000016,-452.5759916666665,-523.2289166666665,-532.4289583333334,-515.7600416666666,-569.7715166666669,-641.5114583333332,-606.6044083333335,-572.8566708333333,-547.6659374999999,-573.5108666666665,-584.1607666666666,-576.2095833333333,-553.788425,-557.3115833333335,-532.2744791666664,-528.0903958333331,-533.9566000000001,-504.73208333333343,-466.2968833333333,-413.41178333333323,-405.7517708333333,-327.63356249999975,-247.26605416666655,-229.1726041666666,-212.58691666666658,-185.1830708333332,-167.41989583333333,-96.06805833333328,-34.93449583333336,-2.8039583333333553,49.411820833333195,102.6739916666669,139.44739583333364,179.6150666666668,237.84695000000005,296.32531250000005,353.36475833333327,347.0574083333335,328.5157291666667,366.96517083333345,418.94904166666674,422.86333333333334,421.7954000000001,421.71610833333324,435.62874999999997,452.6064875,461.4787124999999,451.21916666666664,449.9768416666667,451.8100166666667,448.3187499999999,432.8968791666666,441.5664750000001,453.45875,468.17692083333327,448.737625,446.54583333333335,447.69649999999996,445.77769166666656,453.41166666666663,460.2898083333333,477.8498750000001,486.7966666666666,471.47286249999996,466.18965416666674,471.8495833333333,478.60328333333337,426.7195458333333,380.13750000000005,367.02175416666665,376.0409333333334,388.745,370.88405416666666,376.72738333333325,402.01375,397.1710416666666,387.7491125,411.2195833333333,401.2992875,442.47802500000006,544.2970833333333
582.7017208333333,556.8949791666665,550.5004166666666,577.6918708333333,582.6527166666667,564.8000000000001,594.9122874999999,580.05715,577.7970833333333,580.4443875,576.0649666666666,593.3558333333333,624.456475,643.7532249999999,625.0225,604.6540166666666,598.965575,599.3479166666666,628.2502749999999,642.2102208333333,632.5949999999999,640.9323166666667,634.3641333333333,643.05625,634.1444624999999,638.5369583333332,633.66125,630.0581875,684.0647666666665,665.8783333333333,658.6566624999999,655.8662499999999,623.4979166666666,633.3209541666666,715.2421333333332,821.0116666666667,841.0618041666667,843.5365916666666,874.5504166666666,825.3924416666665,777.5340333333332,749.3301041666666,706.9790333333333,672.7943916666667,598.6346874999999,530.7384291666667,599.6289291666667,743.8067708333335,698.3173166666667,618.7614958333332,586.0143750000001,528.4541375,430.0964958333333,366.69843749999995,317.42307916666675,288.1446083333332,242.69989583333336,131.96384583333335,82.92728333333332,129.1660416666667,130.48601250000002,88.50201666666669,44.178749999999866,56.21667083333341,9.5870083333335,-1.9723958333334224,-25.637679166666658,-86.0766583333336,-129.8338541666666,-105.96875000000011,-121.0632083333335,-138.2896875,-153.20684166666666,-134.26750416666653,-112.89374999999998,-93.88008749999997,-66.72110000000009,17.843229166666788,47.497275000000116,16.442712499999857,1.8158333333331313,25.248391666666606,58.93568333333343,45.04562500000003,137.12829583333348,228.98024166666667,238.09843750000005,246.14546250000004,282.0040833333335,306.4348958333333,348.9297000000001,385.75914999999986,420.0297916666667,487.18221666666653,560.0804625000001,607.1465625000002,635.2222541666667,680.02545,733.4548958333336,792.5868083333332,827.7019250000001,873.6009374999999,941.6677416666666,993.6431958333334,1004.6704166666667,1025.0945208333333,895.3020083333333,702.07125,694.6356375,741.0031833333333,738.2558333333334,740.4923166666667,731.3628916666667,716.0983333333332,715.4503791666666,713.3671208333334,702.5508333333332,746.3100083333333,732.6512666666666,699.6724999999999,697.2443583333333,702.6907958333333,712.4749999999999,718.4864333333333,724.0027125000001,720.3899999999999,713.2240791666667,715.0097999999999,722.2608333333333,734.4145083333334,645.5345833333333,538.0333333333333,511.8821375,526.8126041666667,540.6725,524.9219166666667,532.3435833333333,561.9729166666666,567.8147291666667,553.9833208333333,565.9274999999999,558.3685458333333,550.2608083333333,567.04875
558.0638083333332,548.9603374999999,563.1445833333333,577.1754874999999,564.5416791666667,546.1595833333333,574.1428541666667,573.6754166666667,585.4466666666666,577.25005,577.8865208333334,599.61375,622.4643874999999,626.3275958333332,611.635,630.5567499999999,636.0245083333333,614.7145833333333,619.6914083333334,609.402775,619.2175,626.9262124999999,639.0910541666667,629.3970833333334,649.4720291666666,670.1358083333333,705.1704166666666,652.6459625,656.8622916666666,669.1279166666667,649.1461708333333,643.1959291666667,641.4120833333333,655.7548583333332,739.2365249999998,837.2283333333332,850.8868,854.7089916666667,897.5174999999999,855.9561833333335,802.7199208333333,771.9788541666666,717.2485041666666,647.8284874999999,590.6987499999999,525.2579708333334,577.0379624999999,714.4958333333334,685.2112541666665,617.0498999999999,564.8929166666669,505.97144166666646,423.7679708333334,375.29489583333327,308.6221375,271.4550458333333,225.01114583333342,134.2315625,51.18419166666666,36.073333333333295,46.481758333333346,25.605895833333477,-1.433750000000117,10.826200000000256,-41.383291666666366,-48.01479166666667,-92.11428749999988,-109.27016250000042,-149.77510416666664,-186.3244750000002,-198.45840000000015,-214.0855208333333,-231.03305833333337,-222.26769166666662,-189.5639583333333,-133.3513583333333,-74.91054166666675,-33.04354166666647,-32.78280416666658,-57.21697083333356,-40.438750000000226,-24.78478750000005,32.1509875000001,63.6484375,86.50090833333331,73.7811875000001,128.33697916666665,175.61443333333364,219.24821666666654,273.6398958333333,292.73457499999984,327.2233749999999,403.49395833333335,455.6317,502.68326666666667,568.4577083333332,639.521825,706.3558291666665,739.3994791666664,786.3962750000001,848.8920791666665,891.4038541666665,946.5171583333333,972.1962458333333,1011.0125,1037.2652874999999,900.5180166666667,711.7487499999999,688.8594624999998,717.4845791666665,704.02875,717.9406791666668,723.4501833333333,708.4095833333332,713.5752124999999,724.9172666666666,722.3258333333332,715.2557374999999,718.1699583333333,715.91625,701.7558041666665,703.4060999999999,718.0279166666667,723.8105,713.3022416666666,716.4545833333334,722.5711541666666,732.97305,734.7175,764.24695,697.0404208333333,538.895,512.1232791666666,526.5650541666666,548.9537499999999,553.0717333333332,549.6667249999999,542.6025,548.9578625,564.2019124999999,573.2383333333332,583.9423833333334,585.0446875,557.7629166666666
574.5979458333333,568.6232166666666,567.0941666666666,572.0783458333333,571.8852833333333,566.2429166666667,574.3248458333333,579.2739666666666,589.5741666666665,620.1806708333334,626.9565,590.02375,602.9280458333333,614.7893583333333,621.8824999999999,631.9832958333332,625.2904208333333,612.2245833333332,614.9086041666667,634.6352666666667,651.0845833333333,659.2719458333332,636.3726875,601.4404166666667,628.2897,654.4691708333332,683.8741666666666,640.3854624999999,639.2048625,670.0420833333333,632.7926416666667,660.6683125000001,669.20875,647.1307166666668,711.9915333333332,824.1154166666666,867.190975,845.2387083333334,835.82375,848.7347083333332,834.5418166666667,754.0478125,701.8845166666666,655.7429249999999,584.4051041666665,547.3458541666668,612.0141541666667,722.6216666666667,688.7849166666665,580.2463958333333,520.3708333333332,469.51926249999997,421.0803000000001,370.1018749999999,330.12879583333347,290.97641250000004,226.52479166666672,154.61563749999996,107.48791249999971,118.46166666666687,102.63958749999992,33.866100000000216,-23.418854166666648,1.2950708333333978,-45.59459583333302,-144.9098958333335,-178.3499458333332,-172.42808333333323,-172.05312499999985,-168.63868333333357,-154.1314750000001,-192.58531250000001,-192.59487916666677,-179.77171666666666,-154.77020833333336,-171.8534833333332,-163.30894583333344,-101.63468749999996,-14.79972499999991,-17.88350416666688,-26.10624999999999,-11.286816666666567,-4.758179166666594,45.665416666666744,64.57247083333328,97.4918458333332,172.37749999999994,199.54607916666657,216.73857499999994,272.15062499999976,308.3327083333332,350.65854166666645,408.4652083333332,462.75622500000003,518.5557416666668,550.5835416666666,586.482275,657.5536375,757.6185416666665,801.3204833333332,847.9015125,899.4968749999999,953.7778125,966.3051250000001,999.45625,1033.9804916666665,905.9384958333333,716.5504166666666,682.3459916666666,713.4162666666666,715.8583333333333,726.8330708333333,716.3077499999999,696.8845833333332,708.2823166666667,733.3390583333334,729.1841666666668,705.1527249999999,718.0296916666666,739.2149999999998,715.3204041666667,694.8904875000001,719.42875,717.5703916666665,706.3406083333332,714.8045833333333,724.4926833333333,717.9812333333333,724.4875,757.5925125,683.2721791666667,510.8174999999999,509.61149166666667,544.1697916666666,547.7141666666666,548.6147208333332,564.4455458333332,572.5216666666666,548.2612750000001,551.9114583333333,574.8766666666666,593.2061874999999,574.739775,528.4183333333333
565.5008791666667,580.0611041666666,560.645,568.0545249999999,582.5239708333334,599.3233333333333,589.6778291666667,579.9787083333333,578.9283333333333,588.196075,587.7468916666666,574.6891666666666,599.7182416666666,607.0974416666666,617.5054166666666,620.1378624999999,611.3822458333333,604.40125,606.1799583333334,634.9835625,648.3991666666666,633.1533083333333,639.1091375,671.36375,676.5576958333334,677.0536416666666,689.2091666666666,651.5982958333334,656.98375,673.4583333333334,639.7937833333334,666.4212249999999,684.3891666666666,666.8621375,730.2954708333333,842.6029166666666,858.9573083333332,841.4334458333334,831.5083333333333,847.6257083333333,817.5415458333332,752.2596874999999,670.4534041666667,609.5324791666667,561.7461458333335,479.20805416666667,525.5712291666666,666.4029166666669,628.7454333333335,577.6558208333335,554.5041666666664,500.3679083333333,443.1495791666666,354.3571875,309.3772583333333,268.10433333333333,223.41343750000013,151.21553333333324,104.32054166666651,57.12104166666671,-2.9489916666665295,-26.255966666666552,-19.928229166666654,-0.655783333333261,-11.746445833333297,-64.4970833333335,-95.1324374999999,-115.49595416666662,-110.53708333333324,-120.80151666666694,-122.11243750000008,-181.4487499999999,-189.8158708333332,-183.37044166666666,-177.9314583333333,-142.4472958333333,-129.62125833333346,-114.98062500000003,-41.15316666666669,-39.94094999999987,0.9973958333333428,-11.09308333333334,6.134370833333463,59.158020833333296,82.88524999999987,96.77282916666655,140.48229166666667,193.91557499999982,220.80173749999997,248.3502083333332,271.3362333333332,315.8176124999999,392.21270833333324,445.6519041666668,497.6787374999999,553.25375,580.6885916666666,661.852075,739.2190625,770.8635791666666,836.2930333333333,927.7568749999999,967.5194833333333,974.97275,997.2804166666667,1028.7982208333333,899.8952916666666,698.1179166666666,689.3758666666665,722.6908749999999,705.3529166666665,742.1693208333334,728.5624041666666,682.9566666666666,719.7852333333334,752.9872958333334,731.2895833333332,703.6598625,700.7815625,719.3541666666665,740.3161958333333,718.7031375000001,715.2358333333332,710.3678124999999,706.2883999999999,711.05,717.8343791666666,732.1293125,743.3762499999999,780.6316625000001,711.9061666666666,544.2020833333332,517.598825,543.8036208333333,540.4895833333333,548.3743041666665,571.3781166666665,580.9420833333332,555.5303916666667,553.0894958333333,571.4145833333334,570.4876041666666,548.0766291666666,545.875
582.6216416666666,584.2743916666666,552.8445833333333,581.9287499999999,623.0390124999999,622.7375000000001,589.3607166666667,584.0581625,611.05625,620.9747208333333,632.3964916666666,619.7187499999999,604.2601583333333,591.4990083333332,604.0508333333332,600.3991708333333,610.6167999999999,614.0929166666667,630.1355416666667,638.1333291666666,655.5666666666666,659.9806375,661.5763708333334,645.2558333333334,650.305875,638.1324625,650.8008333333333,645.7425458333333,650.5974291666666,672.1470833333333,642.2597958333333,664.0680041666666,664.5766666666666,644.8067333333333,732.2667,878.4029166666667,864.6587333333332,847.4572625000001,861.5074999999999,826.7030666666667,766.1842541666665,768.6597916666667,688.8704708333333,609.3921666666668,530.8990625000001,477.56204999999994,546.062375,691.7867708333335,660.6212291666668,607.6760083333335,571.9810416666666,522.7822041666666,450.16482916666666,367.495,310.9659458333334,252.41536666666664,218.05895833333352,141.69957499999992,104.18735416666652,61.30906250000004,-19.548979166666555,-29.25284166666671,18.34854166666662,9.541695833333222,-64.89772083333332,-113.50812500000012,-94.63974166666668,-99.40630000000007,-147.14354166666664,-175.26090416666676,-181.62914999999992,-137.08260416666667,-126.33536249999997,-108.81897500000028,-115.02687500000002,-137.57467500000013,-179.48556666666664,-109.8477083333334,-20.705345833333354,-0.17286249999983738,6.625937499999964,-6.4240833333333,18.495495833333422,56.28864583333336,64.48670416666653,60.09874166666671,89.82718750000001,179.42709166666666,235.75718333333313,269.6178124999999,286.1400916666665,325.96552916666667,372.4392708333331,424.4407333333334,483.1557416666665,550.8454166666668,606.3880875,677.8499708333334,738.2028124999998,769.6733791666667,842.4553041666666,913.2768749999998,938.2910666666667,965.5029833333333,997.8920833333334,1037.9746499999999,900.7560124999999,702.1445833333333,683.7593124999999,727.4383958333333,716.6975,719.1095166666667,717.0247291666666,710.1754166666665,726.5284416666667,744.5433416666665,731.3266666666666,721.2335833333334,721.7695458333333,719.2454166666665,730.6216208333333,729.6077708333332,741.1641666666665,728.7587708333332,717.0670666666666,705.9454166666667,731.6556875,730.0518166666666,719.6904166666666,761.7797541666666,706.3144374999999,545.9791666666665,529.1164583333334,556.6670708333334,556.3329166666666,562.2949833333332,571.7525708333333,564.5437499999999,537.9780375,539.7472124999999,580.2220833333333,604.2641625000001,505.96307499999995,411.3579166666667
413.1583625,428.96407916666664,403.00916666666666,410.8865374999999,435.59147916666666,437.79083333333335,402.8140708333333,401.7434999999999,412.3629166666667,443.5754291666666,447.6539416666666,425.4099999999999,433.8639041666666,461.4434958333333,478.83083333333326,480.0395666666667,483.56205833333337,482.90124999999995,489.76280416666674,488.04945,501.1887499999999,498.4495416666666,482.21743333333336,454.74083333333334,513.8487583333333,517.0885,464.50583333333327,503.99430416666667,510.704,506.7199999999999,477.1473125,485.382125,509.40458333333345,522.8920874999999,519.0810291666667,519.7304166666665,528.5664958333332,516.9530291666667,498.685,473.2503833333333,466.13789583333323,470.17322916666666,434.8608958333335,347.1340458333333,280.0192708333334,244.21761249999994,183.36258750000002,118.42843750000009,61.38447500000018,44.27324583333336,20.61906250000004,-12.585129166666889,-54.58180833333347,-44.97177083333315,-92.49646250000029,-132.3025583333332,-152.06385416666666,-251.57392083333332,-285.7448000000001,-257.8328124999999,-274.81405000000007,-348.7962208333331,-375.0321874999999,-389.74875000000003,-410.15127916666665,-495.40718749999996,-506.49132083333325,-554.7151916666664,-570.6617708333332,-564.9761041666663,-555.7033749999998,-574.3353125,-555.9653208333334,-585.6136333333334,-576.6463541666666,-633.2990374999999,-637.8107666666665,-552.6521875000001,-511.8422625000001,-524.6867583333335,-490.77364583333315,-514.1987541666665,-503.72379583333327,-519.6869791666666,-487.61609583333325,-404.48702083333325,-376.73395833333336,-300.38489166666653,-229.85289583333338,-195.43229166666663,-168.5515333333335,-113.64785833333332,-25.823437500000068,10.234445833333325,59.342399999999884,103.2240625,164.874325,220.0161625,245.82125000000002,320.80229166666663,338.7328624999999,318.2152083333332,357.73242916666663,421.8815791666667,428.8729166666666,427.9454249999999,418.17946249999983,446.76249999999993,439.32463333333334,445.54355,432.6925000000001,450.31248333333326,461.644275,456.59041666666656,466.8380333333334,455.179025,411.49125,425.0733916666668,436.7972291666666,463.2399999999999,476.21364583333326,467.0178833333333,470.55416666666656,469.9452499999999,456.87587499999995,434.47625,464.7663458333333,484.8193875,489.4650000000001,485.53222916666664,440.2060833333333,351.82083333333327,365.7487875,398.6161583333333,395.4870833333333,392.22730416666667,402.46618749999993,413.9816666666667,393.83868750000005,373.0536208333332,385.8325,410.1611208333333,401.86606249999994,404.8908333333334
419.1841083333333,412.7232958333333,384.5666666666667,415.4519749999999,446.2468583333333,440.27375,420.8205375,416.17499583333324,404.3212500000001,438.81818333333325,441.17467499999987,406.49208333333326,420.2074458333333,457.4152041666666,468.66999999999996,443.7884833333334,442.0673041666667,459.29249999999996,469.75385833333337,460.1277541666667,469.05708333333325,477.9672708333333,481.2142541666667,455.2108333333333,481.84989999999993,488.9088708333333,468.52083333333326,494.5996958333334,499.6195916666667,512.1466666666665,465.7778208333334,476.0112458333333,520.1387500000001,517.8534583333333,510.5867791666666,523.015,512.5719874999999,492.12710833333335,485.28875000000005,456.6992041666667,440.2882249999999,442.124375,414.38512500000013,338.38212083333326,279.74718750000005,243.28238749999997,171.9443,93.99479166666686,30.419325000000185,3.5210708333335106,-25.43479166666657,-44.59837083333343,-96.08324166666682,-113.8588541666665,-159.13625416666684,-202.09905416666652,-228.73395833333348,-302.2336791666668,-330.30857500000013,-319.5132291666665,-325.9226416666667,-383.54174166666644,-420.43218749999994,-480.52411249999994,-522.9604291666667,-585.2226041666667,-559.4167124999999,-586.9461374999998,-595.9891666666665,-573.756945833333,-556.1216916666665,-574.6002083333333,-549.0823208333334,-599.0288208333336,-609.8595833333331,-624.8878208333332,-628.3077791666665,-597.3065624999999,-573.8594208333334,-564.0311791666667,-503.9431249999999,-528.791858333333,-495.7438708333333,-476.1262499999998,-458.98547499999995,-384.80370416666653,-354.75468749999993,-312.2163999999999,-244.74674583333342,-176.5593750000001,-141.89394583333342,-84.47456666666665,1.7262499999998795,8.52423749999997,42.43665416666653,95.41916666666668,159.52072083333337,208.00059999999996,230.04072916666655,316.6213541666667,348.47225833333323,323.6269791666665,333.5836375,392.4779083333333,425.8145833333333,441.80443333333324,418.83298749999983,428.39833333333326,439.40627916666665,462.99531666666667,443.2129166666668,445.24339166666664,456.9376833333333,458.6349999999999,454.6859333333334,450.85517500000003,437.47875,455.80306250000007,447.11765416666657,454.02083333333326,473.4242041666666,468.2101458333333,464.4033333333332,463.46962499999984,452.6080125,436.54125,480.10271249999994,482.39948333333336,456.67500000000007,469.6456791666667,449.01789583333334,363.86041666666665,368.14195416666666,394.7571208333333,392.3458333333333,389.82172916666667,407.7009416666666,423.3570833333333,387.79155833333334,373.67002916666655,396.92499999999995,387.5185333333333,424.72581249999996,541.0404166666667
591.4590791666667,577.5837791666665,538.65875,559.9963375,602.9124791666666,613.24,576.0687416666667,565.3721541666666,565.5591666666667,592.7129833333332,596.1446166666665,572.3170833333332,577.7757708333332,610.2248166666666,629.0341666666666,608.6741083333334,604.905325,610.2545833333332,603.0451541666666,611.9446875,656.3512499999999,653.1487625,632.8112166666666,606.8195833333334,653.394775,652.6912458333334,607.7008333333333,647.7873375,664.8993208333334,675.8204166666666,640.2706333333333,639.5395041666666,647.26625,635.0796291666666,726.5860624999999,871.405,860.9844791666665,829.4617083333334,850.1579166666667,810.17275,742.3017458333333,700.5411458333333,684.7312666666668,617.3735916666666,528.6707291666667,467.033475,522.7252125,644.1770833333335,613.2150750000002,579.0314583333334,572.2836458333334,536.7721499999998,421.4631958333332,339.95500000000015,292.8060666666663,269.2449833333333,239.0898958333332,136.3217291666666,121.78186249999982,174.7501041666668,159.9941249999999,102.5252333333334,97.9368750000001,65.40917916666655,49.257312499999955,-7.8035416666667174,-27.77469166666674,-88.25982083333318,-85.61739583333329,-40.34662916666639,-54.67335000000003,-137.40291666666673,-118.5225375,-144.94778750000015,-142.8603124999999,-162.29800416666646,-130.14578333333316,-35.39593750000003,1.1606958333332216,-32.14159583333344,-23.296458333333277,-52.3990708333333,-28.43969583333339,-30.119999999999834,-4.088616666666638,66.91667916666671,74.27572916666665,112.36890416666674,185.30027916666663,251.09614583333325,268.34683333333317,316.7453375,413.55812499999985,441.17430833333333,493.36531666666644,552.435625,609.6943291666666,657.1789208333332,678.1292708333333,750.297225,825.4324333333332,883.8139583333331,918.7675208333333,965.560875,1002.4404166666666,1044.7012833333333,894.9972458333333,693.7870833333333,674.8033583333333,737.4393541666666,732.8695833333334,741.6567916666667,736.9870041666666,721.4170833333333,740.2006583333334,735.7500375,692.6833333333333,710.6590083333334,710.2410833333332,718.6379166666665,738.7102208333333,721.6575416666666,704.2649999999999,712.7258541666665,707.5105833333333,681.34625,714.3194291666666,717.6988416666667,704.2733333333333,723.526175,667.8034666666667,531.0091666666666,529.3442458333333,551.6837083333332,533.6566666666666,536.0456416666666,558.8769916666666,573.7291666666666,546.189375,532.6931208333332,555.8408333333332,559.7152583333333,548.6643416666666,571.7908333333332
568.2256541666666,564.2431041666666,554.9158333333332,554.7040541666665,571.0215333333333,586.26125,573.9277125,583.8678333333334,573.24625,589.278525,598.7565374999999,596.7320833333333,604.9272958333333,612.6223291666666,622.3475,617.62265,611.9691499999999,602.6195833333334,630.1772708333333,633.9815708333333,620.1158333333333,615.3975125,625.39775,656.0291666666667,657.5578749999999,667.9921,675.3004166666665,678.1702333333333,662.9080666666666,621.7225,637.1426416666666,646.7962791666665,654.2470833333334,633.0957041666666,730.4472041666667,879.7279166666665,865.3936416666666,844.4152458333333,853.2929166666665,808.6586458333334,761.9185625,709.4087499999999,647.4353041666667,577.2733333333333,503.6195833333334,440.23542916666673,496.3473583333332,611.7177083333335,581.9186458333334,531.1054375,452.1160416666667,389.9925374999999,317.9031624999999,271.68770833333326,244.57803333333325,226.59717083333337,179.81124999999992,86.03816249999988,55.76781249999988,67.9631250000001,58.64619166666657,2.650029166666883,5.486666666666764,-16.873516666666745,-56.830749999999966,-128.13958333333312,-153.38364166666656,-154.96873749999992,-138.0201041666666,-167.0036166666664,-184.918475,-231.4071875,-199.56192083333343,-230.30956666666688,-214.53614583333325,-203.77496666666647,-145.96824583333313,-114.04479166666675,-110.0841416666666,-92.4614125,-133.79083333333338,-87.85839166666656,-57.16034583333334,-34.7342708333332,-15.410733333333269,18.232429166666805,30.201458333333477,96.89400833333352,192.8192583333332,273.2919791666665,285.5508041666668,314.2095333333333,396.8303124999999,463.75801666666666,470.44371249999995,489.9758333333333,572.2243916666669,621.0288458333331,654.6132291666668,740.2592166666666,818.7496166666667,857.3239583333334,890.1888083333333,958.1266708333333,1017.1308333333334,1038.8953958333332,893.2744499999999,704.5508333333332,680.4550291666666,722.5073666666667,702.6241666666667,717.8743791666666,720.3904583333332,710.4475,718.3424166666666,729.5607374999998,719.6837499999999,719.9829458333332,705.9969583333332,720.3558333333332,740.4123416666666,735.8818875,730.6266666666664,715.8144416666665,698.4336958333332,684.25875,732.9034666666666,751.00235,727.1691666666667,751.3637958333334,686.6277583333333,530.3745833333332,532.2935291666666,556.6432416666665,555.5183333333333,524.4938125,553.2346541666667,570.9949999999999,571.8176791666666,577.0270208333332,563.7720833333333,561.6822833333333,568.9094749999999,581.8541666666666
558.200675,563.5324916666666,555.7524999999999,551.1614624999999,578.9192958333333,572.115,586.6507125,608.2931791666667,606.1108333333333,596.5300374999999,602.4701791666666,609.2804166666666,588.2181916666666,595.7104374999999,624.1249999999999,618.5188458333333,605.5850458333333,592.02625,617.2789708333332,626.3351875,607.4533333333334,622.7024375,618.3259583333333,619.1091666666666,621.9686083333332,638.5840916666666,648.4754166666667,671.5164,675.4242874999999,656.7633333333333,645.1319958333332,663.3664375,680.7266666666667,617.4267791666667,693.7154416666667,841.3774999999999,891.4184083333334,849.2653625,810.6295833333334,805.3313874999999,766.1383666666667,671.9058333333332,635.9384999999999,598.3199791666666,536.5669791666667,458.3096541666665,535.452575,680.7204166666668,623.2215958333333,572.1703875000001,512.2377083333333,473.26423333333327,390.36128749999983,305.06510416666674,304.13088333333326,310.2987166666668,260.5479166666664,143.54635416666656,69.05827916666658,76.33083333333352,2.564737500000035,-30.8726291666666,74.41718750000013,15.960945833333483,-45.947554166666436,-72.72145833333315,-73.75224999999978,-83.26054166666682,-145.0685416666667,-154.8437125000002,-163.3939541666667,-203.77989583333334,-198.84565416666658,-171.19110416666646,-207.34187499999985,-211.29999583333316,-146.64281249999982,-68.52083333333329,-67.6171375000003,-67.91263750000005,6.188854166666857,-2.418783333333323,-12.718683333333274,17.889375000000058,39.5688416666668,62.544429166666646,91.89958333333342,148.3359875000002,198.02685833333342,274.53958333333316,319.3357000000002,343.13648333333305,354.25041666666675,455.2558,473.4258458333333,481.56375,557.7077000000002,610.319058333333,675.7051041666668,762.4875208333332,832.6185416666666,870.4013541666666,891.1302375,959.0678999999999,1020.4899999999998,1044.2170083333333,914.9691333333334,715.2941666666666,690.5259916666666,718.0955999999998,715.9650000000001,727.5586833333333,717.3183666666666,708.6270833333333,709.4845124999999,709.8391166666668,691.2779166666667,703.2411249999999,718.1280125,736.5674999999998,740.9024041666667,727.5549083333333,744.3075000000001,732.5327166666666,717.9759624999999,716.27875,727.6512708333332,720.7996958333333,712.2525,737.8397750000001,666.7797041666668,529.2204166666667,540.4422875,563.4967666666666,535.3508333333333,507.7227166666667,547.1975541666667,573.37625,557.8702166666666,553.4667166666665,564.5195833333332,566.1168916666666,548.5717749999999,551.5079166666666
545.9223375,561.7724249999999,554.7125,558.6531291666666,576.3445416666667,571.5104166666666,595.4233833333333,614.3495,584.6316666666667,576.375075,570.2963583333334,577.1116666666667,599.1166958333333,627.5782125,622.6504166666666,608.5285708333333,610.9421958333332,636.7995833333332,627.7738625,622.5688791666666,610.6258333333333,608.1860125000001,610.9953958333333,630.8408333333333,670.1587208333333,665.4112041666666,629.1970833333332,639.5929708333333,668.128325,670.3349999999999,663.5631833333333,656.5734875,655.6016666666667,627.8800333333334,707.9237375,850.3633333333332,869.3415083333332,847.1309833333332,838.4032291666667,816.2292874999998,770.017075,705.76125,638.3715916666665,600.2854541666666,555.54875,453.7396249999998,531.2337375000001,691.8471875,650.0504916666667,553.8381458333332,486.15229166666666,427.6211333333333,371.2732625,290.82281249999994,257.5740833333332,256.8559958333333,207.68124999999995,108.38784999999982,52.8678666666664,116.61656249999993,53.69914583333335,-16.924904166666465,-23.376458333333318,-73.62294583333355,-102.52764166666671,-69.56291666666661,-59.134741666666514,-144.0112333333335,-215.71843750000016,-214.39455000000015,-233.9932749999999,-292.0621874999998,-284.92524999999995,-281.04047499999984,-278.1891666666667,-281.0944624999999,-227.3494166666668,-166.80437499999977,-170.26725,-128.50845416666647,-96.80843749999991,-111.69853333333342,-118.06954166666662,-116.0846875,-30.153941666666952,39.66569999999996,59.045312500000136,117.75874166666665,154.51618333333323,212.42333333333332,281.95630416666654,317.4619333333334,346.4419791666667,425.4267833333332,469.3670416666666,490.5348958333333,555.3279,624.3434791666665,660.5712500000001,710.7640416666666,778.6472249999999,859.5770833333333,896.2659958333334,944.4029249999999,1011.25625,1029.6042375,896.1432249999999,703.0495833333332,708.0448458333333,736.8935583333334,702.4041666666667,714.0237416666666,717.6032124999999,683.55375,703.9484083333333,727.2064458333333,724.87125,704.6140583333333,695.9550916666667,716.9666666666665,723.8194166666667,724.1766333333333,719.6499999999999,724.04855,727.78015,747.3445833333333,736.4800083333333,738.1461041666666,748.6516666666666,764.5502375000001,696.5902333333333,576.1720833333334,538.2437416666667,551.8103791666666,538.0079166666667,552.0145375,558.8375,554.7249999999999,562.3370916666665,558.5764458333333,545.7416666666667,585.0376999999999,573.6434999999999,564.6108333333333
571.7125583333333,592.11305,563.3233333333333,588.9481083333334,610.0702791666666,595.9120833333334,605.1875583333333,613.87595,580.8270833333333,601.5211958333333,591.4303875,560.7125,588.7751041666667,616.9774416666667,603.9525,586.1400916666666,594.2624916666666,634.1041666666666,652.1941833333333,638.2495333333334,600.8804166666666,630.8178416666667,645.686275,653.7116666666666,647.9844125,636.4739833333333,629.6191666666666,637.7841208333333,642.2208291666668,635.53,667.2680124999999,666.1856708333333,642.7595833333334,633.58625,723.3852875,861.5429166666667,874.6241916666667,848.9702749999999,833.0584375,804.0324874999999,755.6283208333332,698.2160416666667,611.7088874999998,569.8412291666667,529.1163541666666,440.41800416666666,517.1430416666667,675.4748958333332,626.9850958333334,533.0355458333332,499.0558333333335,454.0930749999999,363.89494999999994,263.2649999999999,208.27626666666657,112.54148333333333,100.3026041666667,82.66311666666653,35.60966666666644,24.070416666666574,-0.35967916666672295,14.566279166666789,13.085729166666738,-91.48665416666665,-109.92733750000002,-96.05385416666655,-64.30000833333321,-144.6682458333333,-187.96541666666656,-167.22881250000006,-173.3828583333335,-181.1737500000001,-214.43699583333336,-221.79758333333325,-234.11687500000002,-287.5093791666666,-253.0997000000001,-172.52781249999984,-156.6589041666665,-112.04314583333343,-139.54239583333327,-115.95210416666671,-103.30778333333328,-96.68156249999998,-57.8352458333336,-24.672966666666525,-20.83302083333308,76.89659583333349,135.481395833333,189.54104166666673,265.1949833333332,307.9270916666667,303.04156249999994,371.0731708333332,422.8852833333332,470.1508333333332,550.5235458333334,613.6465124999997,671.6720833333331,717.1581749999999,786.1718625000001,859.5455208333334,913.7601500000001,949.5706625,982.8374999999999,1039.2008291666666,922.5027125,710.0304166666665,680.2330749999999,731.3686625000001,729.0337499999998,707.4567916666667,705.4904333333334,718.2333333333332,720.4648875,722.4176125,710.5137500000001,726.4568166666667,703.675675,702.1791666666666,719.6526958333334,734.0824708333332,730.2175,720.3347166666667,723.3949291666667,742.3166666666666,724.1996708333332,719.824775,716.9387499999999,755.3770333333334,702.4635583333334,562.8891666666666,544.8086333333333,567.0354041666667,544.7316666666666,555.7767625,542.3934125000001,543.7641666666666,563.460575,579.3619541666667,574.1,574.0126625,507.069575,426.15916666666664
402.7919708333334,409.1007083333334,390.3204166666667,416.6421916666667,424.1932875,402.6391666666667,400.2523666666666,433.0880666666667,436.37249999999995,423.8381541666667,418.35255416666666,422.30625,449.6102916666667,469.6725416666667,476.5166666666666,448.4701458333333,449.9088333333333,464.3370833333333,505.75899999999996,510.7845625,489.8925,471.6344,462.7535875,470.27166666666665,497.3746,498.5852833333333,477.7654166666666,463.7640375,470.78908749999994,483.3208333333332,496.45756250000005,485.82009166666666,498.6954166666667,518.4214583333332,509.9251875,503.85249999999996,514.2232416666667,511.1879583333333,482.8620833333332,455.55444999999986,453.5930958333332,459.63374999999996,377.7641208333332,312.0036458333332,273.6142708333333,207.84809583333328,154.89631666666668,101.6795833333332,29.39917500000024,-22.423141666666766,-69.0745833333333,-148.21905833333324,-149.11704166666652,-106.34833333333336,-124.51796666666667,-245.32741249999992,-282.1664583333333,-303.09743333333347,-338.06167083333355,-349.78354166666674,-388.8946333333334,-405.8861166666665,-455.4913541666665,-547.9917250000002,-561.3627250000001,-551.5522916666667,-604.9355999999998,-694.2184916666665,-717.1579166666668,-676.1683666666668,-662.1023416666665,-687.5713541666665,-664.8869833333335,-658.5471541666664,-660.0028124999999,-697.3581291666667,-746.5266083333331,-682.7354166666668,-640.4459583333334,-594.4910625000001,-620.1309375,-561.2063375,-565.6876875,-570.1847916666666,-475.3689083333333,-451.9991999999999,-374.05729166666663,-337.45742499999983,-266.63148749999993,-232.39312499999983,-171.73670000000016,-117.934575,-91.6341666666666,-29.302295833333574,18.22990416666653,53.155312499999866,114.61359166666671,169.2505291666664,251.1020833333332,292.0413166666667,283.70168750000005,279.7265625,319.8329041666668,377.70394999999985,409.1872916666665,437.2280833333332,456.7755916666665,461.36708333333337,457.70435833333335,446.7216125000001,435.5245833333332,410.21801250000016,442.99426249999993,478.93041666666664,450.1310291666665,424.9002,422.91291666666666,450.64774166666666,447.0843708333334,458.17458333333326,450.76610833333336,453.936025,465.4262500000001,487.2995041666668,488.28055416666655,468.66374999999994,458.2560333333333,478.92490000000004,500.92125,472.92330833333335,433.1246,392.16375,374.26005833333335,381.342,379.64166666666665,386.8907291666667,372.3499166666667,387.4433333333334,400.45042916666665,412.2886458333333,411.0625,415.37046666666663,413.2551458333333,423.0391666666667
393.4577375,379.0190083333334,374.89291666666674,419.5641625,427.92017500000003,404.3075,423.53293749999995,449.47305416666666,422.56875,414.58928333333336,410.39085,403.47499999999997,439.0260875,463.53731250000004,459.0849999999999,418.1992958333333,422.6830916666666,452.4841666666666,499.72414999999995,492.88458750000007,460.7945833333333,458.89116666666666,464.7906208333333,466.3041666666667,476.2698833333333,476.22334583333327,469.0854166666667,458.6080583333333,465.0294291666666,478.81374999999986,493.64841250000006,486.3767833333333,494.6875,494.43050833333325,494.62683333333337,511.99333333333334,504.13560416666667,495.4200333333333,477.75114583333317,427.3583124999999,410.27462916666656,426.80906250000004,353.69973333333326,292.87556666666654,256.5178125,188.2096208333333,131.24941250000006,76.9417708333333,4.982891666666774,-68.06525416666682,-134.27166666666665,-186.8172208333333,-187.24104583333326,-173.25041666666664,-179.98239583333333,-282.93956666666656,-311.1477083333334,-318.2209250000001,-375.9205625000002,-419.81135416666666,-426.5737333333334,-416.77011666666647,-484.3545833333332,-612.8430541666669,-660.2071125,-655.9398958333335,-668.8692541666665,-723.2066916666665,-737.3280208333334,-690.1583791666667,-665.6307874999998,-674.3933333333332,-634.3214416666667,-641.6631374999997,-662.7030208333333,-669.1319875,-705.8367291666665,-670.2242708333333,-646.0771916666666,-583.3446333333334,-582.5144791666668,-529.5016958333333,-514.5113416666667,-481.0229166666667,-396.1187625,-378.59159166666655,-304.45593749999995,-319.62049166666645,-257.7599291666666,-193.30895833333318,-153.48623333333353,-91.80693749999989,-32.36083333333329,-0.7082958333335796,25.169908333333296,71.95677083333322,126.97633750000006,160.99149166666643,231.28364583333314,285.81045833333343,288.08824166666676,276.56218749999994,302.75507916666675,363.45771249999984,414.14583333333326,455.24021249999987,457.69262916666656,440.7670833333334,458.604675,456.00435833333347,430.2158333333333,411.01900416666683,439.93790833333327,461.19041666666664,442.0133291666666,433.89834166666674,445.4745833333333,483.96732499999996,461.51052916666674,444.9445833333333,451.03438750000004,458.4161125,454.79166666666674,481.66181666666677,482.4454791666666,454.2591666666666,451.06556249999994,473.4754083333334,490.88,472.8179000000001,437.6572333333333,391.88708333333335,376.3006666666667,387.50379583333336,380.9445833333333,373.5518083333333,369.81263750000005,404.1387500000001,395.25798749999996,405.13045,415.21124999999995,388.1141166666667,434.84541666666667,565.8408333333333
584.6584583333333,557.8786375,530.3129166666666,574.1554208333333,589.4933041666667,564.7750000000001,574.6358541666666,600.8550124999999,586.2404166666666,586.901825,579.9708499999999,560.4308333333333,583.6929250000001,612.3913291666667,622.2224999999999,583.1550666666666,584.7771999999999,608.6416666666667,642.9292499999999,644.093775,631.0420833333333,618.9535333333333,607.3424249999999,608.0808333333333,634.6322749999999,633.2285458333333,614.6395833333333,622.2704333333334,637.5519583333332,643.2454166666665,663.342475,652.7757958333333,634.6175000000001,612.4656124999999,700.7370374999999,855.145,856.8742208333333,829.7646874999999,829.9810416666666,790.0557833333332,726.1630666666665,676.5289583333333,605.2811166666665,558.5694291666665,510.0902083333332,439.621325,500.59647500000005,620.6730208333333,593.0501666666669,518.9027374999998,465.46479166666666,401.7968208333333,325.2541583333334,251.08895833333332,248.1020374999999,175.4073916666666,144.99541666666656,111.58972083333316,76.96096249999974,80.00979166666662,50.42760416666658,55.79900416666672,20.4589583333335,-105.64690000000024,-124.68811249999999,-83.21447916666676,-135.2435499999999,-245.3517083333332,-269.99541666666687,-189.08295833333347,-192.58646249999995,-280.5841666666666,-252.05465000000007,-221.24326249999973,-213.96520833333324,-238.92660416666672,-268.68359999999984,-184.89156250000016,-135.9981000000001,-118.24249166666675,-178.9637500000001,-105.17595416666677,-76.15070416666671,-65.21270833333335,15.222120833333321,12.96162083333337,60.66385416666668,62.535229166666824,141.79066250000002,204.0052083333334,243.33309999999977,305.01627083333335,369.06583333333333,418.02758749999975,453.0952999999998,498.0139583333332,557.8607125000001,602.296183333333,668.1310416666665,695.6009875000001,742.7937875,827.1777083333332,877.2515583333334,923.2713374999998,977.4916666666666,1039.1141333333333,915.1203083333332,695.5708333333333,689.3704166666666,737.1572125000001,734.1833333333333,708.6696541666668,722.6267458333332,738.3541666666666,726.4178041666665,711.5619958333333,700.6916666666666,728.5337708333333,720.5275791666668,724.8120833333332,724.4069000000001,715.7548708333333,702.1912500000001,725.5454291666667,729.6283749999999,707.6220833333333,705.5374208333333,718.8466958333333,731.6004166666667,727.4560375000001,664.6137125,562.8175,539.0660041666666,551.2391041666666,533.6991666666667,522.3981875,512.6664416666667,543.3283333333334,548.009325,562.7966666666666,574.5091666666666,564.4482458333333,554.8917291666667,551.9495833333334
550.8781416666667,541.4335291666667,540.8125,571.571225,579.5316083333332,573.5608333333333,579.6032958333333,610.2171666666666,586.7237499999999,562.6621041666666,562.7854708333334,581.06125,583.2943416666666,604.1044625,607.9158333333332,576.3007416666666,582.2018083333332,615.4420833333332,615.3071375,620.8365875000001,602.6820833333334,604.6348208333334,603.353,632.5045833333334,645.8417458333332,662.2273291666667,660.8741666666666,630.1390083333332,614.8677333333334,635.7537499999999,634.9049458333333,638.0731125,606.4991666666666,623.7645166666666,727.3078791666666,853.8058333333333,855.6508791666666,841.9926541666666,832.1989583333334,797.6543416666666,735.190875,674.1671875,594.1178041666667,515.7304291666667,444.34343750000005,399.91369583333324,452.5217499999999,570.5794791666665,548.9614708333332,458.2525541666665,414.5803125000001,357.0681166666666,304.7002375,236.02208333333343,200.2514499999998,112.40239166666666,57.46114583333332,5.3111666666664235,-30.644450000000177,-23.869895833333374,-68.4278916666668,-75.58801249999973,-84.29989583333321,-167.67945000000012,-194.30495416666656,-206.88458333333352,-268.83795416666646,-305.80390833333337,-321.2855208333335,-317.3131583333335,-315.65325416666667,-351.90166666666653,-315.4237416666669,-291.7323666666664,-288.34999999999997,-299.4794541666667,-293.99480416666654,-221.72927083333335,-196.3244333333335,-166.41230000000022,-157.85458333333332,-146.81466250000005,-147.9364166666667,-98.52166666666665,9.15556666666663,43.47516249999998,88.32666666666648,133.52948749999968,217.6362583333333,254.25604166666682,284.288470833333,313.6181291666667,354.8614583333334,449.3168708333332,500.5993708333334,515.4136458333332,569.7029625,633.3817416666666,684.3142708333332,726.1775999999998,789.3588125000001,810.2860416666667,888.7142875000001,940.0143916666665,998.9066666666665,1047.6826624999999,919.2716083333332,699.1375,692.8411166666667,718.7071625000001,701.8449999999999,702.8575208333334,736.8145166666666,734.6583333333333,721.0722041666666,712.2972500000001,702.6554166666666,724.0043541666666,708.2535541666667,708.9124999999999,715.9930499999999,723.8743125,729.665,729.4082458333334,734.5771999999998,728.7516666666666,713.1099208333333,720.906025,753.5695833333332,773.60585,677.8544416666666,549.3154166666666,510.8410208333333,535.2149916666666,529.2879166666667,557.2363875,536.7136583333333,538.5404166666666,565.9353666666666,583.73035,580.6179166666666,563.1632541666667,569.985825,555.58625
570.7119625,567.6122583333333,536.26,554.8889291666667,574.3440041666667,592.10875,581.0650958333333,597.0466916666667,580.3158333333333,578.2059791666666,574.5959458333333,574.3791666666666,567.4475249999998,595.2711749999999,617.4712499999999,610.6658291666666,610.3321625,570.4666666666667,584.7093291666667,607.6528458333333,638.4341666666667,625.5168749999999,599.4372374999999,603.3466666666667,612.1289166666667,614.9895,598.3520833333332,600.8985458333333,609.582225,614.6724999999999,592.4291999999998,605.863225,626.4941666666666,611.6855291666668,684.6423916666666,824.9266666666666,832.9353291666667,807.2522291666667,797.0866666666666,735.6315208333333,660.7391958333333,603.5694791666667,591.7111666666667,561.7505833333333,513.8568750000002,430.09007083333324,487.90915416666667,635.9726041666665,561.0591083333334,482.87892083333327,481.56885416666654,408.8281916666667,364.2681249999999,339.24906250000004,237.66253749999996,151.21542500000004,105.24989583333323,53.547087500000146,16.853929166666774,-30.722083333333302,-80.0186375000001,-61.73366666666675,-66.85479166666653,-185.14040000000014,-210.1815499999999,-159.9856250000002,-222.25084583333307,-311.15292083333327,-334.79364583333336,-301.71373750000015,-293.2839999999999,-339.97239583333317,-304.5295000000003,-302.0940833333332,-319.3310416666666,-325.3887708333334,-308.36314583333314,-187.66656249999994,-128.6195333333333,-128.5307583333336,-133.41510416666674,-86.7154124999999,-44.90670833333334,-5.050729166666628,21.236666666666792,71.38780416666648,136.975520833333,171.26174583333338,204.72525416666676,257.71166666666676,304.8583208333331,347.0431624999999,398.4119791666667,422.4203249999998,488.1525375000001,524.0789583333333,563.0781791666667,622.1847958333333,695.3437499999999,733.4023874999998,789.9503124999999,817.3486458333333,876.6628458333333,922.2888916666665,970.9049999999997,1040.0485124999996,930.3794416666667,717.9216666666666,680.0525124999999,718.8638666666667,729.3583333333333,704.4151875000001,727.2248166666666,738.0083333333333,721.735625,705.4885083333334,695.1570833333333,724.6435375000001,727.8282083333334,732.5079166666666,712.74205,709.9951916666666,715.2941666666667,724.2448125000001,741.9610333333333,745.4812499999998,737.6534416666667,746.9952291666666,761.6195833333331,752.6161666666667,646.8590125,532.04125,530.0855,559.2089124999999,544.1216666666667,542.7548750000001,522.728575,534.5083333333333,547.9068541666667,556.5826833333333,568.7558333333334,577.7725874999999,549.1124791666666,518.87125
560.8473208333334,573.4029541666666,557.505,557.7338041666667,569.1038249999999,599.6116666666667,596.6275041666667,610.3155916666667,601.4899999999999,602.6365416666666,602.3234208333333,573.1116666666667,567.417925,588.2428916666665,582.4616666666666,599.5383958333332,606.3864666666666,595.3841666666666,582.8080458333333,615.141025,653.2333333333332,606.5774708333333,585.0280541666667,621.2129166666666,665.1121499999999,653.7914333333333,609.4066666666665,616.3367,636.2465666666667,630.5166666666667,606.1351333333333,611.0620541666666,631.6858333333332,610.1543166666667,670.6204541666666,790.6133333333332,833.8287250000001,819.5673541666666,789.9148958333333,709.9443916666664,652.3418416666666,620.6622916666668,598.5411041666667,561.46195,511.21104166666674,407.26122499999997,485.23059166666656,655.66125,593.4654708333335,480.8565874999998,485.48854166666683,466.4294041666667,435.3363333333334,385.81072916666676,329.9297208333332,267.8801541666666,179.13208333333313,169.2817791666667,174.28459583333333,139.63,27.999862499999807,20.245845833333306,-5.228229166666495,-97.65079583333338,-105.63896666666673,-8.78822916666681,-59.71279999999973,-155.9687125000001,-187.41020833333323,-169.40292083333327,-178.29023749999982,-226.4396874999999,-228.97489583333294,-217.41626250000007,-214.23812499999997,-172.84252916666676,-125.91713333333308,-123.10708333333338,-148.28319583333362,-118.28247499999992,-84.51322916666666,-18.23065833333331,37.81739166666671,57.91854166666661,107.08613750000006,135.9468708333332,157.13218749999996,235.03218749999996,245.68078333333338,258.24833333333345,296.1771958333335,358.35179166666654,412.3828125,464.7491458333335,520.1964708333334,556.5389583333333,604.3288208333332,640.6987583333334,670.2123958333334,712.7377458333334,762.1745083333332,825.2947916666667,885.4848,934.1904375,976.0260416666664,1046.8857374999998,918.0334958333332,682.4304166666666,687.9734958333333,729.5269791666665,731.0004166666666,706.0329333333332,709.3060624999999,719.3916666666667,718.0105375,718.9781291666666,714.1745833333334,721.4676458333333,722.822175,736.0179166666666,722.3223291666666,722.7967125,715.7683333333333,716.0883208333335,740.7418999999999,752.8933333333333,729.4728208333333,740.4171875,783.30125,777.1307333333334,674.7272708333333,546.0183333333332,498.23271666666665,532.4905833333332,559.7525,548.3877124999999,535.3721166666667,545.8191666666667,556.8531708333333,550.8324791666666,558.18375,582.9273291666666,581.4530333333333,565.11625
573.3839041666666,574.26445,559.18625,592.0194416666667,614.0906416666666,623.9925000000001,604.22945,601.0193666666667,590.2908333333334,596.4769083333333,577.77955,569.2349999999999,546.4493374999998,567.7764874999999,565.2841666666666,571.5335083333333,583.3897416666666,589.4683333333332,583.6945875,592.934625,618.4466666666666,619.6751999999999,613.43815,640.98375,644.204075,623.7224375,593.395,600.7028833333334,601.0892166666667,607.21,604.8140291666666,611.8291833333333,624.9862499999999,608.1937208333334,687.6537333333334,801.0687499999999,841.2826875000001,801.6697,764.1372916666667,703.8919666666667,653.3916874999999,612.3705208333333,580.2188875,566.8170041666666,497.07781250000005,399.5590041666667,480.75432083333345,665.7351041666668,613.7922916666668,526.3195666666666,513.9765625,460.0687250000001,381.9841916666664,357.25197916666656,303.46952499999986,244.03999999999988,171.23114583333324,154.3889333333333,155.15053333333327,130.13375000000005,49.711458333333155,17.702720833333046,-17.59072916666659,-120.82362916666662,-172.21517499999993,-193.00749999999994,-177.88136666666657,-192.7171875000002,-239.4111458333333,-197.23480416666666,-218.15401666666662,-277.00197916666656,-188.97786666666644,-191.0434291666667,-193.42635416666653,-190.57827083333333,-165.6655333333331,-158.79031250000008,-151.46137083333355,-97.6633583333332,-44.01145833333325,-0.4529958333334321,12.966387500000195,17.374479166666646,42.03300833333347,84.08780833333336,110.84989583333325,152.78370833333338,190.39784583333332,206.51520833333348,254.6145416666669,307.8637625,344.3743749999999,382.3773874999998,420.6626625,482.9620833333332,501.3764583333333,580.6204458333333,652.5280208333334,710.0927749999998,749.3834833333334,814.7805208333332,893.2061958333331,938.5319791666665,974.6878125,1050.0703875,923.4520624999999,680.1158333333333,674.8602291666666,719.4790499999999,727.8395833333332,722.1740291666666,714.4816791666666,704.8620833333332,720.8867250000001,713.1239458333333,710.3479166666666,725.8979625,710.6477791666666,699.2166666666666,709.9963124999999,735.2411666666667,744.3212500000001,737.6060458333333,737.2393541666665,740.6712499999999,755.2787500000002,758.476175,755.9399999999999,758.8966375,671.4111083333332,539.9091666666666,520.8051791666667,555.8016458333333,542.9158333333332,545.6646791666667,550.4590000000001,547.8041666666667,557.9761708333333,557.716875,544.9291666666668,558.8990125,530.9939458333333,421.47833333333335
401.522675,418.1983541666666,422.93125,424.94998333333336,430.50749999999994,429.4929166666667,399.66795416666673,412.69414166666667,421.75750000000005,417.47362499999997,401.43597083333333,433.76874999999995,446.34000416666663,434.4471249999999,425.9345833333333,467.0564708333334,452.0531125,410.5625,427.96721666666673,463.63841249999996,466.72416666666675,457.49288333333334,429.1149416666666,451.67083333333335,487.2804125,475.9272666666667,437.97083333333336,446.3317083333333,448.4729083333334,466.9095833333333,439.54515833333335,432.0984208333333,466.5783333333332,496.45332916666666,494.55690833333335,453.65999999999997,449.90829999999994,445.4514291666667,408.14375,334.2018583333333,336.51840000000004,378.3904166666666,331.64240833333315,283.1780624999999,228.5555208333333,139.4494125,93.69402500000001,67.30635416666655,8.326254166666672,-52.55085416666657,-109.38260416666662,-209.34938333333332,-189.85017916666663,-56.12187499999993,-133.29107083333326,-216.8070541666666,-232.25406250000015,-258.96412083333337,-324.0976999999997,-384.6315625000002,-421.3345291666667,-438.46103333333343,-529.1216666666667,-472.8675999999999,-488.65630000000016,-551.21375,-539.0345291666667,-507.1767083333333,-494.8394791666666,-476.0259041666667,-508.87375833333306,-582.8998958333333,-573.5335499999999,-577.2734541666665,-573.1121874999999,-569.38185,-575.6111249999998,-598.6171875,-572.5878208333332,-507.45024166666644,-510.78020833333323,-436.5772124999999,-398.8586375,-408.6641666666668,-416.0972499999999,-391.86619583333334,-333.4923958333334,-249.36476666666664,-235.18242916666668,-224.93364583333334,-192.5656541666665,-149.22771666666654,-96.23187500000006,-23.750899999999888,40.47303749999992,86.32385416666659,128.0364583333332,159.46609583333338,210.03093750000005,291.3568458333333,290.4536291666666,244.99510416666658,312.8496541666666,365.1664125,394.11677083333325,439.8304208333333,456.73502499999995,435.7645833333333,436.03085,431.3985541666666,441.3983333333332,436.8566125,449.45292916666665,473.4470833333334,451.8792708333334,432.00129166666665,443.34833333333336,456.0958416666667,455.6844208333334,434.3162499999999,435.42405833333316,453.0367958333334,485.4741666666667,476.76422499999995,481.9186791666666,488.7675,499.4460041666666,493.7285374999999,486.75333333333333,480.941125,434.837425,377.05625,357.56454166666674,379.70901250000003,391.70791666666673,372.2575416666667,377.6544666666667,383.11458333333337,399.9540083333333,419.59041249999996,397.53041666666667,410.66870833333337,442.5865583333333,437.34000000000003
409.51863749999995,401.2648499999999,419.6116666666667,434.79550000000006,441.6744416666666,439.79291666666666,418.84912083333336,421.51705833333335,409.38750000000005,412.1971333333333,403.90504166666665,432.6654166666666,444.6941333333333,424.1738874999999,398.82124999999996,432.13735833333334,432.9399708333333,414.67875,428.4758791666667,446.51234166666666,437.01000000000005,430.982075,421.5727333333333,458.36,479.1509416666667,454.36624166666667,416.8570833333333,424.46341666666666,426.4507375000001,448.4579166666666,428.28413750000004,430.9230666666666,461.3870833333332,460.5316583333333,466.45942916666667,459.51083333333327,440.0251291666666,427.1255458333333,402.3138541666667,315.6707125,297.1127791666667,333.48041666666666,302.1306833333332,265.5855416666666,206.92270833333328,108.18890000000005,70.39707083333337,60.7570833333333,-5.538066666666623,-86.612975,-147.5219791666666,-218.56209583333327,-191.55657083333335,-78.0659374999999,-155.65519999999992,-220.61921249999995,-211.19333333333356,-220.41064999999998,-295.4479666666664,-370.05937500000016,-382.49697916666685,-393.7009666666667,-511.936875,-477.5093416666665,-518.1893333333335,-593.1678125000001,-549.2172791666667,-491.24341249999986,-481.92083333333323,-472.9432375,-505.9743791666664,-562.5361458333332,-526.4939666666664,-539.3207375,-561.7120833333333,-540.6289875,-538.5974666666665,-584.0464583333334,-575.4074958333332,-501.60941666666645,-479.52395833333344,-390.4808249999999,-344.4849791666667,-346.55145833333347,-346.9299833333332,-317.40526249999994,-272.2145833333334,-230.22549583333318,-215.53105000000005,-178.12843750000008,-174.27375833333315,-134.53051666666659,-54.4180208333334,-0.8643374999999764,54.86237499999993,116.2240625,149.85989583333327,166.34514166666668,207.54489583333338,281.12580833333334,288.0404999999999,255.31624999999997,314.4529083333332,363.3076,406.4352083333332,464.70421666666664,460.53125,413.49749999999995,440.8818583333333,446.25430416666654,434.64833333333326,431.65814166666667,447.8807875,469.71166666666676,456.66136666666677,438.6207708333334,451.745,487.05607499999996,479.90002916666674,430.85624999999993,441.70777083333326,461.25498333333337,479.5133333333334,477.4603125,475.7486291666666,462.07124999999996,478.089925,490.9405999999999,493.515,479.42781666666673,434.4957416666666,386.41499999999996,361.0386333333334,391.1267541666667,414.75166666666667,370.912425,368.2483666666667,386.17875000000004,390.372,411.17656666666664,397.62666666666667,388.68103333333335,467.197275,568.73
588.2880124999999,575.3000124999999,575.1254166666666,585.8802458333334,597.5451541666666,597.6558333333334,571.0569125,578.9587416666666,582.3491666666666,588.5791624999999,562.89575,568.9858333333332,580.3870916666666,573.7633708333333,565.1645833333332,609.1734083333333,598.8358416666666,559.785,574.9765583333334,608.14835,608.8620833333333,594.6835458333334,565.9521,596.1383333333333,641.0534833333334,622.2870416666667,572.3783333333333,593.4864375,598.5544833333335,607.3208333333333,591.0566541666666,600.6504,617.5729166666665,590.9617916666666,674.0443708333332,797.99625,790.1958916666665,761.3818208333333,750.2269791666668,665.6017666666667,609.9235874999999,601.4027083333333,574.5369874999998,537.7863291666665,451.2764583333332,348.85562916666674,435.8026708333334,602.1482291666666,568.6711083333333,483.96627083333334,440.72406249999995,348.4136791666667,292.0716124999999,326.16312500000004,268.4687541666666,225.78732083333324,216.06197916666636,198.70204583333327,153.6507666666669,113.67041666666645,85.33028749999983,74.4816166666665,-17.047708333333276,17.528162500000064,-6.263991666666811,-44.798333333333346,-0.5469583333334072,-2.5506624999999303,-46.17854166666666,11.160695833333193,4.688462500000213,-88.95354166666667,-72.89063749999977,-65.27669583333318,-55.13437499999998,-32.231149999999985,-18.88147499999988,-32.778541666666825,-11.382154166666652,23.697750000000212,-8.760937500000097,82.78971250000004,147.03902499999995,146.0462499999998,134.41085416666672,145.91648750000002,176.94781249999986,217.26525000000007,223.55356249999997,248.5954166666666,258.54594166666675,308.2744583333334,391.4662499999999,442.37108333333344,486.13471666666646,536.8573958333333,578.0195291666665,600.2881791666666,631.8702083333334,694.5938708333333,748.3371958333332,797.2118749999998,883.6192916666665,923.1864249999999,969.5801041666666,1051.4364708333333,930.6330291666667,688.9745833333333,684.8351625,726.0779083333332,725.4149999999998,712.477,723.9693625,747.6941666666667,725.3253250000001,707.2230958333332,723.3975,739.5079958333332,732.2095208333334,703.4187499999998,712.3971499999999,717.8625875,726.9345833333334,727.3784375,731.8799083333332,723.6029166666667,744.0119541666666,750.2948333333333,748.8220833333332,748.6734333333334,660.7868541666667,539.7774999999999,517.1395833333333,551.60105,554.4654166666667,513.852925,518.1476291666667,537.045,548.7905958333333,571.2154458333332,564.1916666666666,578.1478916666667,596.9176166666666,586.3670833333333
568.5037458333334,567.2026208333333,565.4804166666665,590.0246833333333,580.1124541666666,563.5391666666666,571.7295666666665,589.3312541666666,569.2670833333333,571.2944791666666,590.2877791666667,612.6091666666666,624.4301499999999,593.2541708333333,550.5462499999999,573.7310083333333,586.9604208333333,585.25875,595.1042500000001,622.3218083333334,617.8408333333333,600.0874791666666,588.5180791666667,620.3054166666667,603.6347416666665,597.8060624999999,599.9916666666666,597.0697833333332,580.3281750000001,606.6366666666667,590.3811125000001,595.9356375,596.7312499999999,555.1568416666667,653.1772791666667,791.2391666666665,769.1446625,751.7702124999998,750.1228125,675.8222625,636.3318416666667,591.8015625,543.9251499999999,468.0392916666666,375.61260416666676,308.4016125,418.45010416666656,590.7276041666665,573.1957833333333,470.7641666666666,404.09270833333335,317.47649583333333,286.11209166666663,270.63427083333323,194.02305833333318,151.72405416666663,133.5723958333335,87.50173750000013,53.46696666666688,41.420104166666505,-1.6181125000002226,-57.733274999999935,-129.25854166666664,-74.15117083333317,-97.5332958333334,-166.22572916666672,-151.19580416666668,-100.4919833333334,-114.13187499999998,-159.75960416666675,-209.9372,-279.44479166666656,-252.56622499999983,-220.1044624999999,-210.98135416666673,-214.92733333333317,-206.45203749999993,-180.10854166666655,-157.05584166666694,-149.14916666666656,-76.38187499999995,-22.89476250000007,-13.143558333333175,10.705833333333231,57.282950000000255,136.84421249999988,175.41447916666655,165.95968749999994,233.45153333333315,275.38468750000004,304.52676666666673,314.85053749999986,336.24052083333356,403.8658791666666,448.09118750000005,478.3113541666668,520.701075,593.0853458333331,643.7994791666669,697.3104166666667,728.3192375000001,789.784375,859.4447208333332,897.7317625,954.2169791666666,1020.7502791666666,903.7968291666665,663.2333333333333,664.0120833333333,701.4511583333332,698.0229166666666,724.7281083333332,742.8065791666667,752.4345833333334,736.5056541666665,713.7677916666667,704.77875,724.1428666666666,710.5286291666666,678.0570833333333,702.6697499999998,736.2768958333334,748.4324999999999,748.0984666666666,752.3034166666666,763.5895833333334,741.4178666666667,737.3085249999999,762.9112499999999,775.1382625,676.6858666666667,550.60375,536.8811916666666,549.199425,553.2516666666667,548.7765208333333,544.3561583333333,529.9604166666667,542.5776791666665,563.8964874999999,569.8308333333333,574.3430916666666,595.0759916666666,589.2679166666666
582.1600625,574.4135499999999,561.7308333333333,572.5763625,585.2362125,593.31,592.7032374999999,579.5471041666667,561.2091666666666,569.0223708333333,591.3528791666666,608.7570833333333,614.4376458333334,584.0955374999999,569.33125,588.362575,587.5648999999999,579.8741666666666,578.8536333333333,603.6041291666667,634.8275,608.202275,578.8114125,603.9279166666666,593.3915916666667,615.3076874999999,607.15,611.3938291666666,618.4826499999999,625.4549999999999,604.6889791666666,595.4042124999999,603.1783333333333,588.2914958333333,668.4452166666666,789.9504166666666,784.0702333333334,779.5982208333334,742.0124999999999,677.5242416666667,613.767625,576.155625,548.2346666666666,491.7349875,398.05510416666675,319.7843916666666,387.97142083333324,602.6289583333332,570.3484500000002,468.6757958333334,443.67791666666665,360.3239166666667,303.7084958333335,279.2959374999999,234.78091666666668,182.2707416666667,128.30562500000005,96.2373666666667,54.6454291666669,-22.664895833333418,-87.40580416666691,-85.8049458333333,-104.75135416666669,-99.23114583333336,-132.2766625000001,-148.53708333333344,-137.38849999999996,-117.02640833333328,-118.06010416666652,-130.0289958333334,-191.6296499999999,-273.37385416666643,-212.68914999999993,-201.00643749999992,-234.8795833333334,-223.08354166666655,-210.63156666666646,-171.86479166666658,-159.83827500000027,-145.36086249999994,-85.60791666666677,-19.953175000000016,10.057954166666747,-10.166666666666828,32.7642000000001,69.75759166666674,98.05708333333317,116.29360416666671,175.74020416666662,232.01791666666662,262.64243750000014,271.36890000000005,300.5845833333335,368.9350708333333,428.55419583333344,466.0791666666669,499.6694083333333,560.5344958333334,642.4397916666669,666.1409,723.2490416666666,789.7876041666666,846.9947374999999,887.3292041666666,951.964375,1006.0253333333333,900.6021333333332,688.9841666666666,673.7596833333333,709.7081125,708.5229166666666,721.7129208333332,725.7943833333334,737.5079166666667,728.5317333333331,707.2416124999999,702.9483333333333,740.6557375,734.4377833333333,708.1175,711.8747333333333,735.7853124999999,744.8591666666666,742.3827875,744.7648333333333,727.2295833333333,743.4367416666666,737.8527041666666,746.6991666666665,737.7380833333332,644.4014291666667,530.1550000000001,537.3596541666666,551.2129583333333,556.4979166666667,527.2220249999999,523.7732291666666,530.3116666666666,556.0769250000001,578.6952875,581.7475,569.6052125,551.5033958333333,564.2795833333332
560.7502416666666,565.8460083333332,555.4358333333332,559.1724375,574.7993541666667,604.7774999999999,596.5666124999999,590.0144541666666,592.1529166666667,573.5726541666666,576.0041291666666,589.1745833333333,600.4062375000001,587.1887208333333,574.6312499999999,589.0568916666666,596.7650041666666,594.9287499999999,579.8375874999999,597.3223958333333,616.4949999999999,587.7567208333332,560.7099833333333,586.3916666666667,614.2453791666667,632.2881208333333,608.3308333333333,621.5895624999998,617.1631208333333,621.0266666666666,626.0114833333332,625.63645,626.4770833333333,573.0653833333333,650.5135166666666,789.9408333333333,782.6340791666667,770.7942166666667,760.7629166666667,684.7245083333333,632.2280333333333,607.2736458333333,541.6776458333334,491.00049583333333,417.85635416666673,328.0366583333333,378.83836666666673,543.8619791666666,501.3826958333334,403.6366624999999,409.7720833333335,347.7076625000001,301.6997,252.30239583333332,191.78110833333338,141.5395291666667,82.87802083333304,96.95515833333357,62.75348333333335,-8.829062500000077,29.034833333333466,-20.348754166666737,-95.42239583333333,-110.94512500000002,-138.6427416666666,-159.249375,-144.76219583333324,-160.20527500000009,-191.35562499999992,-210.594625,-262.26802083333325,-325.7940624999998,-298.3557958333332,-314.3121249999998,-321.05708333333314,-278.7616833333332,-186.3921499999998,-146.77354166666657,-76.65244166666673,-67.75627500000013,-30.096979166666756,-17.004412500000058,-16.604987499999794,16.234270833333426,79.5835291666667,111.61632500000005,118.25208333333319,157.14816666666658,217.02302916666662,275.15625,286.31233750000007,299.77779999999996,317.1689583333336,380.5428208333334,419.93167083333344,462.1109375000001,505.56524166666657,571.1642000000002,626.8545833333335,644.0798875,722.0964666666666,792.5944791666666,853.4946791666666,881.5470958333332,932.1739583333332,1012.5360041666665,911.4016916666665,700.9120833333332,688.7437624999999,730.9263666666666,725.2141666666666,726.8427791666666,712.7533625,697.8770833333333,704.2009791666666,731.6523416666666,712.4770833333333,724.4780916666666,732.9725833333333,731.5283333333333,738.3042041666666,719.423275,704.5495833333333,716.4096708333334,733.0239166666667,720.4741666666665,728.6746916666666,731.7311333333333,764.3058333333332,742.6379583333334,655.2760999999999,542.9254166666667,517.8141416666666,536.2326125,572.0191666666666,599.4675333333332,571.0041,530.73375,548.3456666666666,563.4029708333333,558.1412499999999,550.6137416666667,552.0404791666666,553.0841666666665
561.6944291666666,568.3217583333333,573.6966666666666,595.6007083333333,590.9136374999999,575.6683333333333,596.2138124999999,593.9659333333333,570.0741666666667,602.4954374999999,604.9511749999999,594.0283333333333,592.8287624999999,590.4279708333332,576.6770833333333,569.0652916666667,570.3654874999999,577.8433333333332,559.5566374999999,562.9838249999999,581.3591666666666,629.1920124999999,622.6179916666666,607.3633333333332,597.7447416666666,597.3695458333333,598.36875,603.4784333333333,616.8510208333333,614.2116666666666,620.2450875,616.4836041666666,617.7704166666666,607.9458416666666,673.4335875,778.4366666666665,773.5510375,749.8918208333332,725.9916666666666,684.3402458333334,635.7722583333334,576.6930208333334,533.4614333333334,497.7608875000001,378.30697916666674,300.85097499999995,380.231175,535.6098958333333,502.1033791666665,419.2685416666666,387.00093749999985,327.33025,262.8779583333334,239.02666666666678,150.0625458333333,84.96502916666668,30.121979166666762,-18.806820833333177,-77.06977499999999,-69.89979166666654,-66.70596666666691,-101.3831625,-83.80093750000009,-134.61857500000008,-172.15571666666665,-182.03833333333336,-171.35115000000002,-163.0641916666665,-173.14052083333326,-200.6330124999999,-247.93156249999987,-296.85208333333316,-368.52425833333325,-369.16093333333345,-347.7751041666665,-353.4464958333334,-321.93872083333315,-250.22635416666657,-189.2700291666668,-144.8912499999999,-102.16385416666677,-131.6239249999999,-100.19153749999987,-33.84979166666642,-13.877799999999866,12.481087500000001,48.222395833333394,109.92812916666671,166.38642499999986,195.0971875,253.13979583333355,290.20471666666657,303.9415625,333.09337916666675,403.8510416666667,454.03895833333337,484.61755833333336,552.6146833333331,634.2194791666668,658.8384166666666,729.8733916666667,815.8380208333334,847.7654208333333,879.1436458333332,944.9220833333331,1025.5591583333332,927.1077958333332,715.9808333333333,685.5172458333333,725.9928416666667,748.795,739.4694749999999,708.4074291666666,702.525,694.7244874999999,715.496425,725.0595833333333,740.7122874999999,722.6241666666667,688.3262499999998,719.8557833333333,728.7590375,711.1266666666667,702.1626041666667,721.10515,751.3433333333332,756.8815999999999,728.8223541666666,717.8995833333333,727.9496625,648.9035333333334,537.5112499999999,532.9028041666666,551.9650041666666,559.9895833333333,594.8093749999999,587.266475,549.9695833333333,565.6627041666666,568.8768208333333,550.8825,537.2505791666667,475.8889791666666,395.5212499999999
396.0771083333333,433.4372083333333,419.3783333333332,426.07736249999994,420.2484083333333,401.7454166666667,394.1901125,389.6622958333333,422.4799999999999,429.14813749999996,438.457225,453.4304166666666,441.8121166666667,441.94947499999995,439.37791666666664,430.82221666666663,419.26756249999994,434.6091666666666,429.3234208333332,425.6818958333333,436.24875,456.38460833333335,443.4095791666666,426.6866666666666,425.4378583333332,423.7355583333333,447.4195833333333,454.74503333333325,459.92530833333336,472.6429166666666,458.7145458333333,440.42263333333335,456.78999999999985,468.0505875,462.8458375,444.18208333333325,436.540225,413.04606249999995,370.11812499999996,294.82639583333344,313.9753791666667,305.60104166666656,256.1768666666667,233.18332083333337,186.96031249999993,103.39501249999995,19.691000000000088,-45.865833333333285,-77.7438625000002,-114.76945833333332,-181.52729166666666,-240.9870166666667,-240.02084166666646,-190.71291666666644,-226.7579875,-300.98841250000004,-388.5695833333332,-428.3373583333331,-474.39649583333335,-486.1851041666666,-427.76799999999974,-476.5662541666666,-486.05708333333337,-552.1844625000001,-539.5171166666667,-548.8498958333332,-513.2581333333334,-518.3431624999998,-519.4710416666666,-542.5440666666666,-597.1849583333332,-643.5891666666665,-711.9770541666667,-699.2184916666668,-669.6816666666666,-665.3281250000001,-648.1486124999999,-620.8970833333333,-609.7594958333334,-580.1922499999998,-510.71770833333346,-500.9351541666666,-485.6278249999999,-428.13020833333314,-414.1446999999999,-422.9769791666668,-394.96333333333337,-340.33195000000023,-308.81126666666665,-251.4769791666667,-171.73942499999998,-148.00800416666664,-154.96385416666658,-103.78472083333315,-48.437529166666536,-6.271562500000073,56.532495833333314,108.85744999999986,181.3746875000001,231.04170833333336,266.92637499999995,251.61322916666677,290.48827083333344,332.50633749999986,342.9344791666665,411.35261249999996,462.5109666666666,467.36166666666657,448.2492833333333,442.12747083333335,459.49833333333333,442.6511458333334,429.5726958333333,455.7025,459.65227500000003,443.89622916666656,462.2516666666666,455.8352083333333,452.13181249999997,458.10791666666665,444.5457583333333,444.22854166666673,445.7066666666666,436.46630000000005,446.78318333333334,482.90958333333333,494.2642833333333,469.32544166666673,471.6833333333333,467.3440458333333,443.28504583333336,417.5495833333333,393.02701249999996,378.4033041666666,383.18999999999994,409.68174166666665,402.1410000000001,371.19999999999993,398.59203333333323,418.64615,409.06958333333336,385.43174166666665,390.75454999999994,408.71874999999994
400.7527541666666,416.6502833333332,416.3920833333333,427.7404958333333,420.73500416666667,402.7920833333333,395.9147708333333,389.51847499999997,421.6454166666666,434.4855166666666,444.9398208333333,457.7249999999999,452.7326958333334,451.08270833333324,436.4025,423.097925,418.1506208333332,438.24249999999995,419.4744874999999,408.0499333333333,423.53499999999997,446.34872916666666,439.2205666666666,431.0091666666666,429.6344624999999,410.9284375,417.3379166666666,433.9123249999999,447.90323333333333,458.50874999999996,447.0586875,434.3463458333333,447.13666666666654,439.0708125,437.23915000000005,441.75874999999996,435.8057416666667,405.6122333333333,363.3905208333333,293.3052291666668,297.0362208333334,263.51666666666665,216.83450833333336,204.76945416666672,156.40302083333324,59.87717916666662,-6.989737499999933,-39.504270833333294,-80.29174166666678,-149.54892916666665,-223.38947916666677,-236.31538750000004,-221.84355416666648,-201.06552083333315,-232.0774958333334,-279.4833708333333,-346.2910416666666,-385.84722083333304,-441.158175,-453.0641666666665,-375.2507416666665,-411.4555833333333,-430.8340625000001,-521.0688125000001,-522.9849125000001,-532.1391666666666,-493.1679333333334,-483.0184874999999,-470.90427083333327,-510.53472499999987,-584.7851124999997,-631.3867708333331,-686.86565,-693.5446875000001,-702.0969791666666,-697.1202291666668,-681.0396625,-666.1631249999999,-647.0657375,-615.5297374999999,-551.7744791666669,-528.0328458333332,-493.7599874999999,-423.68499999999983,-403.4864791666665,-422.6470833333335,-411.19208333333347,-353.1557500000001,-302.1130875,-238.81135416666666,-189.71147083333324,-161.96743333333342,-135.72624999999994,-96.02976666666655,-45.442841666666595,11.389895833333355,66.31810833333338,110.78708333333316,186.6481250000001,237.14159583333333,271.0937958333334,251.6926041666668,284.53162916666656,328.04489166666644,348.2860416666666,423.09876250000013,460.53447916666664,450.0637499999999,449.72210416666667,451.1108291666667,457.2004166666667,445.9658708333334,433.5842999999999,451.0304166666666,457.55695416666674,447.99154999999985,476.4920833333333,489.3477083333333,479.3099416666666,463.5945833333334,456.7800583333334,451.72977083333336,434.9304166666666,432.20292500000005,438.5109208333334,458.5816666666667,479.73547083333335,474.98091666666676,485.99958333333325,471.8819583333333,441.61792499999996,417.2404166666667,389.0378708333333,385.72020416666663,406.5241666666666,421.0951208333333,404.7323875000001,375.81125,394.2442124999999,411.44022499999994,400.32500000000005,363.4426208333333,420.6859458333333,536.7391666666666
567.2109916666666,582.6592166666666,576.3629166666666,585.6671291666667,577.1991875,556.5666666666667,549.1739749999999,549.7455416666667,592.4254166666666,606.9029041666666,602.3925208333333,592.9524999999999,580.2506208333334,593.0950624999999,597.4608333333333,580.1914208333333,566.9599666666666,589.2087499999999,580.0651166666667,575.0919458333333,589.1891666666666,605.3785458333333,587.5116083333332,572.3079166666666,578.3642083333333,574.6675291666667,592.1283333333333,607.5660374999999,614.0589041666667,618.0120833333333,606.0417541666666,603.7389,611.905,568.9669583333333,642.3186208333334,782.1008333333333,773.9625166666666,725.6649375,707.6271874999999,631.3650375000001,594.368425,528.3764583333333,499.03380833333324,482.00215833333334,393.1128124999999,299.8126416666667,371.0487833333334,522.3252083333333,516.7849458333333,443.2733333333333,380.49125,330.0285124999999,250.5669125000001,192.39125000000018,181.79905416666662,141.8510875,43.83489583333338,20.141129166666815,12.841249999999945,30.960937500000114,86.92366666666692,39.11413749999994,33.039999999999964,-62.00580000000019,-74.51846249999997,-75.88427083333329,-9.291216666666799,-24.683395833333236,-62.13791666666657,-73.15067916666658,-124.87886666666645,-195.1171874999999,-271.2429874999999,-260.7042458333334,-239.52583333333328,-245.3569625000001,-225.22779999999997,-184.22583333333336,-166.87392083333344,-141.21181249999984,-72.41000000000022,-42.753874999999994,-0.855154166666523,71.07947916666683,76.90730000000008,48.94573749999992,59.91135416666651,109.40774166666654,158.93038749999997,224.8388541666666,261.0230916666667,277.5262624999999,306.8997916666667,356.1369208333335,390.3722041666667,419.68979166666657,484.54784166666667,549.126283333333,618.5813541666668,637.4901208333333,720.5990708333333,802.4246875,849.2290791666667,877.8074999999997,914.3583333333332,1012.6162041666666,928.2120541666666,720.8241666666665,689.6346708333333,725.3118125,743.1737499999999,733.6845375,722.0756166666665,737.5595833333333,733.5844083333334,717.5612583333332,740.4729166666666,735.9533499999999,726.2662916666666,729.53,729.7659833333333,720.9959958333334,700.30125,700.1985083333334,703.3146708333334,716.84875,741.6301374999999,731.6042791666667,737.2562499999999,737.9243583333333,668.9768833333334,574.4554166666667,544.5138041666665,544.5475708333332,545.1687499999999,554.7395875,549.1785041666667,530.9029166666666,546.2644749999998,566.7886,577.0475,557.5098041666666,545.1414583333333,579.1937499999999
582.3239875,586.3925083333332,589.9120833333333,593.8939083333332,574.9131791666666,542.8362500000001,569.0299,558.8952458333332,574.5641666666666,594.4989041666668,608.7325833333333,596.2404166666666,620.8561125000001,622.0483041666666,580.9929166666666,573.1939333333333,575.7589125,594.7237499999999,589.4029125,581.5143499999999,590.0179166666667,598.1624999999999,594.4695541666667,587.3920833333332,580.3821041666666,587.5523666666666,610.2495833333332,592.9133291666666,576.2333833333332,599.7770833333333,601.3039249999999,595.8631958333333,594.8816666666665,566.7188166666667,653.1270541666668,803.1641666666667,796.2591833333333,739.8125374999998,697.506875,643.9712041666667,606.8827083333333,551.3329166666666,481.2389416666666,472.3369291666667,443.60947916666674,289.8458708333333,338.0021833333334,502.1382291666667,497.6164791666665,404.56249583333334,343.9260416666666,329.2139125,290.90836666666667,226.8591666666668,162.18411666666657,105.26052083333332,48.70041666666663,5.68900000000005,-20.29730416666675,16.471666666666863,9.617016666666672,-42.1220458333334,-99.55281249999985,-113.90614166666683,-95.77769583333338,-108.28989583333328,-115.85187500000006,-86.18024166666657,-82.77218750000003,-148.6000708333334,-184.04600416666673,-173.01864583333327,-208.65052083333325,-222.6286624999998,-224.03822916666658,-215.9674499999999,-139.8655375,-75.12833333333316,-51.29797916666672,-88.83887916666669,-114.90427083333344,-140.7449749999999,-117.94918749999985,-42.925833333333145,21.69405416666683,59.317266666666626,81.78135416666663,132.09394166666644,198.92468333333338,265.80479166666674,286.81043750000003,310.46683749999994,353.5270833333333,397.77658750000023,443.06470833333333,482.72281250000015,536.2645083333333,583.7641208333333,615.2304166666668,682.637425,747.5088375,833.936875,869.7444541666666,889.7332708333333,943.1258333333333,1015.7938333333335,914.0980041666667,702.8820833333332,684.9225416666666,721.0572374999999,726.545,715.1432541666666,724.4199458333333,736.6025,726.0102874999999,733.5265499999999,732.005,732.1219791666665,729.1693208333334,724.3604166666667,704.7972166666666,702.7812041666666,704.6262499999998,721.3404041666666,728.1523958333335,731.4170833333333,717.5563249999999,716.7019833333334,756.8695833333333,752.6883666666665,670.4501416666667,575.9608333333332,549.3872083333333,565.8084916666667,571.6470833333333,594.0705375,574.631025,545.2108333333333,566.1226666666665,583.7826,584.8820833333332,544.37165,537.0221791666665,589.8475
584.3554958333333,583.4907458333333,585.7554166666666,571.5439125,564.0640333333333,559.2533333333333,581.0481208333333,566.1490291666667,572.1724999999999,570.3031874999999,596.1971583333332,615.1570833333333,603.342875,603.9136249999999,588.3691666666666,580.0510583333333,594.0642499999999,606.1208333333333,591.8502958333333,578.4953666666667,589.9237499999999,587.0597916666667,591.9471291666666,576.2016666666666,597.4798458333332,600.987125,603.2824999999999,601.6280916666665,598.5432624999999,592.8520833333332,574.3282083333334,600.7668083333333,607.4175,597.3346666666666,676.4106833333333,798.5104166666667,793.9758083333334,746.9052291666666,721.4541666666667,653.63025,591.6537791666667,511.7970833333334,451.2082958333334,445.0479416666667,425.3403124999999,278.0120208333333,334.2989958333334,507.5489583333334,453.87689999999986,363.82220416666655,352.18947916666673,336.6964958333334,252.52454999999995,162.10229166666667,58.667675000000116,-18.494566666666515,-50.37427083333327,-85.25075000000004,-114.03334999999996,-154.9709374999999,-157.80022916666655,-116.64101249999999,-100.6941666666666,-155.68678333333332,-155.7609375000004,-119.31927083333335,-216.8987291666665,-270.23237083333333,-274.65187499999985,-205.48640833333332,-217.9650999999999,-267.84052083333313,-297.1642083333335,-313.4829208333333,-353.7087499999999,-332.9104749999999,-205.45569999999987,-137.27104166666658,-173.79685416666672,-173.50484583333315,-145.5107291666667,-123.40307916666674,-83.41344166666701,-33.81875000000005,15.2455791666668,62.33117499999997,91.7806249999999,96.68179583333335,133.51459166666666,213.37187500000002,236.05379583333323,269.0179000000001,334.04520833333333,398.8957416666667,448.8649916666666,500.3341666666667,554.1945083333331,608.8212333333332,644.7275,682.847925,733.3883666666666,805.8865624999999,811.8702,859.4494916666665,916.6337499999998,1004.4412666666667,912.3199416666668,712.2666666666665,700.5569583333332,730.2849499999999,717.9012499999999,701.9797625,708.5877875,722.0258333333333,702.7289875,692.1779291666666,713.6508333333333,729.6237791666667,735.7061375,741.5841666666668,716.0238125,706.2760208333334,702.0787499999999,706.7473875000001,713.2215708333333,744.0508333333333,727.2493083333333,721.7814874999999,709.2775,724.23245,639.3682875,544.8579166666666,561.7834083333335,568.9648,548.5979166666667,567.7432083333333,554.4933791666666,506.7558333333334,555.8350916666666,578.8259708333333,583.3224999999999,548.5886208333333,537.3737458333333,554.9483333333333
549.9160416666666,573.8599958333334,593.9724999999999,558.6139166666667,537.6396083333333,559.1058333333334,561.1779374999999,552.6041166666666,592.4758333333332,586.9107708333332,594.6822166666666,594.8254166666667,606.8593625,611.3119624999999,600.37875,593.6396166666666,621.8950583333333,628.5866666666667,603.5097874999999,601.0352458333333,600.5849999999999,587.6524249999999,586.7117458333333,584.6770833333333,596.781225,596.2799625,599.9599999999999,632.5386125,634.0752,588.7920833333333,587.5738708333333,620.2795041666666,610.1166666666666,570.0983541666666,640.8980666666665,803.5179166666667,797.6356416666667,739.8857458333332,690.0610416666666,670.5133375,594.8260124999999,526.994375,447.9260375000001,444.24310833333334,412.71541666666667,300.8489875,345.3765125000001,526.1563541666667,467.1595083333332,353.75416249999995,326.3165625000001,322.3496958333333,248.47640833333324,195.63468749999998,68.50001250000003,-39.17879583333317,-60.488124999999854,-75.19955833333313,-105.59178749999984,-137.76708333333352,-111.87414999999999,-109.83990833333348,-127.98187499999995,-160.50254166666667,-169.16990416666658,-200.2051041666664,-277.8458999999998,-330.09606250000013,-362.3370833333333,-305.40400833333337,-310.7173875,-334.5329166666667,-331.0524833333333,-312.9116041666666,-334.1887499999999,-314.16758333333325,-265.3771916666665,-165.72645833333314,-179.67384166666682,-167.80932500000003,-126.15833333333333,-99.96398333333332,-89.39722083333345,-58.97635416666671,3.9626583333334793,71.52903333333333,85.37885416666654,83.67897916666666,110.01686666666686,160.23302083333348,200.62049999999977,237.65825416666658,270.348125,347.74033333333347,402.1872750000001,441.3076041666666,531.8221833333333,577.4870625,601.1815625,672.4528250000001,714.4498000000001,754.6051041666665,819.7951291666666,863.9319333333332,913.1686458333331,1000.7504666666669,903.9933541666666,696.2149999999999,697.9397958333332,740.0944208333333,728.4241666666667,726.45675,701.2162541666667,702.8258333333333,711.8687916666668,708.6134416666666,714.1445833333332,714.9366499999999,741.5526124999999,742.6204166666668,726.5356333333333,723.7064708333332,718.0241666666666,722.3820708333333,730.9396833333333,740.5345833333333,707.3219916666667,698.84355,715.4575,740.5513291666666,682.4001166666667,571.4820833333333,541.6036208333334,558.9142958333332,591.0712500000001,587.4093791666666,563.5073749999999,553.36375,561.184225,556.6354749999999,575.0612499999999,571.2144333333333,574.2217958333333,594.1299999999999
579.2515416666668,570.1936916666667,586.1316666666667,588.9640166666667,564.1740041666667,572.4604166666666,576.5954541666666,562.9309083333333,559.0958333333333,563.5080208333333,593.7093124999999,580.0316666666666,579.4890333333333,582.1251333333333,587.8529166666666,593.9674291666666,603.6642125,612.4579166666667,570.8778041666667,554.5670291666665,573.0862499999998,601.6901458333332,614.2560833333333,583.1270833333332,608.3872916666667,601.1847791666667,593.4995833333332,615.0834625,628.6033124999999,584.1854166666666,568.6638291666666,593.4850833333334,621.4358333333333,599.5932375,654.0421041666666,790.665,811.1715624999998,739.0951958333333,662.9479166666666,595.2302916666667,562.3599250000001,503.39531250000005,440.6267791666667,430.2723291666667,373.27979166666654,293.04836249999994,378.56693749999994,530.8651041666665,467.56379583333313,360.52163749999994,357.2097916666668,325.6618583333334,259.05083749999983,215.93270833333324,89.5812166666667,40.516570833333446,63.03822916666678,87.25609166666686,63.231995833333485,26.17135416666676,20.829041666666683,4.523249999999962,-32.64541666666668,-70.72659999999985,-133.14091250000016,-138.35906249999977,-222.5388541666665,-272.5699583333333,-290.905,-239.5306208333334,-216.51209166666666,-266.9131249999999,-339.7285124999999,-367.23140833333343,-364.4471875000001,-276.9260958333331,-256.01243749999975,-251.78291666666667,-191.3559541666666,-130.7999499999999,-116.5538541666665,-123.10904999999991,-119.99970000000022,-105.18552083333324,-105.62324999999979,-57.047799999999995,40.64677083333325,85.90344583333336,89.56940000000017,118.14885416666681,176.0158208333334,224.12513749999994,254.10479166666664,308.14329166666664,350.09581666666656,385.83541666666656,458.29427499999997,536.3168,603.7286458333333,683.7419291666668,715.3986666666667,749.725,826.8388833333333,860.4779499999999,914.3972916666664,1009.2964166666666,921.7976416666666,711.7458333333333,697.6876041666667,732.4078208333334,726.9991666666666,735.1434666666665,718.2049083333333,715.7420833333334,698.973825,691.8986749999999,703.06125,728.6929749999998,718.3447666666665,708.3533333333334,711.6606791666666,725.4119166666666,713.0983333333332,718.7335875,739.9196958333333,745.6458333333333,724.254075,702.6046291666667,706.8204166666667,732.4909666666666,668.8404416666667,562.1933333333332,553.6894375,555.9106125,570.2508333333334,549.2040041666667,565.0648166666667,566.34125,586.9567374999999,573.7128375,548.69125,564.2467291666666,500.8878958333333,426.99541666666664
389.5909916666666,415.89762500000006,427.9124999999999,415.74612083333335,394.52324999999996,410.22624999999994,421.28424166666673,421.1335458333333,422.9570833333333,414.8684416666666,438.8599083333333,444.33500000000004,441.7568041666666,432.87016250000005,409.0174999999999,440.86666249999996,435.81410833333337,425.22,422.541075,442.5423333333333,443.11125000000004,419.68842916666654,439.3474083333333,464.61666666666656,434.2906333333333,422.3606541666666,439.8950000000001,458.8874333333333,470.4876125,437.8879166666666,418.5278166666667,434.66874583333333,460.68375,452.12894166666666,436.63193749999994,452.69666666666666,438.52862500000003,373.7180625,304.3457291666667,242.57943750000015,249.46023750000006,274.39979166666666,194.30617083333343,130.55076666666656,134.371875,68.84053750000004,-20.041079166666634,-93.97562499999992,-99.24411250000014,-105.09521666666672,-155.7299999999999,-245.98827083333344,-256.6750541666667,-241.79979166666675,-321.68614583333317,-388.4277625,-420.30499999999984,-408.4798208333332,-443.45546666666667,-519.9827083333332,-570.6922083333333,-585.0298458333334,-605.5311458333332,-608.8183499999999,-641.0542875000001,-650.6392708333331,-711.4153916666666,-744.8846500000001,-776.5323958333332,-737.2038666666667,-707.8449583333334,-707.3128125000001,-753.2818083333334,-763.3792708333334,-765.3757291666668,-667.6017958333332,-654.3951416666666,-679.2507291666666,-658.7146958333333,-596.6292374999998,-542.2970833333331,-520.8917791666665,-520.9546208333336,-498.6159375,-508.80345833333314,-458.66317916666657,-366.2215625000001,-339.21865833333345,-343.9196208333332,-309.4551041666665,-241.6832833333334,-211.14368333333334,-192.5007291666667,-130.28427083333327,-79.76547083333344,-43.76666666666665,1.9295291666666685,71.41194583333333,153.78822916666667,246.7897833333335,230.8080250000001,170.64885416666675,240.55757916666676,296.02857916666665,335.0602083333333,397.5513791666667,441.54718750000006,452.50958333333335,450.46672916666665,444.9798833333334,439.55833333333334,430.1707875000001,427.0502833333333,455.1687500000001,425.65585000000004,416.4701708333333,430.3854166666667,448.2955999999998,447.6637333333332,441.09333333333336,421.55381249999994,438.0460916666666,455.6158333333333,445.98643333333325,456.12889166666673,474.24041666666653,463.89371250000005,443.33330833333326,432.3145833333333,479.98302916666654,466.94699166666663,412.405,385.5089333333334,372.97237500000006,385.3545833333333,378.23418749999996,383.5027833333333,389.3645833333333,406.0985041666666,397.6074875,394.90500000000003,414.1621124999999,405.82835,432.78666666666663
403.73017083333326,411.40575000000007,428.4208333333333,426.6494666666667,396.66527083333335,397.0399999999999,420.30935,429.63310833333327,425.22208333333333,412.23279583333334,434.6751958333333,444.04583333333335,452.6939708333333,447.4839916666667,420.5274999999999,456.0647791666666,447.53670416666665,423.65041666666673,412.0936625,435.24264999999997,444.3725,420.85600833333325,437.0556041666666,459.2195833333332,424.20595000000003,407.5911958333333,422.2958333333334,440.10118750000004,447.0367833333333,413.8354166666666,409.49504583333334,429.7474833333333,443.58708333333334,427.62127083333337,412.9744458333332,436.69958333333335,433.8664708333334,375.4140125,306.9704166666667,244.80943333333346,236.56880833333344,242.68958333333336,167.82233750000012,114.44628333333327,116.4655208333333,41.460825,-29.38919583333336,-74.00499999999988,-93.15485416666684,-128.50350000000014,-186.8727083333332,-251.80975416666683,-249.537575,-244.45364583333344,-322.7271291666666,-361.5241666666666,-353.8130208333332,-319.49132499999973,-337.6569666666667,-398.29989583333315,-443.5183583333333,-461.13434583333344,-484.1165624999999,-482.4854499999999,-526.1843416666668,-562.8934374999998,-637.1227791666665,-656.0938000000001,-655.4890624999999,-596.4021500000001,-586.9092125,-629.3108333333333,-698.3640208333333,-732.2863583333335,-755.2183333333335,-647.5411541666666,-629.0065,-667.8652083333333,-665.3662083333331,-635.8924083333332,-606.8246874999999,-563.7789375,-540.1599000000001,-505.0867708333333,-491.84005833333333,-457.27902916666665,-402.40833333333353,-364.03290416666675,-359.9697958333332,-345.3873958333332,-295.57307916666673,-254.26527916666657,-214.49250000000006,-161.47775416666667,-108.39631250000008,-46.606770833333314,13.342304166666736,74.04356250000001,141.21968750000002,239.43214166666678,230.79651666666672,171.52531250000004,244.06083333333333,295.29820000000007,329.15510416666666,399.98620833333325,439.5004041666668,439.59000000000003,453.73903333333334,457.86102916666675,448.54333333333335,446.10727083333336,436.43748333333326,450.7887500000001,433.72996250000006,433.6664083333333,443.7970833333334,462.6456416666665,451.0047874999998,434.4695833333334,435.7241958333333,449.37054583333327,444.9579166666667,450.7277333333333,460.10484583333346,454.4358333333332,449.87094166666674,454.5066583333333,460.0895833333333,496.91386666666654,468.1445833333333,411.385,394.5253416666667,383.57055416666674,389.67625,386.8225166666666,393.19449166666664,390.90791666666667,399.29865833333326,387.7585166666667,382.01375,399.8111583333333,454.51037083333335,574.6616666666666
562.56225,564.3031000000001,584.6899999999999,575.8981791666668,549.0585374999999,561.47875,582.7465833333333,595.3111541666666,599.8204166666667,579.1406083333334,583.2186208333333,578.2291666666667,588.6530583333333,597.4184125,578.3729166666666,599.6249499999999,586.7974375,581.1783333333334,589.8184208333333,610.2772083333333,602.9016666666666,579.8856374999999,594.2843458333333,607.6933333333333,573.60445,559.7900874999999,580.46,614.3404166666667,616.887525,561.5766666666666,554.6173541666666,594.054125,612.22125,563.6696583333334,624.6711458333332,785.3966666666668,780.6142541666667,696.1831416666666,642.214375,576.8969333333334,534.5538333333334,509.10468749999995,447.3157916666667,395.3426874999999,367.2453125,288.76922500000006,355.8248916666667,499.8473958333334,501.2345624999999,454.8415666666665,416.4628125000001,318.0155124999999,223.41946666666647,140.2609374999999,66.63472083333346,19.32655000000011,-12.578854166666531,37.28616250000019,49.37642500000004,2.188958333333403,-38.33104166666658,-61.58940416666681,-91.57499999999987,-85.85379166666655,-139.4548666666667,-182.48572916666632,-223.0951124999999,-259.7789250000001,-316.0698958333332,-245.8846041666668,-210.91964166666668,-246.87854166666665,-303.1187958333333,-306.18173750000017,-302.0305208333335,-204.66757916666654,-198.33403750000002,-226.02812500000005,-194.0701375,-131.86569999999992,-86.51437499999989,-54.48782916666664,-36.553829166666844,-4.15489583333337,-17.716066666666563,19.15395833333349,93.66958333333307,105.26549583333323,102.96911666666676,140.71364583333346,184.02505833333325,220.34980416666664,270.1221875,322.5050666666666,349.0946791666665,378.62781249999995,438.7715333333333,513.7427166666665,576.8563541666667,648.4492708333335,690.3416625,726.988125,804.7762,843.9107999999999,902.7391666666666,991.5099875,905.3359458333333,715.19625,705.3924,732.7572541666667,717.7233333333334,723.6851583333333,726.5887916666666,736.3820833333334,691.1586291666667,677.1444124999999,697.7925,727.3333874999997,718.7051124999998,698.9,696.8392083333333,713.2770291666666,710.8091666666667,706.4753208333333,716.2599166666668,721.3095833333332,713.7627833333333,707.9268666666667,711.8862499999999,758.0419749999999,690.0462541666666,566.36375,540.6881583333334,542.7472083333333,546.9133333333333,527.9911333333333,529.9904833333333,540.3149999999999,560.5949333333332,556.5655333333334,559.5766666666667,581.8534208333333,569.9600541666666,585.7695833333332
549.0407166666665,551.74995,582.9754166666667,589.3709083333333,545.0482875,534.8858333333333,581.9792333333332,593.8944875,583.6508333333334,577.8524,592.3965333333333,593.3783333333332,608.5297541666666,610.8528333333333,560.5824999999999,597.44835,603.0646875,579.8383333333334,571.6950041666666,595.7053125,620.1891666666667,578.8843708333332,595.1902833333332,610.5770833333332,592.9244541666666,569.5915416666666,583.5991666666667,593.3219875,605.6387208333333,590.1716666666666,568.8612125000001,589.8172874999999,601.4870833333333,550.0402333333332,614.9847249999999,777.90625,800.5690875,703.553325,633.2205208333334,591.6576000000001,555.9287166666667,506.20197916666666,408.94545000000005,372.86890833333314,372.3601041666666,259.9954916666667,296.0633916666667,464.58583333333337,484.80141666666657,371.84857499999987,265.5427083333333,214.91605416666667,204.26303333333317,193.5244791666665,177.12922083333328,193.45803333333322,128.19895833333334,66.33935000000022,42.32919166666662,-1.6782291666666822,-55.72131666666664,-79.51545833333341,-87.80104166666666,-123.09900416666659,-144.37290000000013,-127.08187499999974,-163.84807500000028,-160.30022083333336,-213.36364583333324,-234.38168750000006,-320.71895000000006,-311.2410416666667,-350.87604999999985,-338.3671458333334,-335.4984375000002,-248.03318749999988,-209.43136666666663,-197.33343749999995,-211.5683541666666,-204.26956666666638,-171.2584374999999,-195.94545833333325,-183.00976250000022,-127.22468750000016,-118.86092500000007,-88.51613333333302,-30.692395833333507,9.092566666666727,49.57729166666667,123.1786458333332,196.49725833333324,237.19957083333338,267.70260416666673,330.5631708333334,369.6171708333333,420.7127083333333,475.2385291666666,524.2591708333334,611.4261458333334,650.7052458333332,678.5451833333334,735.0017708333334,807.9947916666666,859.9369666666665,908.3407291666666,985.4894833333335,896.8352666666666,686.52625,675.230875,703.2649791666666,701.6808333333333,727.0940708333333,743.1531875,731.71875,731.7755333333333,708.4361083333332,700.7020833333332,716.2494208333331,721.6473249999999,733.2916666666667,690.7412916666666,701.2668333333334,723.9083333333333,741.2057291666666,741.9128791666667,729.6429166666666,724.6649,707.2474333333333,712.2674999999999,764.0506791666666,702.5687125,572.20875,541.9069083333334,541.9717375,553.8883333333333,568.0306666666665,557.5925958333332,528.4716666666666,534.6739583333333,546.94475,555.0483333333334,566.3608916666667,554.8033791666667,570.5029166666666
564.1282541666665,563.4115708333334,537.55625,555.9789583333334,545.3917958333333,547.7725,580.8713208333334,583.9519875,566.4695833333333,587.3683666666667,601.3062166666666,584.0012499999999,594.0576416666668,604.1102458333334,569.6320833333332,568.7937875,571.066025,602.60125,586.3983916666667,601.9944958333333,625.1799999999998,605.8692541666666,572.3907458333333,579.9637499999999,601.6573458333332,618.7193625,608.4558333333332,597.1674708333334,611.5326249999999,604.8570833333333,590.8995083333333,606.9165041666666,604.6270833333333,573.3272041666664,658.1962541666666,808.5783333333333,796.1823916666664,722.0601666666665,657.0278125,584.2219125000001,547.1763666666667,521.4378125,449.51894166666665,402.66123749999986,354.4476041666667,272.30060833333334,345.6784208333333,512.8831249999998,495.56461249999995,403.34218749999974,360.00510416666657,331.00454583333345,281.00008333333346,216.62822916666656,202.3786000000001,174.86928749999998,86.38270833333337,39.18262083333343,18.87155416666647,-43.56406249999992,-66.58763333333337,-75.79482500000012,-121.85447916666675,-184.41992916666658,-248.32009583333348,-241.53645833333331,-179.7861208333336,-170.3228291666665,-215.8702083333331,-206.97640416666667,-292.374583333333,-347.50760416666674,-360.98867916666654,-373.39528749999977,-364.25968750000004,-359.7725291666667,-377.637525,-312.7600000000001,-261.75924999999995,-261.84309583333334,-234.9334374999998,-229.77426250000002,-188.36959999999996,-145.74322916666677,-96.73242916666646,-15.500116666666656,73.20822916666648,75.52721666666653,87.3774875000002,129.03843750000016,149.4035166666667,200.0563125000002,268.8226041666665,325.8230541666667,364.77472499999993,412.28968749999996,463.34215416666666,515.759625,580.75625,622.7832166666667,639.3316458333334,697.6685416666667,777.1463416666667,841.9637166666668,903.239375,970.9669708333332,875.1266458333333,690.9704166666667,685.1304541666666,719.0462666666666,715.2554166666665,710.6255958333334,705.9527333333333,729.9625000000001,729.8057791666665,722.5700666666667,719.3512499999999,706.4639458333332,710.4172374999998,714.0916666666667,694.4813541666666,695.9202499999999,704.5016666666666,711.8440583333334,718.3964416666668,730.0379166666667,725.1390749999999,710.5712708333333,737.4104166666667,732.8263666666666,666.0365666666665,563.2766666666666,559.6558625,564.7147083333334,547.3820833333333,546.8884125,547.5761166666666,555.305,565.9718999999999,555.3690125,537.9758333333334,570.8165541666667,568.8801708333333,563.6854166666666
578.0709041666667,556.7996958333333,516.6187499999999,539.3603166666667,564.3189458333334,573.8829166666667,549.8118,556.0236791666666,588.4566666666666,594.5192666666667,592.5121666666666,604.7058333333333,601.0156416666666,601.01555,568.0725,604.8141625,625.9859833333333,619.5374999999999,618.4699333333333,627.9341708333333,619.5425,612.4825583333333,581.6286791666666,579.53,595.1455416666666,610.604075,602.2720833333333,598.7432666666666,604.8798333333332,598.6470833333333,597.5554500000001,626.6684958333333,610.1695833333333,583.6652666666666,693.8590208333334,829.5633333333333,797.6729875000001,724.3782499999998,693.4903125,623.5562666666668,581.0080624999999,513.3302083333333,410.2586,366.9673249999998,365.09770833333334,266.04712500000005,318.9699083333334,471.5900000000001,468.9598708333332,380.44624583333336,337.37166666666656,291.5241083333333,247.41401250000004,218.30989583333323,196.65853333333337,134.36081249999998,73.58010416666667,20.59826250000029,-28.93296250000003,-119.95406250000013,-108.28039583333339,-112.34973750000023,-149.09104166666674,-164.52792916666652,-238.74365833333343,-284.57937499999997,-237.08667500000024,-223.14165833333328,-293.33718749999986,-282.3108666666667,-343.96658333333306,-389.56041666666664,-379.84575833333315,-361.1536541666666,-315.1383333333333,-358.5373583333334,-377.6970083333332,-296.8391666666667,-256.96394999999995,-263.75595833333324,-209.53114583333328,-194.83780833333356,-182.9263958333334,-157.69739583333322,-116.55633333333321,-80.36966666666683,-19.760729166666692,45.02231249999991,132.95582916666666,174.83302083333334,145.3569166666667,195.4412916666668,289.62656250000003,287.05877500000014,316.4441041666666,402.4636458333333,432.6420208333333,487.30730000000017,579.21875,617.4973583333332,647.2505708333333,709.2070833333332,776.8986833333335,842.0020541666667,892.9417708333333,976.0423499999999,885.8555124999999,698.9624999999999,678.714175,716.8399833333334,715.7920833333333,716.2309083333333,718.2362583333335,722.9454166666667,738.2632833333332,727.694175,699.0891666666666,692.7419291666665,717.0081416666666,753.3516666666667,725.7882125,718.4909208333332,716.1233333333333,718.8700958333333,725.7245083333335,719.2691666666667,704.9917125,712.3164666666667,742.3858333333333,748.2401416666665,667.9199583333333,560.11125,540.5368333333333,548.3339541666667,557.7116666666666,553.891225,560.3173791666666,551.9570833333333,553.8965291666666,548.8240791666667,549.0895833333333,542.3509875,555.5204458333333,583.7254166666667
558.7984833333334,552.5330374999999,576.1120833333333,563.8024958333333,576.9983791666666,579.8420833333333,575.8255958333332,572.7811458333333,574.7966666666666,582.5391708333332,597.8507,600.8683333333332,569.7579833333334,562.5039708333334,562.4100000000001,578.6678166666667,578.1106916666666,598.2191666666665,588.1652624999999,595.9320458333332,595.2029166666666,622.0209499999999,617.1804208333333,595.5787499999999,591.3457583333334,606.8276,587.0270833333334,587.8698208333334,604.1564249999999,605.0625,606.1392874999999,622.2953666666666,626.9225,592.2738583333334,693.5115499999999,819.5141666666666,778.8006,703.7482375000001,674.9261458333333,624.1981708333334,576.07025,501.44875,420.8659041666667,349.94675416666655,327.3110416666667,244.52716250000003,316.9146166666667,471.1322916666668,455.54964583333316,378.24727499999995,348.22614583333336,280.7701999999998,260.6008458333333,261.8117708333332,227.25115833333334,195.71008749999996,175.62770833333337,105.7755666666666,37.64507916666656,-25.525729166666764,-101.06218749999982,-125.23987083333316,-130.76656249999985,-184.63316666666674,-236.35092083333356,-205.08479166666672,-202.54023750000022,-229.87786250000016,-280.1113541666667,-290.14519583333356,-299.3369916666666,-323.5160416666664,-376.34347083333313,-346.08394999999996,-252.95114583333338,-267.449475,-320.9467083333333,-295.1070833333333,-169.33923333333348,-150.88820833333318,-151.23072916666666,-173.9891916666669,-174.00695000000016,-162.99583333333314,-120.56799166666653,-78.9017500000003,-82.17322916666666,-63.424933333333314,23.34662500000013,83.8039583333333,156.97883333333345,227.53000833333326,281.06802083333326,293.41182083333337,336.18228333333343,424.2895833333333,479.7994583333334,511.53563750000006,551.5662499999999,605.0381375,649.1151749999999,704.5545833333334,770.7577666666666,815.1598291666668,873.4334375,961.7087000000001,886.2502041666665,707.9745833333333,691.2657249999999,713.7327833333334,723.0383333333334,722.3620458333334,730.8072375,744.1283333333332,734.745775,725.5215416666667,718.7929166666665,739.3522666666667,736.6315041666667,738.1120833333333,723.9671333333333,724.7922083333333,717.1854166666665,710.6364041666666,721.6848249999999,724.6620833333333,720.7340999999999,723.6329874999999,748.0454166666667,739.0152333333332,651.9748666666666,550.8787499999999,551.0205541666667,564.3420375,552.4679166666667,550.7130749999999,557.5035624999999,561.1099999999999,567.4383708333332,550.0110416666666,532.1279166666666,574.8163166666666,512.2316874999999,414.7495833333333
399.2510083333334,403.8605541666667,418.00958333333324,389.51014583333324,410.51479583333327,423.43125,405.0145874999999,402.39622083333336,421.33083333333326,431.90966249999997,431.8669458333334,437.52125,420.49701666666664,423.03433333333334,433.17166666666674,420.38991666666664,415.24565000000007,438.87125,431.3529166666667,444.41938333333326,423.27500000000003,430.98156250000005,450.5673583333333,454.6658333333333,447.2532124999999,444.71324166666665,447.70249999999993,445.1725083333334,456.6255208333333,449.5125,456.8320749999999,457.6507625,461.3283333333333,460.46575833333327,475.2589291666667,463.8941666666667,408.3388208333332,362.9075083333333,327.5009375000001,280.3199833333333,250.8669749999999,242.37406250000004,181.823225,107.67292083333331,92.98833333333317,33.013933333333284,-46.316575000000114,-103.46468749999985,-128.49545833333343,-183.576725,-239.4383333333334,-328.52352083333346,-294.2877291666665,-245.6698958333335,-236.57748333333336,-258.70089583333333,-280.20874999999995,-396.34323750000004,-503.1457458333335,-587.5907291666667,-671.8659666666664,-681.5090916666666,-674.1207291666666,-723.3223583333333,-751.1442333333334,-717.4957291666666,-703.4269458333334,-747.5929916666668,-804.5185416666666,-817.2789250000001,-832.2330583333335,-850.1591666666665,-801.1223249999999,-748.2370208333333,-796.5083333333332,-782.327575,-759.0880166666667,-719.7419791666666,-654.9603125000001,-657.2064416666665,-612.8209374999999,-628.1470208333335,-625.9833333333333,-596.1025,-556.4902291666666,-498.0368166666668,-505.7621874999998,-497.0976999999999,-429.1533333333333,-376.61916666666673,-290.5521041666666,-257.29016666666666,-203.33249999999998,-184.96539166666662,-140.43169999999986,-60.227291666666645,-21.04258333333331,16.229408333333424,73.53031249999992,151.1954833333334,154.6305708333333,122.51604166666687,179.83832083333334,250.15133750000018,293.6042708333333,328.0259208333332,405.04664999999994,453.4445833333332,433.654325,420.5647875000001,440.8829166666668,422.4878,440.6585041666667,468.77791666666656,456.04955833333327,448.8885083333334,439.02624999999995,460.8408708333333,471.3729375,475.9795833333334,430.59045833333334,441.13124583333325,477.3595833333332,453.1143833333333,440.44732083333326,467.98999999999995,463.32309166666676,457.66397499999994,464.1208333333334,479.4239791666665,452.5782291666666,390.4341666666666,373.14583333333337,395.6323,405.67958333333337,392.4482416666666,389.23452499999996,392.0645833333333,384.12590416666666,395.2752916666667,409.24666666666667,406.0603375,390.3908291666666,417.6120833333333
420.4079958333334,399.15186666666665,410.00958333333324,398.2483249999999,418.8818208333333,412.83958333333334,390.1939124999999,395.94865416666664,423.61499999999995,434.06485416666663,430.8352125,435.83666666666664,421.95411666666666,431.1465416666666,448.2295833333334,437.0901833333333,423.8581291666667,431.2841666666667,408.9334916666667,425.3380749999999,416.53499999999997,419.8208000000001,436.04024166666665,444.51583333333326,437.18953333333326,432.66777499999995,433.98749999999995,429.4186541666667,440.0888708333333,434.4433333333333,444.74458333333325,447.5303,451.805,450.43176666666665,457.02914583333336,440.13000000000005,398.1211166666665,358.5171499999999,319.74677083333336,279.1722541666666,235.5258041666666,204.47750000000008,159.17785833333335,96.930725,79.75260416666652,34.18947916666664,-23.222166666666794,-68.48885416666656,-103.08930000000021,-185.41989999999987,-254.16145833333337,-307.2037166666669,-239.77263749999986,-195.7998958333335,-216.6191583333333,-247.22495416666663,-238.0933333333333,-304.6057208333334,-365.9914875000002,-436.3801041666667,-551.1930291666665,-581.3611166666666,-565.0982291666667,-605.3502500000001,-638.8388458333335,-622.32125,-619.102925,-647.7029166666669,-676.9189583333333,-685.6879291666668,-704.9364833333334,-747.338958333333,-766.5088958333332,-738.0146958333333,-752.0129166666666,-719.8572583333334,-723.5192583333334,-727.2162499999998,-670.7573208333333,-682.9779958333332,-647.6434375,-630.6134416666669,-605.1395,-579.8823958333332,-549.1064625,-526.5261000000003,-566.1684374999998,-524.9029916666665,-440.9932458333333,-410.02010416666667,-324.74685,-281.6388333333333,-223.85656250000005,-207.51907499999993,-150.93622499999987,-43.197395833333246,15.675033333333317,37.81897500000014,62.060208333333264,135.06366666666668,148.8920083333333,126.43447916666685,188.5695291666666,250.51952500000016,282.9233333333334,322.47927916666663,395.2947958333333,435.3649999999999,437.1742458333333,447.1725458333334,468.3958333333334,432.5965208333334,438.4241791666667,467.9045833333332,460.9283208333333,459.6965291666667,450.00958333333324,460.2195458333333,454.1714041666666,456.8566666666667,436.38599999999997,445.9129708333333,459.1279166666666,443.97339583333326,437.2715166666666,458.8220833333333,466.0713916666668,477.00548333333325,485.83875,484.3758041666665,448.7096791666666,392.6470833333333,377.9351916666667,392.82214583333337,402.0079166666667,413.5973166666666,409.72758749999997,389.0666666666666,386.49919583333326,395.76385833333336,390.9633333333333,393.37865416666665,451.3018375,565.87625
565.6522416666667,534.6019458333333,564.0166666666665,554.7445875,583.4370916666666,591.6666666666666,564.2803916666666,570.1085416666667,599.31,585.9379208333332,570.3867291666667,584.1079166666666,574.3206625,590.2111625,610.3341666666668,583.0002583333332,568.4734708333333,595.5266666666666,585.2511875,603.0196749999999,592.22,596.3312541666667,603.8056916666667,600.3508333333333,597.2968416666666,592.1060833333333,585.9512499999998,586.0809875,598.035125,582.7470833333333,584.6904249999999,601.036875,612.075,579.0053875,665.8054541666667,793.2872916666668,753.6301458333332,690.1917208333332,665.1269791666666,615.0638124999998,536.9819708333332,476.1705208333334,434.06267916666667,371.4804541666666,327.35937499999994,265.89762916666666,353.0075583333332,512.7171875000001,480.0119249999999,376.62001666666663,334.11906249999987,235.6278041666665,206.22121666666666,182.15791666666647,181.66450416666663,152.1019458333334,123.92729166666672,63.46905416666658,15.937899999999786,-50.62958333333336,-152.3126333333331,-183.73696249999995,-168.63385416666665,-172.02670416666672,-193.25973333333343,-196.1028124999999,-193.1078833333334,-243.03524166666682,-308.0509374999998,-313.34333333333353,-327.3694875000001,-371.2951041666664,-368.0741916666666,-316.11451666666665,-332.5272916666666,-326.2215000000001,-303.41178750000006,-246.57604166666664,-186.47630416666686,-189.01017916666657,-132.87781250000003,-146.67876666666695,-150.14830416666678,-132.91520833333328,-116.87290000000002,-75.22911666666684,-87.96927083333321,-80.68151249999983,-0.09382083333326818,64.68604166666665,136.55515416666674,172.35644999999994,242.8230208333333,247.10850000000005,287.2807,383.095,425.7048499999999,459.572275,504.5945833333334,561.0629875,606.8167333333332,659.4294791666667,742.9060749999999,807.3827875000001,865.0117708333333,931.7401291666666,885.9514999999999,727.6776041666665,683.5928291666667,704.0615416666667,726.5233333333334,714.4988958333333,734.7762583333333,751.3233333333333,719.9970583333334,710.2504083333333,711.65,732.8723541666666,728.449225,722.5395833333333,691.1158125,706.0592749999998,728.4395833333332,699.1346,702.5812541666666,744.2854166666666,719.5998041666668,713.6231083333332,743.42625,749.6249166666665,673.3640416666666,558.3329166666666,531.5641,549.8947083333334,552.94875,555.8378708333332,550.9772958333333,538.9274999999999,545.6958791666666,550.0564833333333,544.9579166666666,571.9122666666667,571.7389583333332,578.8920833333333
570.9235375000001,564.0445458333332,570.1133333333332,551.2697125,563.4037208333333,551.6391666666666,564.8370916666665,560.0187458333334,573.26625,590.2494125,597.6527625,612.6216666666667,606.3281541666666,605.06585,592.09375,573.4141708333333,562.5256708333334,584.4595833333333,579.1018541666665,582.6488208333332,601.4216666666666,593.1857708333333,609.2721375,609.7449999999999,591.1825583333332,592.9516249999999,589.7454166666666,575.9508041666668,587.37185,590.5591666666667,591.787375,605.5304333333333,622.4220833333333,579.4540625,655.215575,768.9316666666666,765.9447999999998,679.2049916666666,635.21125,599.5961166666666,539.4366916666665,470.3991666666667,406.0855125,376.00929583333334,327.49854166666665,211.5906791666667,286.771275,469.449375,432.92167499999994,366.7132833333335,340.8330208333332,295.2338166666666,262.1078166666665,218.65041666666656,169.03847083333326,128.38990416666658,77.30645833333338,15.782045833333285,-11.310175000000157,-70.48250000000002,-164.95864583333312,-182.24506666666656,-161.05531249999996,-244.12099583333344,-256.66363333333334,-237.7548958333333,-280.8687291666668,-305.31355416666673,-309.14552083333336,-292.39863749999995,-319.00296249999997,-364.21458333333294,-395.4221500000001,-404.9968458333333,-357.31968749999965,-367.45333749999986,-339.26125833333356,-321.66489583333305,-305.785175,-302.5706208333331,-241.18645833333318,-276.8362375,-232.92076249999997,-156.49354166666674,-121.6888916666669,-89.56976666666674,-14.023541666666603,30.77247916666684,74.5900749999999,139.31718749999993,213.10745833333323,233.19189583333318,274.5079166666666,278.08645416666684,344.5089875,424.95562499999994,462.13750833333324,503.84276249999994,542.3459374999999,588.1219833333332,632.8998583333332,690.495,765.0871208333332,815.9468625,851.4924999999998,937.9696833333333,850.0301958333333,671.6636458333334,665.7454458333334,708.1683625,716.5429166666668,705.1335208333334,716.3546708333333,723.5045833333332,731.4176958333334,718.8573375000001,697.9858333333332,703.2593749999999,730.9228666666667,727.5783333333334,693.7264416666667,689.1874208333334,723.8249999999998,728.9950833333332,723.9389916666667,717.0999999999999,730.012775,739.1505166666666,740.9845833333334,741.9580583333332,673.1755374999999,539.1241666666666,523.7146958333333,554.7974916666667,566.6308333333332,568.1864374999999,564.6054124999999,549.27875,534.2440208333333,545.4344416666667,563.6866666666667,575.58025,572.9194208333333,580.6945833333333
565.8024833333334,566.408475,599.2837499999998,574.2878333333332,561.9911208333333,565.7741666666666,576.6799166666667,560.3177666666667,564.6324999999999,610.0377958333333,621.6767833333332,607.66,617.4531083333334,602.5357208333332,577.995,568.405125,574.7408791666667,596.0129166666667,594.4954791666667,588.4005374999999,570.6033333333332,575.4346416666666,596.519725,600.9504166666666,624.6069958333333,612.8473124999999,572.8070833333333,591.7839333333334,602.4920083333333,594.6045833333333,589.13565,600.6252916666666,623.0091666666666,597.6933624999999,664.1954,758.6214583333333,744.7721666666666,696.7074666666666,622.0443750000001,558.5316416666665,500.1869250000001,476.2817708333333,425.4377791666666,382.48833333333334,306.9095833333332,207.38260000000005,293.2535958333332,437.9396875,441.57027916666675,392.6780708333333,335.58624999999995,287.9741499999997,286.9152708333334,266.0098958333333,170.69068333333325,80.80858333333316,27.175416666666422,-13.619570833333455,-20.377495833333626,-26.48625000000007,-81.14850833333327,-78.42964999999992,-122.13552083333337,-214.1312083333334,-244.87122500000004,-241.21968750000002,-235.2723916666668,-233.25277499999999,-235.4115625,-206.71183749999994,-271.8487500000001,-376.6278124999997,-396.47495000000004,-424.0380124999999,-439.4232291666664,-425.8894166666665,-362.33948750000013,-291.40937499999995,-249.4152291666669,-227.6236458333334,-245.6064583333333,-280.37760416666663,-257.59440000000006,-205.73520833333333,-127.94747083333357,-85.45865000000009,-28.724583333333243,4.259354166666753,49.543295833333275,94.25833333333324,165.27260000000004,194.83417499999996,245.88624999999988,297.3880458333333,355.2698749999999,412.05354166666666,457.0394041666668,513.9804041666664,536.7453125,600.9679583333332,647.7901666666666,705.1826041666668,768.5441125,804.1704125000001,849.9801041666666,926.7111458333334,837.3299458333332,653.4929166666666,668.6911416666667,711.9194916666665,704.7933333333333,699.8624916666668,711.4058541666667,716.0224999999998,723.4301166666667,732.9795416666666,727.3033333333333,732.41445,721.6318583333333,727.4733333333332,726.1017083333332,715.8239041666666,724.8291666666665,699.5467208333333,696.0935124999999,724.9441666666667,733.9678999999999,736.8302124999998,734.97375,740.5019166666667,655.2234916666666,536.7633333333333,542.6802749999999,557.7633041666667,549.3399999999999,563.0151791666667,559.4784041666666,551.4516666666666,534.5633083333332,564.6756541666666,582.8079166666666,563.4739041666667,562.3448833333333,557.8979166666666
554.7344916666667,552.8394374999998,567.0591666666666,568.4738708333333,578.61425,561.69375,559.405775,546.7504791666667,566.8579166666667,593.87425,583.94885,611.0958333333332,619.4026083333333,602.5040124999999,596.7308333333333,575.8354791666667,586.0025250000001,613.0458333333333,615.8032208333333,599.9782874999999,587.4995833333332,591.2489958333333,596.8337624999999,574.3583333333333,603.2152416666665,600.4156875,603.4658333333332,601.1540458333333,603.8061291666666,603.9300000000001,610.1397499999999,602.0996375,612.6391666666666,614.4188833333333,706.1124333333333,780.4788541666667,740.5522083333333,672.3024083333335,630.6401041666667,560.2569749999999,502.7450208333334,452.37624999999997,372.77369583333325,335.03109166666655,304.23947916666657,206.2263208333334,248.0696375000001,401.53145833333326,376.9901583333332,307.7851958333332,240.91166666666663,187.05268749999982,123.27593750000005,116.35927083333354,65.56427083333318,23.220249999999794,-27.901979166666877,-88.46052083333339,-145.05093333333355,-182.04281250000025,-195.92819583333335,-196.6756583333334,-270.07812500000006,-317.28455416666674,-357.25215833333334,-407.74822916666676,-378.8904916666668,-366.0396791666667,-404.36489583333343,-361.33243749999997,-392.33460000000014,-478.0370833333329,-446.6815750000002,-451.1465041666667,-486.49364583333295,-496.00054583333315,-436.98533333333353,-329.6744791666665,-262.22925000000015,-172.0782666666667,-102.92364583333338,-57.256708333333336,-94.86703333333344,-139.65260416666672,-95.18465000000018,-78.9108666666666,-49.815937499999876,-49.585758333333246,-0.05205000000009363,71.16072916666658,135.67382916666662,162.84688749999995,215.83770833333332,227.406,285.7268499999999,381.82145833333334,393.25464166666677,458.80584166666654,524.8648958333333,574.0757416666664,624.3722,698.0540625000001,765.7168249999997,794.3723041666666,837.13,933.5928958333333,857.2517541666666,668.1326041666666,674.3922375000001,701.5080125,694.4104166666667,693.6741541666667,703.3549958333333,707.0808333333332,746.6138958333332,732.2933625000001,700.0616666666665,716.1158875,726.2241541666666,743.2216666666667,755.9561333333334,735.6158666666665,728.1770833333333,713.7589666666667,709.9452624999999,709.7516666666666,716.5777583333332,712.50815,727.4966666666668,762.7913791666666,676.1019041666666,530.1745833333333,542.6969666666666,559.7379125,540.99375,558.0125874999999,571.5963416666666,551.96875,510.033575,552.5978958333333,574.1858333333332,555.6140458333333,551.8660791666666,589.69875
600.7757291666666,586.9381791666666,584.8433333333332,584.664,583.5581166666666,570.8279166666665,577.6249708333332,566.0035416666667,568.1420833333334,575.0803249999999,581.7677375000001,613.6820833333333,608.8126874999999,586.8685375,596.4679166666667,602.3729625000001,605.6771,602.7054166666667,587.1688083333333,577.8108749999999,601.5658333333333,601.1874208333334,610.9323791666666,589.5241666666666,603.1339875,594.3201375,591.9870833333333,600.5782583333332,646.6273874999999,645.425,630.2346708333333,602.1427083333333,625.47,610.9969583333333,696.4401166666667,771.9611458333334,723.3926708333333,665.5901375000001,633.5201041666667,566.7800791666665,498.2963583333333,439.0255208333333,388.85987916666653,321.5288374999999,253.94458333333324,149.4318708333334,209.048975,382.7960416666666,332.8981083333333,266.29566249999976,241.1956250000001,163.60217916666653,123.42004583333338,146.7547916666669,88.39115833333324,89.78823333333344,77.9250000000001,33.45838750000013,17.004874999999913,8.784270833333181,57.99274166666663,-40.289225000000044,-131.3687500000001,-113.24108749999999,-185.27387916666643,-210.19489583333342,-209.8354541666667,-213.23061666666683,-193.3755208333336,-227.4606208333335,-263.7719166666667,-348.8095833333334,-417.8307125,-445.5794833333332,-415.6466666666663,-325.60248333333334,-218.2722666666668,-130.6632291666669,-73.69788749999975,-29.082875000000115,-43.35614583333347,-96.87271249999992,-120.83048333333335,-101.98635416666664,-72.93106666666674,-54.57461250000003,7.6711458333330995,34.12983333333332,58.480716666666524,108.99562499999993,126.04419166666656,180.20491249999998,241.67666666666685,310.56962916666663,378.17426666666665,441.43562499999996,470.7280625,500.43746666666675,530.2590624999999,594.5642833333334,653.4900083333332,719.2853124999999,759.7504083333333,780.3087458333332,837.2498958333333,923.4692749999999,850.6340416666667,666.4173958333333,683.113275,718.8616624999999,694.7479166666666,688.0868583333333,717.1014375,731.0145833333333,719.48465,709.6034541666667,705.4437499999998,741.047125,746.4599375,734.79,749.3165708333333,731.2620708333333,716.8900000000001,730.4245291666666,733.6655083333333,729.5783333333333,719.2391374999999,715.2016833333333,743.0058333333333,761.1439083333333,674.7627833333333,545.00125,536.3638458333332,554.7353291666666,545.5366666666666,534.0494166666666,554.7798666666667,567.23,569.2859958333332,573.0707625,563.0604166666666,579.7260666666666,510.2680958333334,412.4758333333333
432.0169249999999,435.5020083333333,400.3349999999999,406.02069583333326,425.34074583333336,430.85416666666663,415.94093333333336,399.32609583333334,407.6975,433.9388125,434.2596208333333,460.48875000000004,463.03483749999987,433.5218,420.8383333333334,419.5373125,431.30333333333334,443.49666666666667,468.7764541666666,442.04930833333333,434.7641666666666,434.5309791666667,447.2863791666666,441.56083333333333,446.93025833333337,456.6902,440.9283333333333,441.89270416666665,446.98310416666664,463.51916666666676,471.5651291666666,474.80224166666653,480.4916666666666,458.02057083333324,452.863975,437.64531249999993,371.2973249999999,312.19168333333334,276.07010416666674,219.20566249999985,193.97852499999988,203.80364583333323,169.5275375,100.1305999999999,26.38218749999993,-34.522179166666604,-115.99900416666662,-171.25812500000006,-237.1841791666667,-279.62759583333343,-315.5775,-362.0513333333332,-387.47131666666655,-347.06541666666647,-352.3751125,-328.3676291666667,-373.4445833333332,-452.8753583333331,-499.3611291666669,-549.2133333333334,-606.9333624999999,-609.0648708333332,-682.1133333333332,-731.0807874999998,-786.5222916666664,-822.2045833333334,-819.6017166666668,-802.8816041666664,-843.7742708333334,-889.2225249999999,-866.9133208333335,-866.1557291666668,-870.5510375000001,-878.9175124999999,-843.6461458333334,-834.9403375000002,-855.0636416666665,-807.528229166667,-782.6876333333333,-736.4196458333334,-716.1455208333333,-651.3005249999999,-621.6407416666666,-562.2858333333334,-506.3352500000001,-484.4184999999999,-432.06864583333333,-370.1533499999998,-346.51052500000003,-347.6219791666667,-346.0814750000002,-293.59872083333335,-235.90406249999984,-183.22322500000007,-124.76060833333327,-91.48614583333335,-49.15331666666668,-10.754466666666644,40.61874999999998,114.84757916666672,125.70688750000005,119.58833333333337,133.25455833333342,193.43082500000014,264.80864583333334,322.12200833333327,384.8838958333334,414.65781250000003,446.40445000000005,451.9816166666666,425.28458333333333,404.5702624999999,420.63953333333336,438.59124999999995,435.1206625,439.5659791666667,457.8237499999999,458.81284999999997,478.7679458333334,460.4850000000001,435.5598125,458.86679583333324,480.1066666666667,476.93603749999994,446.02309583333323,444.15,455.6940624999999,460.09685,469.01166666666666,494.27121666666665,453.56663749999996,362.1041666666667,371.01362083333333,395.7579666666666,384.57708333333335,373.90807083333334,384.52329999999995,387.24625,366.14746666666656,402.40140833333334,437.9625,413.5204083333333,392.7003166666666,412.22416666666663
451.78632083333326,440.40013749999997,407.50874999999996,412.15042083333327,429.6090125,429.83,401.09642083333335,391.87387916666665,419.51249999999993,436.5560375,425.29898333333335,452.76208333333335,459.5142416666666,439.06017916666667,439.5845833333334,447.3711291666667,449.74716666666666,438.30125,447.89174166666663,426.3653708333334,433.5391666666666,431.8192291666667,435.6781208333333,428.1125,444.4645708333334,460.85551666666663,444.3225,449.3678208333333,457.9793708333333,477.1329166666667,491.0208083333333,487.71377083333323,479.76916666666665,456.1110541666666,437.59417083333335,408.0888541666666,363.7954583333331,320.19117499999993,280.03843750000004,224.06913333333318,191.94522499999994,189.2578124999999,155.6253541666667,86.85625416666664,12.588541666666686,-38.73638333333321,-119.5889208333333,-178.4561458333335,-234.1675458333334,-303.33921250000014,-376.9070833333334,-390.01025833333324,-380.54402916666663,-347.65635416666646,-377.9085583333333,-355.22398749999996,-375.1591666666666,-430.4485749999997,-438.8017375000002,-463.46385416666675,-554.1671958333333,-559.2162666666667,-604.0565624999999,-676.4773624999998,-744.352233333333,-764.3096875000001,-765.1338375,-744.5040124999998,-759.5448958333334,-773.0646833333333,-726.4689583333334,-743.7610416666668,-829.42035,-866.3404999999999,-790.426875,-769.2079000000001,-820.4639666666666,-806.4779166666668,-770.4471999999998,-732.8140458333335,-745.9635416666666,-678.7878583333332,-638.8501541666665,-583.1116666666666,-540.3275750000003,-546.657125,-512.7553125,-426.9170166666664,-402.22989583333333,-420.15875000000005,-384.42012916666675,-300.4209041666666,-246.19052083333315,-207.74166250000007,-138.05209583333328,-67.86760416666664,-0.4550208333333785,18.930420833333415,33.782708333333176,112.94783749999999,132.28141666666676,122.14645833333338,141.00720416666672,201.92437500000017,261.8152083333333,304.1682958333332,362.2193583333334,401.08135416666664,449.6611458333334,469.4334249999999,446.3716666666666,418.2970916666666,429.822625,445.07291666666663,431.0677291666666,442.7319291666667,469.9383333333332,440.0304458333333,445.32540833333337,451.2833333333334,452.586375,465.1594208333333,461.8687500000001,478.05411666666663,460.7797624999999,448.2462499999999,457.3130999999999,469.7257791666667,483.68625,498.8501083333333,454.9814541666666,372.59416666666675,384.4906416666667,396.11039999999997,375.32708333333335,386.4458125,404.4033083333333,393.8670833333333,374.94900416666655,401.85982083333334,414.78874999999994,395.9023833333333,452.5322583333333,565.7275
606.7923999999999,580.0026624999999,559.7970833333333,577.2415624999999,597.2907458333333,594.4475,566.9661416666667,556.8396666666666,579.9841666666666,595.0668708333333,583.7916166666666,612.5645833333333,622.9978958333332,608.5731041666667,601.8654166666668,576.8529125,579.6551583333332,603.0795833333334,624.1902583333333,598.8106166666666,606.5520833333333,616.3459166666667,619.2798499999999,598.2029166666666,609.6975916666668,615.2691791666666,585.5954166666666,595.8492124999999,607.5468333333332,618.6633333333334,627.989975,642.1511958333332,643.1458333333333,588.4865666666666,652.6072875,773.1518749999999,736.7356458333331,659.1338499999999,618.4498958333334,560.5127874999997,491.5211499999999,444.73010416666654,419.01672916666666,359.22972083333326,263.36135416666673,204.0335125000001,274.1148041666667,421.1027083333332,363.2710666666666,271.9128541666664,228.65614583333328,176.92629166666674,105.63434166666664,82.16531250000014,57.19687916666655,70.62739166666677,19.436979166666845,-26.328170833333076,-26.115383333333625,-48.68395833333341,-111.48272916666662,-127.94707083333327,-198.2202083333333,-218.57784166666653,-257.577408333333,-310.5531250000001,-344.3823083333334,-338.08240833333303,-353.7308333333333,-373.04189166666663,-363.18393333333347,-415.55302083333345,-475.34921666666673,-496.3172958333332,-449.94218750000005,-461.06725833333337,-470.8550208333333,-377.192604166667,-334.24675000000013,-298.6670208333335,-295.71906250000006,-233.8640124999999,-201.4138666666666,-146.7089583333334,-106.86953333333355,-92.09362916666663,-38.73937500000008,14.916629166666866,45.07006249999992,64.03697916666667,73.36854999999986,138.8427916666666,206.29875000000015,239.50871249999986,298.5242583333333,351.445625,383.3315166666666,414.28443333333337,462.8752083333333,516.4009208333334,574.1717416666667,660.2046875000001,693.8125708333334,744.7085333333333,831.6843749999999,913.4336291666666,847.6877833333333,672.0664583333333,682.3375416666667,728.9493624999999,715.11875,705.6257625,718.8206541666666,719.6599999999999,704.2395375,704.4369666666666,720.0983333333332,713.4511291666666,727.6607791666667,711.4100000000001,695.0087666666667,721.7384499999998,736.4766666666667,725.932375,711.8305333333332,727.4083333333333,709.72595,702.4461458333333,733.1091666666666,760.49825,682.4971541666666,544.7145833333334,546.1498291666667,558.5848874999999,527.01125,527.9963666666666,543.2783333333333,538.8870833333333,529.9324791666666,556.1928541666666,571.4870833333332,572.214425,568.0257833333333,562.1708333333333
587.4834291666666,603.3107458333334,563.9712499999999,562.1203999999999,580.8150083333334,584.1516666666666,573.7606208333333,571.7407541666666,583.5699999999999,592.2416791666667,582.70655,616.5883333333334,613.6709541666665,604.8966416666666,596.1404166666666,604.4498166666666,596.5901916666667,583.8258333333333,591.0513708333333,593.0891208333333,602.6445833333332,596.6834249999999,593.0156041666667,590.7020833333333,595.9839875,613.3865666666666,606.66,601.0498291666667,619.6261541666665,635.375,611.4784416666666,605.2790666666667,641.5070833333332,597.1602291666667,659.5582166666666,762.845,733.2407499999998,634.9717708333333,579.9696875000001,560.3618499999998,491.84975416666657,425.2253124999999,367.3440458333333,342.2222291666667,321.1782291666666,170.82976666666676,198.3352583333334,379.5385416666665,335.5732874999998,242.2826708333331,217.40239583333332,188.32605833333332,105.30949999999999,49.352187500000184,27.726937499999877,10.43293333333338,-18.18718750000025,-93.3334333333334,-129.0354999999998,-145.60250000000013,-211.2788916666666,-230.0936958333332,-222.65677083333327,-249.2631,-274.7895833333332,-279.43979166666685,-283.39804583333336,-299.2005083333336,-289.68541666666647,-312.912266666667,-331.4911125,-326.3459374999998,-330.55729166666663,-304.11570833333303,-320.58833333333325,-361.4007375000001,-388.3658374999998,-364.1629166666664,-298.08985416666667,-246.60211249999992,-209.8016666666666,-230.30765833333334,-184.24111249999993,-112.94937499999992,-134.01333333333312,-104.74620833333307,-39.38427083333315,18.548687499999886,101.50685833333344,125.35979166666655,175.80577916666627,202.11271666666656,214.86072916666674,306.2355333333335,361.9123000000001,380.40510416666666,403.2542749999999,454.2885125000001,506.86927083333313,568.4549583333334,618.4878833333333,652.7074999999999,692.6392166666666,768.9449833333332,848.7882291666667,922.6291916666668,836.3704624999998,662.0334375,675.7635333333333,720.1833208333333,695.73875,679.6418333333332,697.3284041666667,718.5749999999998,695.1491916666666,699.1437874999999,729.3633333333332,737.0050999999999,735.410925,730.7900000000001,724.5933208333333,715.0015333333334,728.0645833333333,720.889025,726.5196374999998,723.2225,723.7016416666665,720.2362458333332,733.0095833333334,753.92765,681.8726416666666,546.3779166666667,512.6030583333333,536.7334791666666,537.7258333333334,542.5947458333333,543.7640041666666,536.1316666666667,548.4035958333334,568.9569374999999,572.765,570.5380416666667,560.4799083333332,547.1837499999999
580.8147624999999,596.0401166666666,584.8445833333333,557.7959333333332,565.4345666666666,576.3904166666666,574.7901874999999,585.9773083333332,593.9779166666666,593.6051749999999,579.9193666666666,605.1883333333333,615.6586749999999,592.9285791666666,583.8274999999999,614.0765708333332,618.7936416666666,598.0625,616.3841124999999,601.3254291666666,577.3816666666665,592.2285874999999,600.9974083333333,600.79125,628.1319375,636.1722499999998,624.7870833333333,617.1466416666667,609.8513916666667,627.465,623.9189375,639.3982249999999,634.9766666666667,595.7203583333333,638.8744375,731.5255208333333,722.9926041666665,644.8480583333334,587.0043750000001,549.1008875,511.2738791666666,457.30135416666656,414.2150875,356.6269,264.1352083333332,171.28852916666654,240.91388749999993,384.7659375000001,377.75818333333336,300.35335416666663,235.8591666666668,184.60925833333346,152.82382083333331,126.57322916666695,80.87020833333321,39.54222500000009,6.905312499999781,-46.24082083333343,-57.25028333333327,-52.971458333333175,-105.55110833333322,-181.31777499999993,-183.16885416666685,-185.07170833333316,-198.7709708333332,-226.75708333333318,-186.69300833333318,-208.6298124999998,-184.5210416666667,-248.16223333333306,-202.9263125,-260.0488541666667,-304.9690749999999,-310.2748624999997,-354.7518749999999,-361.7568125000001,-365.0293249999998,-358.96260416666644,-303.3534166666667,-253.25049166666662,-206.64500000000004,-230.97080416666662,-209.62089583333335,-160.21041666666648,-156.22632916666646,-105.93593333333308,-44.2479166666665,7.710624999999823,88.67165833333345,97.15145833333324,153.62807916666645,205.5367624999998,238.88520833333325,281.30649583333314,315.90057499999983,343.35374999999976,430.58716666666663,484.2455958333332,508.12260416666663,574.1683208333335,607.4673416666667,657.1915625000001,700.6186250000001,747.4639375,826.4297916666667,878.3134250000002,818.1902333333334,665.3064583333334,675.2272583333333,720.5222083333333,711.4520833333333,682.7977583333333,707.8909916666667,731.8525000000001,696.0205999999998,717.9398958333333,756.5391666666667,737.1270499999999,714.1953791666667,707.4758333333334,737.302625,747.1425708333334,726.1358333333333,704.4511291666666,708.8621958333332,728.6329166666667,733.8313708333335,726.0341999999999,729.4045833333333,753.8398124999999,684.8458541666666,539.4416666666667,546.6618375,563.0437499999999,523.1158333333333,535.4953666666667,550.0190749999999,556.94625,581.8005499999999,574.5465916666667,547.2629166666666,547.1190624999999,556.4394333333332,540.6933333333334
570.8479166666666,583.7484333333332,557.6891666666667,547.1001291666666,570.3672916666666,566.8308333333333,555.8290958333332,567.6730708333332,584.91,607.1674708333333,593.7351666666666,607.4112499999999,595.8898125,584.5051833333332,573.2174999999999,609.7689624999999,614.9425666666667,604.03125,634.3464833333334,623.8381291666667,589.0420833333333,607.6125583333333,618.0453833333333,602.1766666666666,609.2933833333333,632.2653208333334,649.8416666666665,635.3073333333333,618.6206208333333,597.6204166666666,621.1343416666666,615.4615958333334,621.9966666666666,615.4460083333333,677.8243,754.1665624999999,719.7525666666666,649.3132041666665,606.2518749999999,545.5049250000001,498.2147624999999,424.2071874999999,376.5763083333334,340.6867583333334,362.6427083333333,284.33225416666653,346.5966708333332,462.3186458333332,493.9646916666667,389.00484583333343,311.52354166666646,299.6845416666664,275.3260458333332,208.84239583333314,127.55049583333317,63.97827083333334,15.75416666666655,-53.624500000000126,-97.22182916666654,-125.9346875,-191.012275,-266.3947458333333,-267.7655208333335,-235.43796666666645,-271.71090833333335,-335.9705208333333,-310.8298624999999,-283.3775333333333,-394.9545833333333,-364.8648958333331,-357.4601375000001,-374.0846874999999,-456.8669541666667,-450.58798750000017,-444.5297916666667,-481.29263749999984,-443.5468208333335,-408.6406249999997,-371.8303625,-286.21963750000015,-287.91135416666657,-245.69629583333318,-213.99097083333322,-136.0746875,-158.92748749999978,-117.39054999999976,-113.04437499999995,-66.04487083333353,-42.16442083333342,16.61520833333327,58.46649166666674,135.3141833333333,188.6430208333333,211.27282499999987,252.4441458333332,315.15072916666657,376.86697083333326,430.6183,483.68281249999995,543.8749291666667,580.4428666666666,640.6646875000001,677.2023624999999,732.6655041666667,824.235,870.4813666666669,818.7663833333334,676.4873958333334,680.1281208333334,716.3595083333332,725.9320833333334,708.7165083333333,718.2902416666666,723.7820833333335,690.5184416666666,702.2236083333332,732.10875,723.7380166666666,724.9901291666665,735.4783333333335,749.8869833333333,752.1306291666666,759.2816666666668,718.9240166666666,710.3134583333332,720.115,725.69945,718.8630374999999,724.2845833333333,769.2903416666668,686.51,534.6116666666666,547.4145374999998,568.1945166666667,536.8358333333333,536.777775,547.5486541666667,560.1766666666666,570.2984708333333,577.6103416666667,575.6112499999999,557.3250125,567.8056083333333,554.69875
571.1456708333333,586.1281416666667,577.2104166666667,563.0026375,568.6676666666666,576.2991666666666,576.4860625,588.2841208333333,595.27,582.0795666666666,582.0115583333334,615.7362499999999,575.7965791666666,551.9345916666666,591.5616666666667,626.7056541666666,631.1006875,597.9766666666667,611.0537583333335,602.3413875,597.5820833333332,601.6754208333334,615.6335499999999,618.0375,604.1683791666667,622.9677916666667,641.3245833333333,626.0597624999999,608.2127541666666,611.4975,623.5649208333333,609.4767708333334,606.3933333333333,591.7278624999999,652.4902458333333,742.9738541666668,698.7238625,641.5542333333333,605.5809375,555.1085708333334,526.45125,463.87031250000007,389.56610416666666,334.00054166666666,338.41989583333327,228.33317916666664,307.0878333333332,462.57135416666665,438.48176249999995,336.7635625000001,293.6417708333332,235.75472916666666,189.62003333333323,214.07656249999977,144.9053749999999,95.56112916666675,62.14281249999979,-14.467208333333218,-45.42485416666648,-71.37718750000002,-121.59641666666658,-167.36769166666647,-196.44593750000018,-168.02779999999984,-167.69953749999993,-231.3657291666667,-257.5924624999998,-239.3332791666666,-339.3708333333332,-324.1902958333331,-339.4204791666667,-353.61760416666675,-467.62457083333317,-473.35396666666657,-401.5039583333334,-403.6560499999998,-380.63350833333357,-379.124583333333,-293.89114583333327,-197.03907916666685,-227.89572916666665,-162.54949166666663,-133.86186250000003,-73.74156250000001,-55.28997499999994,-33.86646666666664,-66.0167708333334,16.336912499999784,76.63972500000003,102.71874999999989,139.10335833333312,179.1754291666665,243.09083333333353,334.4680083333333,379.16657083333337,391.43645833333335,449.3256083333333,509.01843749999995,544.0734375,588.4013708333332,630.2552166666667,660.4943749999998,714.4680375,763.3566541666667,803.8896875,867.6975541666668,800.6427958333334,645.1427083333334,675.9877875,726.9809416666666,723.1854166666666,703.4962208333334,731.0580416666667,757.9820833333333,748.6044583333332,714.4417874999999,726.4358333333333,726.2316625000001,741.5187791666667,738.90875,744.0265208333334,739.0877999999999,731.3241666666665,718.8216249999999,726.1057749999999,733.2170833333334,723.3708875,722.0582125,731.8454166666668,753.3196791666667,681.6488625,535.4295833333333,541.0261791666666,560.9356416666666,534.3787500000001,549.4465,561.3165666666666,554.8720833333334,584.013625,587.8085625,571.0520833333333,592.8143166666666,540.8103041666667,390.65083333333337
385.501675,399.82502083333327,396.24750000000006,382.1620291666667,409.9028125,433.4754166666666,418.3573416666667,414.6064666666666,426.75208333333325,438.0805,454.1063291666667,445.71916666666664,416.9570124999999,397.3848541666666,421.4316666666666,455.93216249999995,463.69208749999996,434.03208333333333,457.0272125,451.1781124999999,430.9745833333333,440.30056250000007,461.36139166666663,455.7458333333333,451.28740416666665,465.3435958333334,472.3941666666666,476.3260291666666,460.78974166666654,430.7366666666667,442.4087208333333,437.0822875,450.8579166666667,448.3962041666666,433.0726291666666,394.49697916666673,344.36800000000005,292.08911666666665,247.9507291666667,205.12338750000015,214.885675,215.19666666666686,174.02132500000005,102.36078333333333,38.48979166666675,-37.230487500000095,-66.70942083333341,-109.58229166666683,-161.52883333333307,-246.18883749999998,-310.02958333333345,-366.45539999999994,-369.38537499999984,-314.70510416666673,-327.5742541666667,-359.46923749999996,-409.0125000000002,-489.7275833333333,-545.7131583333331,-586.0777083333334,-658.7649333333333,-723.3092124999998,-752.6042708333334,-710.9301916666666,-742.9340458333334,-799.9695833333334,-829.5931166666667,-859.3726624999998,-916.7762500000001,-970.6973625,-945.6413749999999,-927.6692708333333,-897.9472125,-892.7420791666666,-907.1159374999997,-907.3347874999998,-877.6491666666669,-860.0913541666665,-881.6550374999999,-794.6315999999998,-748.4329166666664,-723.5158708333332,-689.4346666666665,-666.2816666666666,-616.4478541666666,-550.8277041666665,-565.2220833333332,-459.23770833333344,-400.2082958333334,-362.04083333333335,-364.9534166666666,-332.5520375,-271.0785416666667,-211.2880416666668,-152.28527916666667,-79.60302083333352,-68.62675416666673,-17.94375416666668,38.37718749999999,102.63706249999984,96.4455875000001,45.46177083333339,99.02739166666674,182.1364083333333,239.31927083333335,283.12153333333345,338.22479166666676,389.8400000000001,437.7476333333332,465.40389583333337,446.6766666666667,422.8059958333333,429.1399375,438.51624999999996,445.32429166666657,432.3940999999999,450.7479166666667,456.9132041666667,481.4823458333333,488.4775,473.28864583333325,462.4242958333333,461.7941666666667,464.624575,453.6928083333333,456.93875,456.5492916666667,461.57336666666663,458.3087500000001,472.622625,450.68257916666664,352.1370833333333,364.5568208333332,400.0957916666666,405.67708333333326,392.2655125,389.4168874999999,384.71625,380.3828,414.3618041666666,450.9783333333333,408.23583749999995,398.63222916666666,406.28625000000005
408.5856416666666,398.4289041666666,408.31125000000003,397.9070625,412.79319999999996,423.3670833333333,415.2537625,427.60670416666665,444.95916666666653,438.89598333333333,440.2102625,431.4270833333333,407.57259583333325,397.83677083333333,430.06416666666655,461.3683166666666,466.02373333333327,433.2783333333333,444.2658291666667,439.3426166666666,429.4533333333333,432.14145,444.6554708333333,441.13374999999996,446.57464166666665,467.19835,473.87541666666664,476.51849999999996,465.1848208333332,443.69833333333327,459.6290666666667,446.2526416666667,447.18208333333337,441.625075,417.01973749999996,370.0960416666667,336.96600416666666,299.23969583333337,251.20104166666675,196.09569166666677,197.24427083333336,194.72156250000018,149.33054166666673,69.06301666666673,6.50177083333341,-44.555591666666714,-77.31707083333333,-141.23031250000008,-174.51587083333322,-261.5377708333333,-346.13322916666687,-372.77854583333317,-335.5320458333332,-281.34208333333345,-343.3254208333334,-382.57478333333324,-387.2964583333336,-440.86245,-463.40916249999975,-474.13041666666675,-563.6657,-633.5480791666666,-651.3204166666667,-629.6134125000001,-665.4510624999998,-708.1797916666667,-754.0643833333331,-801.3655749999998,-850.8568750000001,-874.2298875000001,-825.1852041666666,-825.1149999999999,-860.2405291666664,-857.6717416666667,-812.3041666666663,-800.2384916666664,-804.2537416666669,-809.4859374999997,-793.5457916666666,-689.6531666666665,-667.9986458333331,-655.3561124999999,-639.9991208333331,-638.7256249999999,-584.6300416666667,-518.0252916666666,-537.7989583333332,-421.6207666666668,-377.4425166666668,-363.07916666666677,-338.3834124999999,-278.49239166666655,-219.26447916666666,-170.70886250000018,-113.0721666666667,-27.309687500000166,-2.9990625000000932,27.209279166666647,40.430729166666595,88.2038624999999,93.03907916666674,62.65645833333326,126.49947083333336,206.6407916666667,248.86979166666663,270.8745458333335,317.8087208333333,382.50270833333343,451.8615333333332,484.04462500000005,456.0733333333333,435.176475,445.3883583333333,447.90458333333333,440.83117499999986,431.9780583333333,460.4695833333334,445.7790583333334,448.33328333333327,461.55875000000003,477.8831708333332,465.6139875,444.70583333333343,475.99058750000006,483.69387499999993,474.08708333333334,467.19519166666663,470.68141249999996,463.75750000000005,473.62375833333334,460.83099999999996,376.34624999999994,381.9695208333332,400.8101083333333,399.93458333333325,399.1695208333333,395.0989916666666,381.1458333333333,394.28442916666665,428.3476458333333,440.66458333333327,399.3243041666666,461.68982083333333,562.7166666666667
576.4779583333334,542.7962916666665,544.9333333333334,549.931325,577.1582208333332,587.8158333333332,578.8763624999999,583.5706166666666,590.9824999999998,588.2239374999999,604.8272333333333,607.895,575.9139458333332,555.4881583333333,582.8395833333332,609.0554291666665,615.0052666666666,593.1741666666667,618.1278375,612.5822749999999,597.18625,613.9053708333333,625.2678916666666,604.2933333333333,610.5312583333333,633.3703916666667,631.7912499999999,623.3802416666665,610.1115416666665,592.0829166666666,605.56035,605.8938458333333,613.6345833333334,577.9289749999999,633.0717625,733.4533333333334,715.4102916666666,641.8466999999999,585.6364583333334,540.2088666666667,513.5019708333334,460.2567708333335,412.7435958333334,355.2613208333334,293.1719791666668,222.1221791666666,328.57009166666666,471.63604166666653,426.95497500000016,297.73878333333323,231.4790624999998,181.37136250000015,150.17002083333333,142.00635416666643,74.57919583333319,31.086304166666764,5.964374999999791,-50.10928749999999,-77.28558749999988,-96.33875000000006,-179.46677499999998,-257.7728958333332,-282.2432291666668,-218.8207541666667,-228.24919999999992,-283.03229166666665,-342.72209583333324,-403.8537499999999,-457.669375,-465.31832083333353,-431.5295083333334,-461.9472916666666,-475.9440249999999,-456.62281666666655,-436.66187499999967,-463.42730833333303,-430.1997958333337,-354.49020833333327,-336.85017500000004,-252.71896249999983,-237.91218749999985,-240.61382499999988,-215.96769999999992,-193.8486458333334,-156.17331249999995,-95.75095416666656,-110.63729166666656,-20.619170833333527,33.52570416666657,84.83749999999992,95.50420000000003,151.02082500000003,224.19645833333334,252.08842083333317,302.80134166666664,393.7591666666665,387.7478208333332,420.95546249999995,467.0857291666666,510.8282791666666,557.0012166666668,599.2961458333332,662.5634666666667,738.0209791666666,817.3207291666666,868.6076583333336,789.6175625000001,651.3308333333334,681.9289041666665,739.8444541666667,718.9033333333333,702.7084541666666,722.4679624999999,732.1254166666665,716.7429499999998,691.5408583333333,714.0591666666667,717.1758625,732.3828666666666,732.6408333333334,720.5335458333332,716.7201124999999,716.9325,713.0040208333334,722.6271916666665,748.7095833333333,713.7624833333333,701.1096,723.1895833333334,751.5160833333333,688.7574374999999,530.0166666666665,539.2178916666666,570.4828041666666,554.6808333333332,544.000825,535.3092291666666,523.0508333333333,547.3807291666666,577.6444999999999,587.5716666666666,572.2026333333333,574.55765,572.9854166666667
574.2575374999999,569.1455375,555.0345833333333,546.1026749999999,554.9774541666666,566.5716666666666,576.9492541666667,578.5476541666667,582.5254166666666,581.9995583333333,602.5375166666666,614.0795833333333,572.5314749999999,555.6308208333332,592.975,595.4772291666666,594.6772500000001,588.2791666666666,593.1336,598.9032166666666,608.6408333333333,602.8276666666666,600.6007833333333,593.56125,592.8238375,606.4754541666666,611.3379166666666,614.7568666666666,607.4479916666667,590.69875,601.5791833333333,620.5671458333334,598.105,556.0830125,629.6472749999999,727.1136458333333,688.8345374999999,613.3775875,578.5221874999999,550.5046833333333,502.0283208333334,418.6493750000002,392.59032916666666,341.19784166666665,253.18218749999988,155.44378333333333,241.7981791666666,412.9907291666665,389.84389583333314,273.4630125,208.41177083333335,148.15239583333323,93.50157916666672,56.654895833333256,19.16697499999995,-10.450737500000002,-9.0775000000001,-57.45447083333346,-101.24764583333359,-146.02343749999994,-239.23230000000018,-226.78132499999998,-196.05385416666667,-282.5345208333334,-349.86161666666663,-331.6804166666668,-356.2783749999998,-440.3968166666666,-498.3521875,-506.69533750000016,-442.9689791666666,-478.13364583333316,-487.8421833333333,-455.20301666666666,-426.62010416666647,-415.00442499999986,-334.15649999999994,-240.44489583333322,-226.15380416666687,-222.81821666666684,-229.28635416666657,-174.5070124999999,-171.22680833333357,-161.37281249999984,-145.6968708333333,-54.18163333333328,-68.04010416666662,-0.14739166666660708,41.78699166666655,61.873958333333235,126.60692916666659,168.54768749999988,180.58770833333327,233.03288749999996,316.5888124999998,357.0260416666665,423.9812791666666,474.0161000000001,521.1591666666665,580.5887708333332,590.5449541666668,610.3602083333333,702.8665916666667,753.4334875,803.225625,876.0501458333332,797.8306666666666,639.6743749999999,678.1817791666666,735.4632041666667,711.8104166666666,704.4409083333334,698.302675,705.0708333333333,693.5791374999999,685.2109999999999,714.1929166666667,707.4538458333333,721.4150500000001,736.5816666666667,734.4714333333332,716.8127458333332,707.365,730.8265166666665,722.8139333333334,750.7545833333332,743.2443958333333,719.0723541666666,704.0250000000001,739.5684166666665,692.5818374999999,556.7924999999999,521.6490374999998,549.8294791666666,557.6637499999999,560.8678,559.25735,534.3970833333333,543.3910125,572.0397541666666,580.7275,570.2632874999999,567.1476625,570.4616666666667
566.7670333333332,574.4564499999999,572.0858333333333,559.3275666666666,567.7801833333333,575.7858333333332,575.9205875,573.1297625,595.0970833333332,599.4616208333332,594.6668666666666,595.78875,580.3881249999998,570.6591541666667,581.5420833333334,614.4048083333332,611.4238708333334,586.2199999999999,607.0952958333332,608.5888291666666,592.3541666666665,593.992575,595.7763958333333,584.2475,602.4850875,621.6961958333333,626.30125,626.2305041666666,620.2045374999999,594.0245833333333,619.2953541666666,615.2823833333333,591.5525,557.8959833333333,630.4758625,740.7527083333333,712.1445458333333,641.0329041666666,612.04125,572.3607125,526.8770666666667,475.2732291666667,437.8281499999999,368.77465416666666,284.23697916666674,183.56532916666666,242.82191666666654,404.42156249999994,408.92324166666657,326.8389083333335,276.6098958333333,220.44697083333324,195.52503333333343,177.17354166666664,134.8042541666667,102.7330666666665,101.10260416666657,85.37223333333316,65.68569583333314,46.14729166666686,-59.399770833333605,-93.50520833333348,-64.25572916666664,-120.64189166666665,-185.6514625000001,-206.91885416666662,-247.9505375,-285.9182041666666,-314.85500000000013,-358.9838125000003,-375.9886041666668,-431.96697916666665,-445.6809749999999,-424.1080916666666,-422.6396874999998,-405.05838333333315,-365.11671666666655,-320.7203125000002,-368.32590000000005,-395.5680833333334,-347.85500000000025,-224.92457916666646,-213.27292916666684,-228.11614583333312,-175.16017083333332,-79.42770833333324,-123.66739583333325,-80.58955833333323,-53.96113333333341,-20.713333333333225,40.79263750000004,85.2930333333334,123.0454166666666,227.71977916666657,313.2567666666664,356.6697916666666,443.6902124999999,487.5523875000001,511.37041666666653,526.6513333333332,562.7482166666666,651.0478125,735.8329041666668,764.2617208333335,811.3415625,890.7934124999999,821.7684041666666,650.9194791666666,637.0614291666667,705.6150291666668,715.4116666666666,719.9179791666666,704.7036375,712.7783333333333,732.9611916666665,737.3489583333333,740.2024999999999,719.2551874999999,714.9358291666667,723.9216666666665,738.2738166666667,729.5770916666667,737.3866666666667,740.0639749999998,727.9803708333334,734.8679166666668,738.0490125,734.3010875,723.3958333333333,735.8243375,679.2547333333332,538.9991666666667,536.8465958333333,572.4470875,554.1391666666666,546.8205791666667,544.7910583333334,551.7816666666666,568.0313958333334,583.3709708333333,553.0174999999999,564.4889041666665,583.4170749999998,565.6583333333333
558.8732583333333,559.8139999999999,560.3766666666666,564.231375,563.9868749999999,556.8299999999999,566.5317375,576.2426166666667,595.6408333333334,594.5632999999999,596.1409416666665,593.7891666666667,577.9136166666666,571.0653458333333,573.49625,597.5001958333332,586.3734416666666,600.2445833333333,625.2266041666667,611.7061291666666,586.6325,601.2028416666666,610.4055999999999,588.3979166666666,600.4360041666666,612.6605249999999,603.3195833333332,625.8130999999998,620.035375,602.9141666666667,583.32025,608.3682666666667,606.14875,577.9317791666667,641.6546999999999,732.4972916666668,699.4699083333333,627.5055416666667,586.0988541666665,524.7163541666666,509.60767499999986,445.8831250000001,402.12792499999995,326.1509499999999,275.520625,222.99533333333335,310.1044333333332,449.27375,387.9946749999999,344.07275833333335,303.2093749999998,221.4072166666665,171.16285833333333,190.5687500000001,177.2539958333334,132.76867916666643,82.37177083333341,16.804020833333198,-10.621187500000048,-19.043229166666606,-116.16300416666667,-157.7313666666667,-129.93656249999987,-165.22949583333337,-227.08051250000017,-263.9773958333334,-283.16669166666696,-307.53451666666695,-304.9654166666667,-365.3490958333332,-336.8322208333334,-428.64052083333326,-443.86160416666655,-419.7504375,-432.6059374999997,-414.6393249999999,-344.6367541666664,-218.19072916666659,-197.47714583333345,-211.8282333333335,-215.65874999999977,-185.37733333333307,-167.11094166666663,-150.88312500000012,-150.90429583333332,-61.22715833333331,-57.071770833333204,-90.94207916666659,-60.3624916666667,0.8508333333334406,41.40984583333332,69.35454583333339,116.40406249999992,194.85589166666668,275.4778624999998,334.37406250000026,388.6986916666667,438.1949791666667,446.87197916666673,436.1931041666668,495.1858041666667,618.1178125,668.0758208333332,699.3496625,771.3604166666667,876.9709291666666,808.0218041666666,628.0062500000001,635.2910374999999,704.6872000000001,707.8887500000001,716.6622249999999,703.6282666666666,697.14375,723.8531708333333,728.0040166666668,718.8608333333333,713.578225,721.0650041666668,736.40375,734.7726499999999,737.7628875,736.2749999999999,743.6971874999999,740.7762625,732.7862499999999,723.39865,722.1042375,715.4275000000001,748.2200958333333,689.4199625,567.2845833333333,538.4720458333334,549.1609125,555.1670833333333,546.0217333333333,534.9634625000001,523.6879166666666,542.3109833333333,538.0139708333334,563.0945833333333,572.2859833333332,562.3730958333333,543.9749999999999
537.0927125,554.1495166666666,578.8145833333333,581.0133708333333,592.8686541666666,572.6704166666666,576.8404166666667,584.3397124999999,609.8587500000001,597.2765124999999,594.7611916666666,604.8570833333333,576.5393583333333,577.8468624999999,608.8633333333332,611.0663791666666,597.8937874999999,590.8291666666667,610.1489624999999,615.0732541666667,597.7929166666667,602.8483749999999,616.3291874999999,595.3479166666666,580.0328333333333,588.6195958333333,592.0516666666666,614.7588499999999,614.5631208333333,624.7145833333334,630.3470916666666,631.4289583333334,598.2895833333332,547.7245958333333,615.5146208333333,742.8881249999998,682.9965083333333,594.5699708333332,577.0074999999999,549.0959541666666,507.24507916666664,448.52458333333334,400.73752499999995,328.4619916666666,243.75729166666667,157.34412083333333,247.2576166666666,426.63531250000017,363.94690416666674,305.54274166666664,266.0880208333332,181.6263208333332,145.65832500000002,152.2263541666668,123.50353333333337,81.71124583333344,63.440104166666714,-7.921329166666538,-37.521262500000034,-39.46739583333334,-121.42464166666667,-141.95761249999987,-145.12041666666659,-190.44857500000012,-213.41555000000017,-257.19687500000015,-336.39497916666693,-391.49076666666684,-397.6382291666668,-458.2997999999998,-441.6434208333334,-528.4558333333334,-575.9469124999998,-546.3109749999999,-486.7672916666663,-446.1527624999999,-394.94324166666644,-314.73239583333344,-277.7505541666667,-250.50548749999996,-227.79239583333316,-152.35820833333312,-129.83069583333332,-143.32802083333343,-129.12743749999993,-52.584412500000184,-15.19104166666662,-45.32764166666658,-33.78059166666682,30.374270833333384,58.26365000000001,78.42936250000005,127.52385416666652,246.56316249999998,334.2939666666666,388.06010416666686,490.5380833333335,540.4626166666667,516.0177083333334,521.4633291666668,588.1725499999998,663.8877083333332,695.3481291666666,730.9512625,792.9859375000001,865.4259833333332,769.3713291666667,611.891875,634.8986083333332,710.5894541666667,701.95875,718.1247666666667,722.2151166666666,725.82375,762.703125,748.4189708333332,718.7279166666665,707.7303041666667,736.5383541666665,737.5762499999998,711.8141666666666,711.2242166666666,721.9425,739.1544999999999,733.9999416666667,733.7875,735.9750666666666,736.0465083333331,741.625,784.5047708333334,708.5975541666666,545.0133333333333,527.9546375,538.2690916666666,537.545,542.7649375,532.3243583333333,558.7929166666665,574.3492833333332,545.1186333333333,560.4754166666667,595.9901541666666,519.7693416666667,375.09624999999994
382.23421666666667,411.24811666666665,403.71458333333334,406.7116291666667,429.1537708333333,413.4020833333333,423.94078749999994,434.3848833333333,445.96875,441.12901249999993,434.69465416666657,420.6091666666666,403.9111500000001,418.06298749999996,450.53083333333336,437.02504583333337,427.865375,428.9366666666667,444.7270583333333,436.88490416666673,438.35875,444.94687083333326,465.64170833333327,485.53499999999997,443.73691666666673,415.0365833333333,436.8904166666666,458.68260416666664,451.40915,439.3529166666667,442.32144583333326,458.56205,444.74249999999995,427.47865,420.80307916666663,376.91989583333327,322.6713791666666,273.5941291666667,216.69156249999997,182.9973958333332,166.31407499999995,180.71625000000006,144.82239166666665,78.07687500000003,-8.256354166666654,-69.55519583333341,-105.51017499999995,-146.80656249999993,-240.87524166666662,-280.4460083333332,-318.40677083333355,-365.9086791666666,-394.1501916666667,-383.5310416666666,-382.4346583333333,-391.8774833333333,-449.77437499999996,-586.0968083333335,-656.3520499999997,-636.4524999999999,-633.3146958333334,-629.4233125,-635.5056249999999,-615.6039833333333,-668.4323875,-745.0311458333334,-801.5393958333334,-790.6843541666666,-787.9557291666667,-801.4812958333332,-843.77055,-852.2740625,-851.3603208333332,-881.4190874999997,-894.5818749999997,-890.6799625,-862.4815208333331,-827.9176041666667,-858.7755374999999,-854.4677791666666,-795.8241666666668,-750.1923874999998,-704.9476708333332,-685.2518750000002,-645.1755041666668,-631.7909833333334,-589.9809374999998,-581.1590458333333,-552.2189750000002,-513.2405208333332,-476.3045125,-438.27313749999985,-398.4630208333334,-308.93917083333343,-233.30638333333332,-163.8094791666665,-73.42138333333321,-20.44169583333337,-14.478541666666615,33.58958750000005,59.89986249999993,45.176145833333294,76.70794999999987,143.48992916666668,214.7885416666668,249.5997708333333,294.89922916666654,354.40531250000004,390.3163833333332,431.62230000000005,440.21625000000006,439.1269874999999,437.58425416666665,458.32000000000005,464.6535291666667,467.3666291666666,479.29458333333326,465.8564541666666,477.5085041666666,482.12083333333317,434.74039999999997,435.57481666666666,485.6754166666666,483.6275458333332,447.51150416666667,426.6491666666667,461.25885416666665,491.0824083333333,479.61999999999995,485.82127500000007,440.5419958333333,366.8816666666667,361.88352083333325,381.27487083333324,390.9516666666667,393.1911458333332,414.21774166666665,421.12583333333333,388.6678166666667,382.4290291666666,422.93749999999994,417.7948083333333,402.28502916666673,401.45624999999995
399.91661666666664,397.65896666666663,409.0908333333333,417.9591875,436.50902083333324,413.6716666666666,410.63082083333325,417.8476458333333,440.44875,446.8352666666666,439.3870916666666,415.46916666666664,395.2711208333334,413.0143333333333,448.31083333333333,430.6842041666667,428.8671,440.17333333333335,441.7942041666666,424.49068750000004,432.1304166666667,440.4908833333333,446.72524999999996,456.03083333333336,436.7770875,414.4135708333333,424.1416666666666,461.2933625,468.6666333333333,451.94916666666666,442.1130041666666,451.6569166666667,438.8741666666666,419.72738333333336,404.6604458333333,352.2307291666666,298.8153958333333,249.08975416666664,188.63187500000004,156.6056124999999,134.866125,143.6591666666667,117.63632916666666,41.3275041666667,-58.05416666666662,-88.33167083333336,-125.87060833333317,-201.19145833333312,-285.80497916666684,-324.3306083333333,-373.5937500000002,-389.729925,-377.0475708333334,-361.6468749999999,-405.7855874999999,-441.1341416666666,-478.25833333333327,-580.3358916666667,-627.0203999999999,-603.4209374999999,-607.1748583333333,-588.1537333333333,-577.6039583333331,-588.0595791666666,-647.2059833333332,-693.8144791666666,-744.3600041666666,-745.4227999999999,-754.2598958333333,-767.3389624999998,-791.1170249999999,-789.7702083333334,-815.615395833333,-821.7761291666664,-772.3091666666663,-774.2663499999999,-794.762633333333,-775.6933333333334,-737.5638416666666,-685.6539624999999,-635.0810416666666,-596.9079124999998,-581.6175499999998,-602.1469791666668,-564.6705250000001,-549.3053833333335,-509.8449999999998,-485.96282916666655,-458.29903333333345,-442.61968749999994,-418.02919583333323,-364.83120416666657,-301.37760416666674,-215.90423333333342,-153.25876666666665,-87.02124999999978,7.115329166666697,41.02746666666667,9.029583333333335,36.137441666666746,60.88588749999985,59.48343749999992,111.27193333333332,177.33761666666658,225.6008333333333,242.02508749999993,286.8673541666665,358.63937500000003,402.14097916666657,440.56050000000005,442.99833333333333,443.6287583333332,438.325725,446.46500000000003,444.32815833333336,452.24938749999995,473.85374999999993,455.36069583333324,458.7950416666666,469.7549999999999,446.4649291666666,444.0661458333334,476.0566666666666,496.08132916666654,472.1353041666667,436.11958333333337,461.54069999999996,485.8315375,470.3054166666666,480.7087,451.2072166666667,391.0641666666667,375.0503458333332,368.0878708333333,365.5520833333333,392.5209833333333,425.050775,423.25333333333333,399.78015416666665,392.8864541666666,412.78249999999997,399.2572666666666,449.13917916666674,549.5374999999999
574.84095,551.0814958333333,544.5104166666666,566.2019708333333,596.8405041666665,572.36375,569.2273999999999,573.8219875,589.65875,593.5944958333332,604.4688916666667,600.3062499999999,564.5214958333333,573.4479958333333,617.8458333333333,596.213025,582.0795708333333,589.7375000000001,605.8283124999999,591.5598291666666,591.5820833333333,609.1293125,616.5468125,614.8599999999999,596.1681958333334,584.2047541666667,594.7516666666666,607.6112208333333,607.4668458333333,610.4291666666667,616.9725208333332,629.0725708333333,595.0408333333332,545.3982583333333,616.6234166666666,715.0485416666666,689.4119083333333,614.1490083333333,544.6623958333333,515.5952291666665,477.0264666666667,445.40364583333337,387.264075,322.2109791666667,237.13781250000005,176.11341666666658,271.4596333333334,417.9852083333334,338.9165291666665,248.07216666666665,196.3919791666664,170.107025,130.09586666666655,84.66864583333324,40.59074166666662,28.35044166666671,0.9506250000000023,-108.44873333333334,-167.66882916666654,-154.79697916666657,-170.0439750000001,-169.59577916666672,-165.25999999999993,-143.4976625,-183.3848125,-240.47239583333345,-300.6399875,-306.83322499999997,-306.0002083333333,-290.0334916666665,-335.31064999999984,-392.72416666666675,-429.7201041666665,-434.900470833333,-411.01281249999965,-450.5302958333333,-413.09612916666657,-296.80833333333356,-292.2303166666667,-289.50881249999986,-246.04718750000006,-224.12553749999975,-200.82139166666667,-194.9796875000002,-161.48763333333335,-154.5582958333335,-123.39802083333308,-125.43692083333335,-89.08752083333343,-33.81218749999991,0.677970833333319,41.17820000000009,91.44562499999986,179.4900416666666,262.9373291666666,339.27781250000015,402.43152916666673,435.70687499999997,432.5094791666667,456.0178083333335,525.7273374999999,601.3598958333332,655.9933708333333,719.1323375,801.5463541666667,836.6491833333332,744.3001083333331,609.1585416666667,621.4668249999999,699.4435541666667,718.3079166666666,718.8837999999998,712.3719333333333,727.0508333333333,736.1731166666667,737.3747833333332,738.7504166666665,715.6157249999999,728.8026416666665,741.5808333333332,695.0190208333333,697.0094708333334,749.1312499999999,745.9908416666666,731.9547249999999,729.965,725.2971249999999,727.0734833333333,733.6454166666666,764.5956291666666,684.0655458333333,543.1287500000001,529.0487333333332,537.352625,521.0795833333333,533.4817041666665,564.8601624999999,569.2104166666667,541.8729416666666,524.1960583333333,555.4812499999999,584.9827833333334,567.6028416666667,536.5570833333333
571.8854166666666,565.8945333333334,550.6758333333333,577.1431333333334,595.4521208333333,552.8433333333332,585.4108583333333,602.991,578.9649999999999,583.4577583333332,599.0969708333332,591.5783333333334,589.0257333333334,579.4241416666666,618.7108333333333,575.3426833333333,567.80625,614.1945833333332,598.5427833333333,580.5125875000001,600.8262499999998,602.8119291666666,610.716025,616.8770833333334,611.4737041666666,579.7012708333333,571.0499999999998,597.9964416666666,613.65475,625.7937499999999,606.6279,622.3720791666666,614.7279166666665,581.3799541666666,622.3003833333332,718.3426041666665,659.9998416666666,585.6541166666666,536.153125,496.0946416666667,426.33241666666663,407.3484375000001,347.93137916666666,298.00250833333337,234.47072916666664,173.9317749999999,236.88276666666656,373.4278125000001,300.7659166666665,236.98474166666662,244.39489583333324,172.8513166666667,88.1460999999999,14.490833333333342,-15.963112500000022,-33.34377499999994,-82.86208333333326,-202.08456666666672,-263.26345000000003,-251.62833333333333,-298.7276833333333,-325.3569833333333,-353.0485416666667,-378.1390500000002,-380.65681250000017,-353.87791666666664,-323.5074833333333,-353.57896666666664,-378.4877083333333,-355.4097999999998,-344.2823875,-371.9989583333334,-368.4381333333332,-359.49778749999973,-356.2606249999998,-386.0516416666667,-379.8647166666665,-274.8517708333336,-281.98281249999997,-276.3992083333335,-279.51781250000005,-204.4121708333332,-123.44304583333326,-89.0047916666665,-50.93536666666657,-16.523250000000075,14.785104166666542,25.8234875,4.608674999999948,63.37104166666688,80.97279166666647,83.02370000000005,88.75739583333325,156.9136208333334,268.5153916666667,330.23979166666686,344.0278791666668,406.46115416666663,438.72333333333336,468.7209583333335,536.8381291666666,593.0877083333332,661.3708083333332,714.0599333333333,765.1401041666667,836.4076999999999,748.0636416666665,597.8655208333334,622.2541124999999,704.9525000000001,706.1058333333333,702.4902208333333,709.3202541666667,719.0920833333333,708.2246666666667,708.8174041666666,714.52625,726.9482333333333,732.1745791666665,714.7370833333334,696.3988833333333,698.3401083333333,726.0641666666667,710.7802166666667,719.7815625,718.5183333333333,721.2155499999999,719.4837708333333,726.1212499999999,763.6564541666667,663.8163208333333,540.5083333333333,518.8081458333332,531.9180708333332,530.99875,535.5129083333333,548.7515416666665,561.1604166666666,570.15635,549.4658791666666,561.6508333333333,568.9757791666666,569.3933416666667,559.9033333333332
591.2395374999999,584.1636874999999,564.2154166666667,564.5165041666667,586.4313666666667,570.7095833333333,577.0529624999999,593.7803041666666,605.7108333333332,597.4055666666666,580.9136208333332,592.785,579.7626916666666,583.5911749999999,608.6466666666666,592.863925,581.3835708333332,605.6370833333332,612.5230791666665,598.0286375,587.8591666666666,581.0436749999999,592.3118,615.8908333333333,614.8778416666665,574.4724874999999,582.9595833333334,606.5077749999999,614.6887041666666,604.9016666666666,597.4582416666666,614.6497333333333,621.9375,589.6622625,607.0567,691.359375,666.21515,611.1236041666666,587.8269791666667,528.1899125,443.7666416666667,377.4346874999999,325.1317583333333,268.61867083333334,211.97354166666676,170.11407499999987,234.66161250000007,347.30125,330.55459166666674,293.38125833333334,207.36218750000006,147.98582499999998,71.54362916666656,-23.350104166666597,-78.37911666666668,-70.33953333333335,-56.569895833333305,-153.89023750000007,-209.45100833333325,-176.7252083333332,-190.54994583333337,-229.60382916666674,-286.22468749999996,-273.39797500000026,-276.7117833333332,-302.4822916666667,-290.38492500000007,-280.20570416666675,-286.22604166666673,-300.6295333333335,-434.91341666666654,-470.28791666666666,-486.6252791666665,-432.43322083333317,-409.9625,-443.81138749999997,-353.6051375000001,-251.2797916666668,-295.1368166666667,-284.1380291666667,-252.29260416666665,-245.36970833333328,-216.33506250000013,-134.18739583333314,-101.37386250000014,-96.8915958333335,-59.577708333333476,-11.815975000000094,-31.529195833333517,-1.204062499999992,67.3925833333335,106.23871249999996,143.41104166666653,239.61980416666654,307.6776083333333,361.8330208333336,399.9490791666667,458.117025,455.71322916666674,501.8480791666666,584.0633041666665,644.5945833333333,684.7293625000002,709.9805624999999,770.3538541666667,846.7336833333331,761.9023708333333,627.5464583333334,629.3720958333332,701.0166333333334,705.6666666666666,700.4062333333333,711.6750166666667,729.5170833333333,730.8833083333334,733.8771291666666,733.5070833333334,719.4914291666666,718.3992125,718.1654166666667,702.7347958333332,713.8043916666666,735.8966666666666,727.1525958333334,728.9499833333333,728.24375,745.3812291666666,747.2606541666667,719.3716666666666,758.4264416666666,656.6207666666667,541.3304166666667,536.1203541666666,538.2556791666666,515.5966666666667,535.8156708333332,583.5091083333333,597.2391666666666,575.9976624999999,553.8489416666666,556.3291666666667,547.8468958333333,548.0462083333333,553.8620833333334
570.0107083333332,574.4671625,574.505,586.219525,592.4243041666666,581.8891666666666,585.9758875,594.6117124999998,595.9758333333333,603.5407166666666,590.9738666666666,577.7762499999999,590.4449625,583.7546749999999,599.7854166666667,586.3126916666666,593.7145999999999,597.9408333333332,607.4921499999999,596.0574416666667,592.22375,601.1559958333333,626.4549541666667,635.6104166666665,629.8470416666667,614.9051374999999,625.27125,622.0087833333333,618.5517916666666,628.6487500000001,610.247325,609.4330708333333,618.9575,580.9442583333334,610.0643583333333,700.4745833333333,655.0482333333333,595.1040999999998,561.3280208333333,489.5161416666666,411.9196666666667,366.95687499999985,320.5113958333333,301.4587541666667,252.58052083333328,218.7260249999999,311.55967499999997,434.4117708333332,426.45419166666665,377.2847083333333,279.3208333333333,202.77794999999983,154.26082500000004,100.61583333333334,40.02022083333324,8.600958333333494,-13.690833333333273,-55.319783333333476,-99.29205833333336,-125.15541666666678,-140.71010416666678,-110.03983333333343,-138.47572916666672,-200.34989166666685,-258.0691916666667,-279.72062500000015,-231.27637916666657,-220.42881249999988,-233.13864583333333,-222.37030416666659,-235.06322916666687,-284.04708333333326,-305.54872916666665,-333.4858916666665,-389.73312500000003,-332.2378083333333,-257.23858333333317,-232.2790625000003,-271.3154875,-265.02164583333325,-237.4065624999999,-253.13118333333324,-196.18496250000015,-148.87927083333332,-93.93737083333343,-81.51115000000019,-15.218958333333632,-26.251525000000157,-52.66696666666681,4.893958333333359,67.51925833333337,89.50259999999983,122.05854166666646,199.39152083333326,263.52813750000007,266.2172916666666,324.8211583333333,394.4642541666668,438.5285416666667,463.6021958333332,514.0503666666666,558.6188541666667,618.7785166666666,664.2534083333335,738.0760416666667,807.9149500000001,737.1889291666666,618.4278125,630.0724375,697.7203791666666,704.0083333333333,712.7482708333332,707.6332,715.85375,714.9523458333334,711.5856833333332,705.2308333333333,711.3877208333333,717.0709999999999,713.4908333333333,710.1671041666666,724.6861041666666,726.505,723.1685458333334,719.4865166666667,717.3254166666666,729.0903291666666,743.4168458333334,733.6104166666667,761.495125,663.1611583333333,540.1475,558.5076291666666,581.6358,550.5991666666666,559.7126499999999,563.8684791666666,553.3220833333334,557.9831916666667,561.0456666666666,568.2349999999999,567.1143708333333,595.2073208333334,581.1629166666667
554.3528125,560.4521416666666,583.50125,606.5168124999999,599.5324083333334,595.9979166666666,587.5046375,595.0085541666665,595.7583333333332,597.4416583333333,582.4466958333333,581.45625,608.5361666666666,612.3550291666666,596.33875,585.3578291666666,588.7702208333333,611.0295833333333,592.029325,581.643675,618.8758333333333,625.55615,621.675675,622.4291666666666,606.3844958333333,601.9266666666666,615.26875,606.4064999999998,606.2111124999999,635.5674999999999,623.733675,621.1752416666666,607.5637499999999,570.0521208333333,594.5554916666666,683.4530208333333,651.8753208333333,580.5269250000001,550.4215624999999,481.86132916666656,429.9222166666667,363.01260416666685,327.17379583333314,307.27556250000004,229.48281249999997,120.9827958333332,213.7366125,426.36562499999997,398.17273333333355,281.063904166667,242.89822916666674,162.66309583333316,127.67105833333335,57.045520833333256,16.19702916666671,11.489129166666572,-20.367708333333297,-125.79665416666634,-209.63933749999973,-222.81541666666664,-215.30162083333346,-243.04663333333332,-309.8767708333334,-262.7263083333334,-244.13757916666674,-307.28500000000014,-322.1319166666666,-366.8703958333331,-387.04416666666674,-366.16034583333317,-393.9518041666669,-449.1145833333334,-483.0928499999999,-512.5008624999997,-532.0467708333333,-452.7756916666666,-372.0572833333331,-321.09833333333336,-318.9005958333334,-291.0818791666666,-264.6029166666666,-248.5464666666666,-187.4122541666668,-156.220625,-77.5853166666667,-14.167154166666649,66.34614583333314,28.174154166666597,-25.521329166666845,23.525312499999984,58.681508333333426,61.284470833333245,95.5086458333331,183.63437500000003,246.19331249999993,280.9472916666666,361.52156666666656,423.3772666666667,499.54625000000016,556.4166458333332,583.1353999999999,612.48875,657.2677541666666,701.3703791666668,762.1971875000002,812.094975,728.1185833333334,611.6413541666666,611.3990416666667,696.0360291666666,694.7174999999999,699.8473041666666,706.52385,731.0804166666666,755.7934083333333,737.3797749999999,698.4866666666666,694.4875083333334,716.5255125,722.9808333333333,726.7265749999999,717.3121166666665,700.3770833333334,723.1971708333332,732.7307791666667,708.31125,725.2074458333333,751.8687041666667,750.9587499999999,776.6993708333333,669.6775250000001,544.68375,524.8474458333333,532.599425,517.0733333333333,546.5067958333333,564.8542541666666,568.26625,589.6368083333333,570.0716416666667,559.57625,568.3062291666665,518.4757791666666,408.29875
392.4035416666666,413.1304666666667,395.955,431.2760416666667,430.02600416666667,418.4275,442.1501833333333,443.1225291666666,428.59208333333333,421.15173333333325,422.5246333333332,421.30125,430.9653458333334,439.47340416666657,433.43625000000003,443.03998749999994,424.06324583333327,438.23249999999996,431.0222833333333,444.3098291666667,470.0641666666666,473.4268666666666,470.62308749999994,470.56375,467.9451041666666,452.87307916666657,451.0950000000001,446.03637499999996,440.7770083333333,451.41083333333324,448.2467708333333,452.4725666666667,458.99625,440.86263333333335,390.3267916666666,345.56208333333313,309.63056666666677,270.3182958333333,206.58468749999997,112.77369583333342,81.29197499999992,87.22250000000003,55.27982083333319,-0.32290416666654664,-96.03270833333329,-122.15787500000005,-149.6565166666668,-191.56781250000017,-213.9305291666666,-278.5240874999997,-333.00604166666665,-389.0024583333334,-370.16730833333344,-380.0035416666667,-423.1044458333332,-439.27606666666674,-511.4440625000001,-576.8623416666665,-586.8296458333333,-591.3222916666667,-619.7028083333333,-720.4520000000001,-798.1786458333333,-740.0777708333334,-735.8188791666666,-824.6956250000001,-799.9339583333333,-771.8548499999999,-739.4860416666668,-767.0924583333332,-803.9649333333334,-798.3699999999999,-818.1150458333333,-844.3082499999998,-818.9360416666668,-877.0100791666666,-908.3639958333331,-935.9476041666667,-939.5374958333332,-974.4319791666666,-904.298125,-902.3804083333334,-872.0050125,-809.6584374999999,-852.5806583333334,-812.2543708333333,-655.0632291666667,-580.6105375000001,-550.6083291666665,-543.6695833333333,-483.88939583333354,-434.2831,-401.41541666666666,-343.0649833333333,-295.5107583333333,-234.22458333333338,-199.84253750000005,-147.3463333333334,-43.02239583333346,49.54262499999993,45.131858333333355,-6.750729166666588,39.80839583333329,113.49203333333344,173.15177083333333,235.23623333333342,272.26592500000015,342.6011458333333,360.41821666666664,421.0999874999999,470.13749999999993,438.3097125,430.36955416666666,453.965,448.6621875,444.6826083333334,440.2433333333333,437.28800000000007,443.97158750000006,440.2045833333333,431.0121000000001,448.1042624999999,447.99,450.0717374999999,437.2281416666667,421.44124999999997,471.16922499999987,496.581,478.77083333333326,478.0291499999999,440.34271666666666,380.0675,362.4078375,376.6044583333333,388.3758333333333,404.232725,395.29841666666664,392.47749999999996,408.0347333333333,413.4904625,404.45916666666665,381.77431666666655,410.55926666666664,435.25625
414.43794999999994,404.9692458333334,400.37583333333333,441.61574583333334,438.37863333333337,418.38500000000005,425.243025,426.07102499999996,427.33124999999995,424.5076583333333,418.9581249999999,415.3970833333333,441.3014458333334,453.79431249999993,430.63291666666663,425.7018083333333,414.1596041666666,444.59375,430.50004166666656,430.37107083333336,457.51916666666665,478.273725,463.64227083333327,437.87458333333336,453.76259999999996,445.5825666666666,429.84916666666675,438.25078749999994,449.6390666666666,459.1862499999999,442.6228166666666,442.3286458333333,455.9583333333333,437.37351666666666,371.43877499999996,309.5802083333331,277.1936750000001,243.69873333333328,179.93572916666665,89.39186249999995,60.61410000000001,68.67864583333329,41.83240833333326,-16.412349999999947,-115.68791666666658,-130.10451250000008,-160.07333333333338,-227.1166666666668,-274.6027,-347.91836666666643,-390.0922916666666,-421.13232083333344,-385.2148708333334,-396.5526041666667,-452.8883458333332,-468.99642916666676,-523.3964583333334,-571.3407208333331,-571.1625624999999,-566.4462500000001,-575.8148708333333,-661.3744583333335,-750.0989583333333,-733.3001958333334,-726.0773583333333,-774.548125,-753.4703874999999,-750.1850416666666,-736.9796875,-773.1580666666664,-797.5419958333334,-775.6758333333333,-803.5406999999998,-819.0429166666667,-761.2222916666668,-810.1933124999999,-858.2284708333332,-892.71,-857.6694249999998,-874.8240166666666,-810.9247916666667,-784.8864041666667,-767.67415,-739.9086458333333,-753.3619208333334,-710.0283999999999,-586.468125,-500.31949166666664,-462.8884416666665,-485.4346875,-465.3960916666668,-409.9975833333334,-336.43385416666666,-268.525675,-237.47090833333323,-190.34770833333334,-149.36018750000005,-107.41970833333335,-28.34270833333352,64.29108333333323,58.83938749999999,-2.688854166666715,46.70823333333328,126.87424583333336,186.55562499999996,241.34589166666683,273.1818083333334,346.03854166666656,369.61018750000005,420.91926249999995,456.67666666666656,435.8375874999999,434.3681833333333,448.4770833333333,436.6951916666667,435.6619625000001,437.36541666666665,432.31435416666676,433.03931666666665,434.37791666666664,448.9099500000001,463.3781458333333,443.9125,463.1005499999999,462.1620166666668,433.8954166666666,471.19787916666655,494.88661250000007,480.1174999999999,475.79787083333326,444.29077916666665,401.68583333333333,392.9236416666667,387.72698749999995,374.80958333333325,404.47249583333337,408.3031,398.3691666666667,406.54320416666667,409.40723749999995,395.53416666666664,368.3137916666666,460.64452083333333,582.9683333333334
580.3197833333332,549.3584083333333,536.0224999999999,593.6564208333333,594.4383875,565.3595833333334,582.5508625,584.6282999999999,574.8433333333332,578.3728749999999,592.8924458333332,595.8974999999999,593.2492958333333,598.7114124999999,595.3770833333333,587.8435916666666,566.9731583333332,599.5691666666667,596.9286333333332,593.3335166666667,608.5641666666666,638.3568,631.7596333333332,599.8308333333333,607.5385708333333,612.6674874999999,609.6075000000001,588.0271708333332,594.3830541666666,635.1474999999999,628.8517875,622.8231291666666,614.3358333333333,566.1176,589.1912791666666,679.4741666666664,667.6453375000001,603.5067583333332,533.1222916666667,449.5761,396.3022,355.3571875,309.02052499999985,262.1225208333334,165.36500000000004,129.47732916666655,232.35402083333324,380.4442708333331,359.2795958333333,246.71868750000027,202.84822916666664,178.9653666666666,167.11241666666652,76.16364583333325,-2.8798791666665977,-9.636433333333429,-54.59375000000014,-103.23156249999977,-125.46552916666667,-156.15000000000003,-189.95350416666673,-287.24447500000014,-368.37000000000006,-321.64982500000013,-313.1153708333335,-378.16885416666673,-334.99146666666667,-327.59998333333334,-316.57781250000005,-298.8087833333331,-330.6809125000002,-376.8694791666667,-411.04628749999983,-418.8838041666665,-381.97854166666684,-459.7062041666666,-473.3787625,-436.9767708333335,-392.8101083333332,-412.8088333333332,-355.2033333333334,-374.8225124999999,-344.58140416666686,-254.7398958333333,-266.65495416666664,-227.54017916666655,-109.06083333333339,-82.07504166666686,-77.22594583333321,-77.38364583333328,-34.40920416666691,8.087358333333299,53.09593749999999,131.1791833333334,197.36508333333333,261.23322916666655,272.77172499999995,316.50649999999996,424.17916666666656,503.6033,544.2230916666666,574.9495833333333,635.2938916666666,690.045275,750.7903124999999,825.4316208333335,726.3236333333334,590.6492708333333,589.6668625,687.9284499999999,737.4762499999999,702.7072749999999,694.4228833333333,721.22875,724.0778833333334,712.7088916666667,689.5008333333333,683.4268291666667,699.800075,705.3304166666667,694.5055250000001,708.8770041666666,709.2341666666666,713.6529333333333,721.8751916666668,719.2941666666666,729.9300041666665,737.1293000000001,746.4999999999999,762.5614041666665,673.3744916666666,540.2970833333334,531.2089375,547.2548208333333,529.7087499999999,549.6970583333333,550.6480041666666,543.8625,553.1704416666666,556.7902875,557.2441666666666,554.4940791666666,577.0409124999999,565.5266666666666
567.8470625,566.7418958333334,576.7720833333333,606.6420249999999,602.2827458333331,568.2008333333333,597.9829208333333,603.8219208333333,566.7154166666667,578.3593166666666,569.2286166666665,556.6995833333333,570.5802625,599.2107333333332,593.4645833333333,592.2272041666666,597.8047333333334,620.6487500000001,588.9680708333333,591.1803916666667,626.4474999999999,635.7198291666665,604.6648708333332,591.5062499999999,615.9022916666668,609.5680333333332,581.6487500000001,586.2185458333333,608.4036458333333,628.1179166666667,611.4282625000001,608.1372541666667,621.5370833333333,569.8321666666667,601.4919958333332,693.015833333333,643.1347375,577.8015541666666,531.6389583333333,443.6520958333333,383.8647208333333,339.0524999999999,302.6848333333333,263.61344166666663,163.74843750000008,94.31097083333322,166.78792499999992,307.49749999999983,319.48334166666655,220.43159166666683,158.9470833333333,95.79488333333327,58.87090416666649,-25.53093750000005,-72.09349999999995,-76.07425416666652,-154.9321875,-167.5558541666664,-175.67692500000015,-206.22531249999997,-280.2029583333336,-344.7494874999999,-328.8248958333336,-314.79130416666663,-363.6790041666666,-404.5934374999999,-399.0282083333333,-377.5716124999999,-316.75895833333334,-359.5063541666667,-464.9098624999996,-486.7205208333334,-475.1443916666666,-492.7425833333335,-567.0213541666665,-593.0199874999998,-495.0689958333335,-407.15822916666696,-368.01683749999995,-395.07763750000004,-358.3323958333336,-334.0617166666667,-299.51646250000016,-259.3081249999999,-281.00340000000006,-248.21269583333333,-116.50927083333329,-63.91914583333326,-37.16652499999975,15.379895833333478,53.42933750000006,50.82799999999989,65.40145833333312,131.6007,180.98017916666674,221.69791666666657,250.64419583333336,295.6292291666666,395.23541666666654,480.3599791666666,523.1382625,550.3938541666668,614.4896833333332,669.5433416666667,722.4203125000001,801.4183291666666,708.8062958333334,581.9227083333333,593.9733083333333,684.5976166666666,671.055,718.9742625,717.4360791666666,715.7954166666666,699.8733958333333,688.0008041666667,692.5174999999999,704.1694041666667,721.6567958333333,706.1995833333333,730.2072374999999,728.8678583333333,702.9945833333334,705.1915333333332,702.4373791666667,713.7466666666666,744.8846333333332,748.9257583333333,736.7795833333332,765.8512124999999,696.3147541666666,529.9091666666666,525.5777875,539.4680833333333,540.7408333333333,565.6037666666667,564.5111541666666,568.4333333333332,568.1703166666666,563.7476624999999,552.24375,546.8627791666667,563.5295708333333,558.4458333333332
578.3306583333333,575.5858291666667,565.18125,585.1787249999999,591.8186749999999,570.2004166666667,592.3811083333333,595.0060958333332,564.3470833333333,580.7263666666665,603.4565333333334,612.3662499999999,577.8824958333333,599.9841833333332,590.8120833333334,594.033075,595.0273333333332,616.20875,586.2210458333333,588.8573458333333,622.10375,625.8450666666666,603.7960166666666,598.1049999999999,599.1325583333333,602.2941791666666,608.9004166666666,585.7685,594.5671666666666,613.6474999999999,607.9359499999999,600.9917416666667,575.0529166666666,530.7965791666667,588.1032208333334,675.7378124999998,638.0292791666666,572.5353541666666,530.9551041666665,470.47749583333325,400.6647833333333,367.39031250000005,319.41623333333325,267.2914291666667,193.44125000000003,126.08319166666652,197.28282083333323,329.8336458333333,301.9217041666667,205.16510000000028,164.85885416666667,111.95187083333334,96.5722583333332,28.868020833333247,-52.35655833333331,-69.08858333333302,-136.48781250000002,-162.22819166666648,-186.50177083333347,-205.13541666666652,-243.45404166666702,-314.5276791666666,-323.52520833333347,-265.80168749999996,-257.38764583333335,-352.1909374999998,-402.9065416666668,-376.01986666666676,-286.88364583333345,-278.34360416666664,-301.3270166666669,-295.5773958333335,-377.93333333333317,-377.3311666666665,-318.88093750000013,-374.6621083333333,-394.30106249999994,-275.35677083333326,-326.3433000000001,-309.37193749999983,-245.67979166666657,-163.05320833333352,-160.28233750000007,-196.8742708333333,-125.65096666666659,-98.61012499999993,-93.64416666666656,-20.307983333333283,17.203224999999946,27.29333333333335,93.4327041666669,161.00557500000016,197.55072916666694,180.11238333333336,204.6751083333334,256.81500000000005,284.70657499999993,320.7636916666666,405.5524999999999,485.1390250000001,552.4571916666665,601.6647916666666,644.4768791666667,681.6614374999999,752.2349999999999,840.7034208333334,761.7801833333333,609.8007291666667,594.4532708333334,674.4483375,726.5866666666667,718.5837166666666,700.6948166666666,714.8087499999999,725.0627375,706.3502458333332,697.4275,734.3601666666665,739.7285125,698.9416666666666,721.114075,725.9274666666666,694.3945833333333,720.2885124999998,718.7915583333332,714.38375,751.6057208333332,742.3134583333334,738.0883333333334,773.9318458333332,703.9102166666665,525.5916666666665,532.7238625,550.2901291666666,530.5487499999999,540.7350291666667,554.43855,570.485,575.1009833333333,564.5385291666666,552.7091666666666,523.7847624999999,544.2525541666668,601.2720833333333
595.9837541666666,581.0071625,590.0766666666666,594.4478124999998,601.5702833333332,576.5675,595.2225833333333,595.1438875,561.3791666666666,587.6088291666665,608.481675,600.4399999999999,581.2510749999999,583.7821708333333,577.77625,588.7295333333333,590.6110291666666,606.41875,599.2251541666667,599.8718541666667,609.67375,602.2556374999999,620.725475,639.4704166666668,617.8485416666667,616.8869458333332,629.4091666666667,597.7012416666666,594.5022458333333,614.1916666666666,601.2977874999999,599.7156583333333,581.8180208333333,538.183125,583.5505666666666,686.1441666666667,625.5262166666668,546.7034583333333,500.13770833333325,437.7553916666667,372.1532375,333.02833333333336,312.1948,270.89805000000007,207.1715625,140.10686666666672,229.2300791666666,409.27020833333313,375.3170041666665,267.34010416666683,257.3295833333334,190.41675416666655,148.08955,61.96260416666661,-45.23990833333312,-114.51213750000011,-85.77812499999993,-66.84118749999988,-96.23590000000016,-116.30656249999993,-161.40639166666705,-252.90316666666666,-332.97458333333304,-201.8862666666667,-214.93530416666647,-289.7192708333332,-273.08627916666666,-213.00405416666683,-105.56416666666684,-145.80380416666674,-192.89017499999989,-211.44562499999964,-283.7819125,-313.57061666666664,-295.9632291666667,-311.0353,-343.96120416666645,-304.79239583333356,-305.2151291666665,-311.75195833333345,-255.62854166666654,-222.8007541666667,-225.2950833333333,-236.68031249999993,-213.12138333333326,-164.41442083333337,-80.01437500000006,-24.139974999999964,22.290870833333287,60.04135416666662,96.03570000000013,125.21102916666672,158.31104166666694,136.17845416666677,172.7577750000001,284.2606249999999,308.5441291666665,347.0289416666667,415.0695833333331,453.8178083333333,501.5178958333332,575.8142708333334,649.852025,687.9180916666667,741.6179166666666,810.9976333333333,720.8508708333333,581.8460416666667,612.9997666666665,688.9863833333334,717.4562500000002,735.031525,725.5480541666666,679.805,699.6638791666667,698.8252833333333,692.4729166666666,718.4723541666665,730.8132458333332,713.5966666666667,732.0594916666666,734.7606624999999,709.135,721.0903124999999,704.9731625000001,707.0158333333331,738.6018666666666,722.7526208333334,724.3787499999999,761.3136291666666,697.5942458333333,535.5133333333333,527.1938875,548.1906875,536.4179166666667,545.8870875,554.5451625,560.9820833333333,547.7890041666666,559.1014624999999,554.4483333333333,547.5304041666666,555.6267958333333,566.2191666666666
566.9796875,558.1790375,569.4966666666666,601.7613500000001,584.3792125,571.9175,586.3502125,603.5022791666665,565.1637499999999,584.8053249999999,603.5716458333334,579.24875,592.4866166666666,598.8903375,596.5841666666668,591.9211208333334,609.3929874999999,592.4016666666666,587.2858291666666,590.0920166666667,596.3616666666667,606.5188041666668,617.8139583333333,616.4229166666667,585.4202375,590.1807083333333,613.5933333333332,584.9129583333333,584.3486666666665,604.5699999999999,587.2880458333333,603.6872416666665,581.8029166666666,516.7765499999999,565.7706,659.7142708333333,627.0825625,541.1288833333333,499.48739583333327,463.71272500000003,392.94931249999996,341.36791666666676,317.5001666666667,262.64111666666673,173.67052083333334,103.09804166666666,202.2686708333334,362.40593750000005,298.92432916666667,210.71293333333327,166.25791666666657,133.51804166666656,87.17794999999984,-11.251250000000113,-69.42294166666673,-142.64101250000022,-170.57322916666675,-152.6530666666666,-200.6327916666669,-267.14999999999975,-262.1334208333334,-287.66968749999967,-379.8057291666664,-286.1247958333334,-242.73435000000012,-331.9444791666666,-395.86122500000005,-398.09224166666667,-315.6598958333335,-342.7062874999999,-376.640275,-384.067083333333,-467.26949166666657,-497.5751124999999,-456.8162500000001,-472.84277083333336,-522.026208333333,-468.46156249999996,-403.43798749999996,-396.01113750000013,-402.50947916666655,-394.3450416666666,-360.77914999999973,-323.6372916666666,-271.8570333333333,-206.58466250000004,-159.25375000000014,-178.94413333333313,-152.37019583333324,-68.43822916666679,-7.618824999999958,13.544045833333342,42.04197916666655,123.87485416666672,195.92682083333332,289.24729166666646,327.0016958333333,391.0417708333333,459.3655208333331,520.2835,564.3778708333332,616.8713541666667,672.70775,707.4619375,736.6580208333332,802.2479999999999,727.9785916666664,596.7544791666667,628.7895791666665,684.2082791666664,710.8927083333334,715.0125166666667,725.4008125,713.4570833333332,740.2643875,724.3079458333333,723.9987500000001,728.8964666666667,730.3849333333333,710.3041666666667,712.0064708333334,716.8990125,719.5045833333334,729.4771166666666,708.0264749999999,701.7283333333334,732.4704833333333,731.3530416666666,742.6075,762.0813333333333,672.5672666666667,514.6066666666666,519.6526166666666,554.7643125,527.9737499999999,535.4712041666666,550.9858041666665,564.46875,549.1586625,550.9410958333333,556.2079166666666,561.9003916666666,498.3420291666667,394.31916666666666
394.4301333333333,412.8893,425.7420833333333,428.16057916666676,411.08017916666665,408.53125,426.0711916666666,441.53531666666674,407.38124999999997,419.88702916666665,421.7951416666666,405.36875000000003,409.38376666666665,428.038025,446.09416666666675,443.87836666666664,431.7424666666667,406.8145833333333,412.07037916666667,433.42221249999994,443.30375000000004,443.2567666666667,462.7532166666667,498.81833333333327,459.6619416666666,446.0763333333333,467.8670833333333,472.0322708333333,451.8422833333333,429.5683333333332,431.37503333333325,434.56597083333327,414.2326041666667,377.2302083333334,357.3520874999999,305.5920833333334,265.22489166666674,208.6377500000001,153.48281249999997,105.7631416666668,71.11942083333327,85.4184375000001,17.203212500000006,-51.71563749999996,-83.18218749999994,-137.30280416666653,-178.91029166666658,-231.16874999999993,-307.3796083333333,-353.1482041666667,-393.4651041666666,-412.3622875000001,-414.47181250000017,-429.6405208333334,-468.9464041666668,-566.6137833333333,-609.8803125000001,-586.3151916666668,-625.6896583333331,-674.2186458333333,-696.5066666666669,-782.9815166666665,-850.239895833333,-851.1193166666666,-838.4946041666665,-850.0141666666666,-848.9830583333334,-809.9152708333336,-804.5034374999999,-807.5788375,-866.7167958333332,-914.9183333333333,-877.2774749999999,-831.7472458333332,-864.523125,-963.7629791666665,-922.0782583333335,-859.4459374999999,-826.3543375000002,-858.8498208333333,-853.7931249999999,-854.2105416666667,-880.2192958333335,-854.8794791666667,-805.1768583333333,-748.2550541666667,-713.5808333333334,-681.4763,-584.9342291666667,-502.95843749999995,-459.3827624999998,-409.90434583333325,-337.50333333333344,-316.54674166666666,-259.0230958333334,-192.36322916666677,-109.4006875,-55.595016666666766,-29.75958333333324,57.670695833333184,70.63997499999994,20.055312500000127,56.535120833333394,120.98447500000009,157.21135416666675,214.16712083333334,259.4923458333332,313.5694791666667,360.7362541666665,388.6476416666665,438.3951041666668,456.5684708333333,467.20831666666663,447.61499999999995,451.92363333333327,458.46496250000007,461.02958333333345,465.5204416666667,462.00991250000004,460.32541666666657,468.035975,459.6956166666666,460.4362499999999,452.89128750000003,439.0284458333333,441.86625000000004,452.02698333333336,445.72381666666666,460.1629166666666,460.7252583333334,423.3263291666667,375.2470833333333,373.4697458333333,401.93564583333324,405.65333333333336,397.85681249999993,391.9228416666666,403.3233333333333,391.9774958333333,392.73945416666663,390.44124999999997,376.3818583333333,390.69901666666675,405.0620833333333
403.02917499999995,400.8388458333333,430.37458333333325,438.50258750000006,418.6661458333333,413.97749999999996,429.05861666666664,431.6285333333334,389.8141666666666,425.5249416666667,437.38630416666666,410.42125000000004,417.75421666666665,436.79771666666664,444.8516666666667,435.6402708333333,425.31662916666664,409.7770833333333,423.26789999999994,434.0792458333333,430.3545833333334,444.5743416666667,458.9063375,467.91749999999996,426.8432958333333,422.9162083333333,451.60499999999996,460.61495,443.7435166666666,422.86374999999987,423.32142083333326,423.0260666666666,402.5707291666667,373.2197,351.7862124999999,289.68364583333334,247.26147500000002,186.2914708333334,116.6256249999999,52.03513333333342,26.641475000000014,71.9901041666667,21.56759583333337,-48.884170833333314,-89.47552083333329,-144.95733749999988,-190.53412916666662,-258.47447916666636,-356.86281666666684,-401.52863750000006,-415.4275,-411.44352500000014,-410.77455833333346,-441.44875,-499.61238750000007,-611.4823208333335,-649.3177083333334,-591.6252541666668,-615.4305958333332,-664.4026041666666,-660.6749666666668,-745.4481124999999,-842.6285416666664,-854.4089291666667,-822.7154541666665,-821.4866666666665,-858.0073833333333,-838.9056875000002,-823.0936458333332,-837.8270666666666,-910.9298208333333,-957.121875,-904.6319416666664,-838.3778166666667,-849.8371875,-932.9285499999997,-895.84995,-836.8361458333334,-764.8555208333335,-753.0971041666667,-722.1410416666664,-708.7456249999999,-739.4999083333335,-715.2571875,-634.9116041666666,-588.010225,-590.5678125000001,-536.6163833333333,-424.34332916666665,-380.24291666666664,-401.1174666666665,-350.1406624999999,-224.89083333333343,-205.18662500000005,-181.18378333333334,-143.15010416666672,-71.65495833333341,-27.15661250000005,-8.056770833333303,87.54072499999984,97.00775416666664,29.738333333333344,62.35254166666664,131.8401583333333,173.25468750000005,231.07242916666667,273.4688666666665,322.39822916666674,363.73931249999987,387.28882499999986,436.05416666666673,456.14549999999997,462.87252916666665,437.07708333333335,444.2278541666666,450.7275041666668,454.4441666666668,473.90113750000006,461.0840166666667,441.6716666666666,475.46300833333333,471.40532916666655,451.3487499999999,460.4865166666667,458.88476249999997,451.69208333333336,456.27652500000005,449.4282333333333,462.35333333333324,458.82815833333336,427.72427916666675,392.1804166666666,389.7580958333333,407.0803666666666,404.0729166666667,406.1006416666666,402.7945791666666,404.06041666666664,387.96111249999996,392.8475083333333,389.27,364.69810833333327,445.95476250000013,564.8375
567.9221041666666,540.5192833333333,571.8266666666666,595.8097875000001,573.7688874999999,557.305,586.6778499999999,596.6411791666667,543.7924999999999,573.5403333333334,591.1547041666665,568.7345833333334,563.9897208333333,586.6209916666667,611.9804166666668,598.5224833333333,578.5087875,562.7691666666666,582.7716416666666,592.2800749999999,584.5304166666667,609.9979333333333,631.6652791666667,633.4683333333332,581.9390708333333,588.8668541666666,630.3708333333333,614.5423333333333,598.7226166666666,606.7899999999998,601.8032708333333,591.0290833333332,554.5242708333334,491.4245666666667,559.4890916666666,654.1915625,626.300275,546.1657375,495.16427083333326,441.3698666666668,383.4705,373.8884375000001,304.17039166666666,246.3754833333334,213.8852083333333,151.41937083333335,233.32235000000006,364.75250000000017,302.17838333333316,209.69719999999995,170.4946875,190.32824166666651,144.87002916666646,23.7492708333333,-44.065466666666765,-130.56293333333332,-157.90927083333355,-110.47479583333336,-156.60973333333317,-243.29312499999997,-296.64832916666694,-405.64278749999994,-468.0282291666664,-416.6157375,-384.0552333333334,-417.9960416666666,-417.0806916666667,-371.27314166666696,-358.6116666666665,-346.3228041666667,-435.7574625000001,-549.1753125,-535.5629166666665,-458.0223666666665,-448.38531249999994,-551.7126958333331,-489.43854583333354,-369.2863541666667,-300.71003333333346,-300.1090583333334,-274.8762499999998,-302.44365416666653,-333.14564583333356,-276.99614583333334,-218.66244166666644,-182.00415833333332,-178.0180208333334,-163.87795416666677,-76.79866250000006,-6.229895833333302,20.074650000000133,64.72355000000005,148.1645833333332,181.9711333333333,251.49092499999995,321.5437499999998,392.3036916666666,445.16443749999996,475.3412500000002,550.3024874999999,607.4574416666666,631.7844791666666,666.6594,712.7268916666666,754.8120833333332,801.72195,712.4895999999998,584.28375,602.6235166666665,651.1893791666664,695.1657291666668,706.5639041666666,716.5571833333333,704.2095833333333,720.0062875,722.2489750000001,711.6825000000001,721.5993125,727.875425,727.7441666666666,730.3901208333334,719.0790791666666,719.9474999999999,712.6264625000001,715.6998333333332,734.2695833333333,722.7807041666666,704.2682,735.75375,746.9620583333333,653.7852708333334,526.1566666666665,526.6766333333333,567.4182291666666,557.9,546.9456624999999,540.6976749999999,549.7529166666666,540.3453958333333,542.8448708333333,541.67,532.6718916666666,552.7768833333333,588.9366666666666
588.7996958333333,567.9566125,582.6370833333333,603.5905041666667,576.0377125,563.2625,608.225525,623.0616291666666,550.48875,577.8071375,606.9163874999999,585.9237499999999,571.2697166666667,560.6448583333333,586.9295833333333,595.1636166666667,601.0020125,601.1641666666667,590.4447458333333,593.3743083333333,606.3770833333333,601.9403375,576.3306333333333,612.66375,632.4065083333334,613.1340624999999,606.6787499999999,618.6210791666666,609.9084958333333,586.3391666666666,603.5744249999999,610.8961749999999,570.3236458333333,516.4408625,564.623125,652.3102083333333,610.6615791666666,530.6992666666666,472.5360416666667,415.3713916666667,384.1958749999999,340.35708333333326,258.86226250000004,192.5907999999999,131.9948958333335,16.622895833333416,90.22253750000004,277.7004166666668,250.66202916666657,192.8250124999999,168.92666666666668,146.0075375,70.4211458333333,-6.126458333333346,-45.52542916666684,-108.76068750000019,-145.17302083333345,-141.6479166666667,-173.76017500000012,-218.62760416666674,-236.39946249999986,-285.54571249999975,-299.3256250000001,-361.88750833333324,-385.3226916666666,-378.0698958333334,-294.4856500000002,-267.9374374999997,-224.66291666666683,-259.2748833333331,-289.69673749999987,-298.97031249999975,-350.1748625,-362.2693333333333,-363.8588541666668,-383.07375833333316,-392.22217500000033,-372.85572916666695,-324.93730000000016,-312.10315833333334,-270.46239583333346,-279.2589833333333,-302.3296166666668,-272.68895833333335,-211.5707041666667,-192.50497499999994,-133.70791666666673,-157.29119583333312,-118.14729166666666,26.213645833333544,38.23490416666678,50.58783749999998,100.19281249999992,160.3879041666666,230.0540208333333,313.553125,358.1822833333333,392.0757208333333,407.2260416666668,487.4724874999999,555.2474958333333,583.8377083333334,627.5398250000001,669.0432458333333,703.1070833333333,788.2792458333334,719.511825,562.8917708333333,603.6544833333331,670.4617875,704.3815625000001,718.7127416666667,736.490725,710.3420833333333,722.1761666666666,726.4975625000001,701.5733333333333,727.1823333333334,732.9429375,720.5012499999999,735.1634458333333,741.5284708333332,709.8445833333333,717.4534749999999,745.6722458333334,776.32375,757.4921458333333,717.9529375,718.1579166666666,750.74315,697.8385583333334,547.0120833333333,555.3121166666665,577.6870583333333,568.4241666666667,556.7716458333333,556.1211833333333,567.9891666666666,540.6884333333333,544.5005333333334,568.5433333333333,569.8188833333334,542.0674791666668,581.8933333333333
596.0427208333333,580.5166333333333,572.045,572.657975,558.5589041666667,556.5483333333334,576.4561333333334,575.8731624999999,575.1154166666665,585.5665458333333,600.9438833333332,580.3975,587.2582291666666,579.9146874999999,572.4575,577.976725,585.3633416666667,578.0033333333333,575.3066624999999,582.4500291666666,588.8133333333334,587.3449458333334,603.2590666666666,627.8283333333333,612.3125249999999,592.1632875,578.2408333333333,592.7008708333333,598.3294374999999,577.7091666666665,594.4384333333333,591.9691291666666,574.3245833333333,545.3994666666667,561.6224666666666,635.2778125,615.2813166666666,547.7470374999999,493.60062500000015,445.1988916666667,405.08315833333336,346.6336458333334,258.13239583333336,187.02216249999992,132.21833333333348,36.930566666666806,102.93533333333338,257.1073958333334,207.6074083333333,136.03009583333326,121.9841666666666,127.09228333333331,50.55982083333336,-55.117500000000035,-131.39366250000012,-210.7515666666667,-239.97833333333352,-229.99940416666675,-273.55383333333356,-310.2004166666667,-264.9549583333333,-301.45230416666635,-372.38593750000007,-425.6834999999998,-439.6414249999998,-449.97125000000005,-434.5800583333336,-403.3652916666667,-331.53229166666654,-350.0548208333333,-448.8717416666668,-526.5891666666668,-490.0389500000001,-461.4216083333332,-421.85072916666655,-412.1095624999998,-389.3266791666672,-378.9536458333334,-364.77269583333356,-362.362175,-263.7155208333333,-252.85134999999994,-308.3831500000001,-318.928125,-224.2331333333334,-200.6097958333332,-170.12270833333338,-141.83777916666656,-85.6974708333332,19.280312500000093,60.11856250000014,125.51653750000011,196.85499999999996,229.51701666666673,256.6440250000001,238.30218750000003,338.5799166666667,420.3381083333333,498.6294791666668,562.2666625,600.7439541666665,625.1848958333334,658.8378499999999,692.542925,726.6368749999999,814.1873291666667,739.5162375,563.1171874999999,610.8776916666667,683.5303625,721.6092708333334,738.4054083333334,718.7236708333332,697.4604166666666,745.94535,755.018875,742.1524999999999,744.5938416666667,749.5144625,750.2220833333332,737.0754833333332,751.5528791666666,756.1470833333333,737.2995166666667,746.5659083333333,769.9891666666666,792.1422416666667,763.6602374999999,721.1079166666666,744.8640458333334,682.4484708333333,541.9041666666666,552.5373833333332,583.5289416666666,572.9945833333333,567.9523916666666,565.6129291666666,570.6595833333333,548.3471166666666,538.0348416666666,559.97875,573.3768083333333,574.3928583333334,594.5866666666666
605.5559833333333,594.240475,599.0887499999999,582.3655791666666,578.2611999999999,588.6070833333333,583.0815333333334,575.0835291666666,579.7720833333333,591.2126541666667,600.3165416666666,580.8854166666667,588.8983333333333,607.2533125,608.8291666666667,585.6269291666666,583.3293416666667,571.1299999999999,588.4138041666665,589.6326791666665,595.5695833333334,592.8270583333333,609.2875583333332,647.80125,617.8489083333333,594.9665291666665,603.18,598.8024208333333,595.4905916666665,585.3387499999999,597.2086416666666,605.3143333333333,574.9486458333333,543.0055375,559.3765,630.6826041666667,629.0107666666667,571.6916083333333,498.60083333333336,450.48417916666665,414.2596833333334,378.2547916666666,322.9507833333331,283.06082499999997,209.6719791666667,122.93997916666663,195.00707916666673,335.5121875000001,256.22131666666667,184.25424166666667,182.72500000000008,123.67195000000004,31.810029166666794,-33.73354166666647,-47.22074583333347,-83.53648333333345,-152.1087499999999,-167.22569166666665,-209.90117916666668,-257.6855208333333,-181.71972083333338,-167.4243250000003,-229.25729166666667,-307.47623333333325,-315.8320833333334,-296.6441666666666,-245.53781666666686,-216.79397499999982,-196.5967708333332,-167.1241250000001,-262.6509875,-396.58875000000023,-343.8870416666667,-305.37380416666656,-320.33593749999994,-316.5270750000001,-299.36765416666685,-281.37229166666685,-242.9563000000001,-273.8459249999998,-299.4951041666666,-314.5945333333331,-289.80356666666677,-264.015,-190.11640000000023,-184.6859666666666,-139.41833333333352,-152.13378333333318,-90.05244166666654,24.918333333333294,65.02272500000007,99.38903333333334,131.08760416666652,177.95286250000012,220.02999166666677,242.2307291666666,283.2733833333332,346.15647916666666,440.3451041666666,510.3179666666666,546.7843875,598.6389583333331,648.1905166666667,711.4889166666667,771.7212499999999,828.6253833333334,745.8925583333333,551.7738541666665,618.0061875,687.5928624999999,713.2323958333333,803.8012333333332,767.8423791666667,728.6895833333333,773.4982166666666,771.5329624999999,767.2108333333333,759.7618833333333,770.1789166666666,773.7408333333333,773.1410791666667,767.7885999999999,754.4454166666666,751.9486083333333,779.7898,812.0383333333332,800.4213708333334,791.7499541666667,771.2104166666667,786.8902208333333,720.7018333333333,604.8466666666667,617.5292083333334,627.1535374999999,597.5754166666666,614.6273249999999,614.0743333333332,581.7866666666666,582.1184,579.2152541666666,598.8004166666667,591.2518625,613.3095,612.39625
591.4217083333333,570.2383333333332,600.8579166666666,622.9472249999999,609.7870583333333,606.7658333333334,586.0820249999999,567.9051708333333,569.1845833333332,583.1498416666666,592.2208666666666,580.9758333333333,601.2172499999999,609.0376041666666,599.4129166666667,574.2213416666666,577.3917791666667,573.4533333333333,604.5949,607.898575,617.9283333333333,615.4879166666667,610.4030875,601.3762499999999,601.4881166666667,578.9447583333332,589.7958333333333,600.8363708333333,600.0914541666666,589.2504166666665,618.1372291666667,631.9132041666667,579.7594791666666,520.3178958333332,543.2624666666666,641.7170833333333,606.3421999999999,549.3854583333334,527.7188541666665,536.1541708333332,465.9615958333334,369.54729166666664,342.1840250000001,336.5521499999999,206.41427083333335,136.3422166666666,246.47451249999995,453.0860416666667,401.8390291666667,311.6464624999998,268.76937499999985,186.18529583333327,117.13631250000003,90.44791666666677,61.998245833333556,19.503158333333488,-53.86604166666649,-127.88809166666655,-197.9509666666666,-239.1085416666666,-214.71315000000016,-212.0144833333335,-279.82625000000013,-385.2865291666666,-380.5724333333334,-326.83562499999994,-338.671066666667,-376.1663624999997,-385.5602083333332,-354.7515875,-432.78565000000003,-554.462604166667,-509.88378333333327,-472.0446041666665,-492.72770833333345,-535.6548041666665,-469.61813333333333,-397.7381250000001,-298.80774166666686,-278.12155833333344,-290.4492708333334,-320.76628333333326,-306.8083750000001,-296.0842708333334,-279.73974166666676,-258.8472208333332,-180.23854166666683,-127.70382083333328,-45.94693333333322,-1.501458333333261,-1.7074958333334678,38.02106250000014,103.7268749999999,123.30674583333331,219.12790416666658,298.96874999999994,383.1750374999999,455.2192666666666,528.1605208333333,579.7898250000001,617.6131375000001,666.0595833333332,738.2168958333333,774.2690333333333,818.6112499999999,893.9883666666665,821.5059083333333,654.3203124999999,716.2425625,750.4514291666666,727.1427083333333,813.5690208333332,799.53685,773.5741666666665,810.8464958333333,837.4910416666665,787.6062499999998,804.7057874999999,799.8882874999999,806.3512500000002,793.0340458333333,769.9973291666666,799.7779166666667,840.7896375,834.8959958333332,820.6358333333332,820.1646250000001,818.5670958333333,829.4091666666668,826.2283624999999,743.2625041666666,617.6208333333334,629.994375,638.7021583333333,602.6762499999999,620.2768208333333,630.4050041666666,602.9195833333333,595.8031458333334,606.5264500000001,618.1604166666666,605.6698083333333,543.2318416666666,430.93125
420.84703750000006,430.7556374999999,457.3562499999999,442.61932916666666,414.2564,442.6775,426.2472875,432.78868333333327,445.97374999999994,421.5072666666667,408.44100416666674,414.27875,427.1066833333333,436.03117083333336,438.8183333333333,421.39887916666663,434.26790416666665,423.6741666666667,442.01536250000004,445.32578333333333,451.48666666666657,445.73892916666665,443.0649458333334,446.81916666666666,472.3694291666666,455.5282583333332,444.1141666666666,447.75351249999994,449.9755208333333,456.5195833333333,469.7193749999999,477.65831249999997,435.0422916666667,401.13977916666664,343.83265416666666,307.2790625,251.95734999999996,213.98610416666668,172.64052083333337,127.14160833333335,122.1812833333334,87.23437499999994,12.288591666666719,-34.13885833333336,-44.76489583333324,-99.94677499999992,-166.85817499999996,-190.68479166666657,-215.90790416666664,-253.67606666666677,-310.24802083333327,-351.3702833333333,-365.68062499999996,-300.4332291666666,-303.4485125,-362.5589333333332,-412.6879166666663,-490.0186583333335,-517.0592958333333,-507.88520833333325,-536.6346333333332,-520.9701333333334,-666.9210416666666,-754.5422916666664,-743.9547083333332,-687.3355208333332,-728.6417458333333,-734.9154333333332,-676.8753124999998,-689.6341458333332,-775.9952416666666,-804.091875,-776.4653708333335,-743.8342250000001,-818.5204166666668,-773.4878125000001,-758.7054291666668,-706.3152083333331,-660.944525,-684.4655333333334,-753.4433333333334,-730.5906083333334,-711.3117833333331,-710.1247916666665,-660.4959666666666,-602.4283333333335,-536.9415624999999,-530.6809083333333,-513.2121208333332,-462.1386458333332,-380.9821291666666,-336.07018333333315,-338.5872916666667,-288.8094791666665,-218.70984583333336,-229.70395833333333,-141.30506250000002,-86.91292500000009,5.0656249999999545,137.35412083333335,119.70068333333342,55.569999999999936,106.96939999999995,183.17167083333345,244.50437499999998,266.6882708333334,349.5095583333334,373.20906249999985,430.9128458333333,420.91443333333336,432.2704166666666,515.6380083333333,554.1816375,538.7520833333332,526.0596833333334,552.7034833333332,538.7075,544.4909333333333,519.989525,533.7733333333333,532.1309791666667,526.3743416666666,544.6458333333333,548.7443541666667,533.837225,547.8362500000001,540.2768708333334,527.9254208333332,531.81125,529.8023541666666,506.0055916666667,495.36458333333337,479.8722624999999,476.84427083333327,464.9304166666666,472.9431416666667,454.4983875,431.13458333333324,458.2303625,440.46502083333337,419.65208333333334,434.36383333333333,462.71679166666667,435.12750000000005
426.5983458333333,420.78088749999995,456.6337499999999,455.11577916666664,429.96527499999996,452.07875,428.4687916666667,421.35669999999993,429.0633333333333,429.32288750000004,429.02497500000004,424.1620833333333,430.36428333333333,433.2546708333333,432.485,421.36097499999994,426.9971125,406.6008333333333,444.47732500000006,446.9085583333333,435.2424999999999,446.05107083333337,443.64200000000005,420.9858333333334,437.7175249999999,426.30327499999987,423.1766666666666,432.3920333333333,436.9132874999999,445.1295833333333,460.9499749999999,463.37125416666663,416.1332291666667,397.09236666666663,342.34472500000004,288.72416666666663,220.27792916666658,171.65476666666666,121.08375000000001,73.53166250000004,78.25690416666674,69.4668749999999,32.303937500000075,-7.6337916666667525,-41.05208333333326,-106.02117499999994,-183.36491666666666,-228.80218749999983,-276.1085458333333,-312.91030833333343,-349.43645833333335,-380.2353166666667,-399.5223541666667,-341.6429166666665,-340.77562916666665,-414.9137666666667,-480.0060416666663,-522.8527416666668,-532.2748750000001,-537.2927083333333,-564.7770291666666,-558.4851333333334,-733.3022916666667,-844.6513291666665,-840.491025,-776.7877083333331,-809.2933708333333,-799.9663625,-728.9586458333331,-748.4210791666665,-834.5550875000001,-850.3826041666669,-816.4350083333335,-765.3458875000001,-826.3636458333335,-809.2129333333335,-805.5293375000001,-735.8869791666665,-685.0482416666666,-680.3571750000001,-704.3140625,-665.4809666666666,-627.1080458333331,-596.3836458333332,-543.1202166666668,-535.1594458333336,-524.2426041666666,-492.7551958333331,-441.66702499999985,-405.2491666666665,-371.3194333333333,-323.5956624999998,-281.3559375000001,-230.0482791666666,-169.69516250000004,-182.29416666666663,-105.53463333333337,-69.44203333333343,6.3081249999999045,130.16064583333332,107.73867500000006,40.07989583333324,90.5168000000001,168.26193333333333,238.24114583333335,276.9770583333334,351.70124583333336,347.90572916666656,401.30615,416.121575,450.004375,516.7557041666668,548.4207208333332,546.9845833333333,531.3337791666667,545.9806624999999,526.1529166666667,538.2017624999999,520.7805625,544.8495833333334,563.7876791666667,546.0435541666666,531.3199999999999,537.7917041666667,529.5509791666666,540.0958333333334,539.72285,548.6509124999999,564.6908333333333,540.2395291666667,509.6100166666667,509.71125,477.81714166666666,467.33444166666663,467.16333333333324,478.47135000000003,461.89075833333334,434.8379166666666,442.61328750000007,433.760475,427.94374999999997,411.9508333333333,502.79560833333335,598.4204166666667
593.1920250000001,571.8858583333333,627.6137499999999,628.9105958333332,590.3715583333333,604.7808333333332,594.5667541666667,587.7317125,577.4995833333332,570.8343083333334,574.5740333333333,572.6733333333333,573.8625041666667,591.9261624999999,610.5433333333333,578.6980833333332,574.8787875,570.9266666666666,613.7319541666666,609.1494083333333,592.5679166666665,611.0171083333333,608.0819083333333,578.76875,604.4861958333332,597.0397458333332,584.6483333333333,585.6859166666666,593.5325208333333,614.035,638.0545916666665,636.7966124999999,563.9232291666667,514.6849,545.6103916666666,639.5642708333334,595.7605708333333,538.113075,504.4970833333334,461.4154416666667,430.23231666666675,357.9574999999999,276.00114583333334,239.44203333333326,217.76562500000006,129.63620416666666,182.48409166666673,362.58854166666674,364.50806249999994,290.41342916666656,239.24406250000007,223.81308749999994,153.82683333333338,119.6479166666669,113.366375,67.93673750000005,12.799375000000282,-47.39537500000023,-85.59157916666669,-116.62197916666656,-163.33683750000006,-175.14632083333356,-339.3523958333334,-382.1731124999999,-352.4821375000001,-310.6487499999999,-322.75267083333335,-299.3968083333333,-234.5559374999998,-248.4524041666665,-381.0409375000001,-478.9991666666667,-468.6303291666669,-395.7752250000001,-426.0260416666668,-387.0550250000001,-337.2541000000002,-217.1452083333332,-172.0210791666666,-190.4104500000003,-237.46270833333335,-238.5437541666666,-224.06384999999983,-197.28083333333322,-152.47929999999997,-131.21802916666687,-113.65375,-138.58298749999994,-108.91491249999999,-33.73458333333312,24.385420833333285,57.931966666666796,78.0848958333332,151.6151666666667,256.76409166666656,273.6098958333333,346.4972333333333,393.22569166666653,488.5622916666667,600.0886875000001,624.2850375,644.3786458333332,704.1377791666666,754.3890125,814.7720833333333,854.3672541666667,809.3498333333333,630.4880208333332,660.1006125,674.0478208333333,683.9517708333333,783.8736625,821.5847124999999,793.7724999999999,798.9150416666666,822.6390749999999,780.8462499999999,785.9419291666666,781.4132208333333,813.6495833333333,811.0344333333334,786.1528333333333,789.1929166666666,807.3842416666668,811.6454041666666,828.4862499999999,810.0479416666667,807.5842458333332,830.2483333333333,804.7892708333333,724.526175,663.95875,640.3984333333333,632.9498749999999,610.9262499999999,628.4516916666666,614.5838541666666,580.7929166666665,599.5056916666667,589.7684791666667,578.755,579.2765791666667,609.0426375,598.2991666666667
596.7593125000001,590.3944749999998,605.1533333333332,602.4452875,589.24135,625.6495833333333,598.5772791666667,583.784675,580.6554166666666,584.3385625,588.2454083333333,585.1204166666666,604.4262958333334,618.8747291666666,614.3325,616.5480458333333,605.7718708333333,587.8741666666666,595.0835333333332,606.7911041666666,606.1191666666665,601.5751791666667,596.1353666666666,597.6874999999999,626.7622708333333,608.7129958333331,576.6391666666666,592.5292916666666,623.1196916666665,630.65875,634.8922458333332,636.7235041666665,590.5292708333333,514.7082125,548.0130291666667,650.7378125,612.3288541666666,530.8730916666666,473.16885416666673,457.96065,449.84168750000003,391.26541666666657,328.95851666666675,292.4912541666666,259.6653125000001,173.03510416666668,220.81267916666678,382.2003125000001,392.50272083333334,347.10793333333316,272.76895833333333,235.5845125,153.8493041666666,137.4235416666668,144.9267541666665,128.32046249999996,110.8235416666667,34.229062499999856,-16.955220833333215,-24.617708333333326,-39.729245833333096,-53.43247916666684,-71.92072916666677,-191.70391250000017,-261.724925,-236.0817708333334,-254.27704166666666,-230.1893916666665,-210.20166666666637,-232.68884999999977,-359.99399999999997,-463.38666666666694,-404.76777916666686,-335.40739166666685,-406.21781250000026,-419.3852333333334,-413.42999166666675,-343.57583333333315,-290.8176124999999,-225.77403750000016,-243.66479166666682,-197.27977499999997,-149.00915000000003,-141.7323958333335,-147.0145999999999,-105.4672500000002,-35.27416666666673,-45.14941250000007,-26.90909583333351,44.11916666666664,64.87476666666674,82.17609583333333,159.04958333333332,212.72108333333335,260.7252708333334,227.4338541666666,305.4780749999999,334.9439291666668,410.2734374999999,474.93477916666666,535.2111625,584.6445833333332,676.4172374999999,725.7718583333332,753.58,868.3478666666664,810.6197791666667,570.6807291666665,645.9662708333333,724.6360208333332,715.8702083333333,787.4770000000001,836.9455041666666,812.7724999999999,787.7307375,790.3068416666665,787.46875,789.7031833333332,780.4682833333333,803.76875,817.3945583333334,816.3606833333333,793.1441666666666,802.6159250000001,796.2126875,803.9991666666667,803.5652916666666,815.7436958333333,810.3133333333332,810.6942333333333,740.01325,614.4391666666667,594.8729166666667,617.9319666666667,636.6679166666665,617.3425916666666,620.7606041666667,605.19625,595.2570875,592.0986,596.9429166666666,585.2144083333333,603.8917041666666,585.3087499999999
582.1259,572.5595374999999,588.64375,597.0020125,600.1188708333334,611.6183333333333,592.7301749999999,595.6482916666666,595.26625,582.5922583333333,583.3792875,598.7645833333333,593.4104791666666,602.4448333333333,611.8191666666667,619.6864583333333,609.4150958333332,572.4958333333332,609.1013125,620.1042583333333,589.1366666666668,587.3831333333333,594.3115166666668,599.0920833333332,621.3036208333333,617.7455291666668,615.0720833333334,608.4346666666668,608.3008916666666,611.1983333333333,625.4446833333333,631.5504249999999,562.1419791666666,495.2663791666666,519.251,624.3445833333334,608.7100916666667,534.1642333333334,455.49114583333335,441.6087083333333,410.9861833333332,345.94197916666667,281.66302500000006,257.99501666666663,223.3444791666666,140.7051875000001,201.86282500000004,348.73343750000015,310.02641666666676,240.37602083333326,209.1420833333332,148.89538750000023,78.25808749999985,32.59718750000016,40.60119166666672,10.565345833333424,-43.87718749999982,-94.55542500000013,-135.2833500000001,-164.35208333333333,-152.96274999999991,-138.36940416666658,-360.06520833333343,-389.18329999999986,-378.3026124999999,-342.5436458333334,-324.1482291666666,-299.1833916666669,-289.51666666666677,-321.8490624999999,-368.54625833333336,-403.6374999999998,-394.1938916666666,-399.84434166666676,-446.8863541666667,-417.3084375000001,-401.79773750000027,-373.7718749999996,-317.2924333333333,-244.56498750000011,-244.06322916666662,-216.22522083333328,-189.94535833333333,-211.66354166666665,-170.38941250000016,-123.70298333333366,-63.50354166666659,-3.712354166667069,46.69023333333345,24.53604166666662,108.8653125000001,163.94624583333336,220.03083333333342,276.9130750000001,319.6597166666668,279.7004166666668,301.1205666666667,338.64965000000007,427.4487499999999,479.41463750000014,544.5347624999999,598.125625,671.3016583333332,715.3730749999997,748.2896875,857.5692333333332,797.9865083333333,610.6735416666666,623.1122916666667,713.4735916666665,734.7959374999999,792.9854916666668,805.4584166666666,788.5766666666666,805.4157041666666,832.3032708333333,828.01125,799.4422125,778.0768291666666,807.7591666666667,797.4579499999999,796.8215499999999,776.2120833333332,806.6734791666667,802.9104,797.8495833333334,787.0692166666665,788.0690416666666,811.8249999999998,814.3385541666667,752.7154791666667,662.0637499999999,593.5214333333333,610.0248458333333,643.6866666666666,610.9086666666667,599.9925499999999,624.055,593.9793291666666,576.2012208333333,583.9395833333333,575.4447666666666,588.9005208333333,597.5362499999999
599.3204708333334,582.73015,591.6595833333333,600.0806875,612.0134499999999,626.8379166666666,598.6425833333333,585.1192958333334,587.9704166666666,597.179175,615.5625875000001,602.87,584.8872291666667,589.0119625,618.33375,622.5915458333334,607.8039874999998,578.2391666666666,599.6252374999999,607.6516958333333,580.5491666666667,593.1401666666666,590.3297708333332,606.09,611.9920124999999,610.5111083333334,628.9966666666667,603.2030708333333,591.3210124999998,619.5779166666666,618.3745083333333,592.9234875,556.419375,503.9143833333332,535.7788249999999,641.4640625000001,603.9767541666665,524.881575,476.51114583333333,435.1396083333332,366.84507499999995,338.5463541666667,289.8625125,284.8223791666667,213.56864583333328,110.66891249999995,171.94692499999988,330.9578124999999,315.83659999999986,232.75011666666651,211.54593749999987,171.02313333333356,112.98869999999988,55.465625000000074,59.675645833333135,37.03327916666683,-44.10479166666664,-80.89492500000011,-120.61351666666656,-130.0592708333333,-132.54942499999999,-95.73407500000002,-110.96104166666674,-164.5061458333334,-257.86136249999987,-252.1809374999999,-149.7314416666665,-134.64023333333347,-194.28916666666663,-142.17904166666688,-195.5075541666667,-218.95708333333343,-180.84509583333326,-229.6197041666667,-291.0010416666668,-328.71694999999994,-328.46964583333335,-269.8092708333332,-218.97544166666654,-229.54950833333328,-254.70416666666677,-206.57584583333326,-146.51611666666656,-161.76260416666673,-189.62052500000016,-137.48026250000004,7.239166666666705,13.911399999999986,27.468316666666652,59.05510416666641,118.3305416666667,148.2999208333333,192.8891666666668,212.78861666666674,236.57102500000008,297.72958333333327,356.12300000000005,384.36970416666645,445.0601041666665,468.87297083333334,519.7827,572.8988541666666,673.9222458333334,684.8404083333334,766.8980208333332,847.019208333333,772.1236375000001,606.0026041666665,633.238375,677.5484666666666,714.7808333333332,748.9509625,764.3876333333333,768.0720833333332,786.0947749999998,817.4568416666666,809.2958333333333,798.9798333333333,761.5324041666667,814.3345833333333,808.7846833333332,808.9461208333332,823.9929166666666,785.4123416666666,780.9490083333333,794.9658333333333,826.3635750000001,803.3881041666666,790.8487499999999,798.8908166666666,729.6751541666666,597.8095833333333,552.7133749999999,593.1540666666666,602.69125,573.4573416666667,584.3869458333332,633.0429166666665,600.0617458333332,584.208625,582.42125,588.3635666666665,588.9146916666666,595.5366666666666
576.0137833333333,571.4399249999999,592.1204166666666,582.9020125,578.1468791666666,604.6158333333333,600.999075,586.4172083333333,579.8608333333332,579.8892125,595.7054958333333,593.62625,609.8931791666666,612.4188374999999,606.7391666666666,611.4674666666666,604.5327333333332,579.3745833333332,592.2928416666666,615.8219958333333,605.2374999999998,602.3226374999999,588.9868458333333,609.5612499999999,598.4339541666667,572.7278333333334,590.81375,598.6927041666667,592.9594541666665,624.7079166666665,603.9676458333333,587.4516624999999,554.9116666666666,484.09006666666653,517.9839916666666,644.1754166666667,603.1354708333333,527.0416541666666,472.86885416666667,447.69094166666656,378.4187958333332,337.8596875,287.17421666666667,265.56883750000003,190.45041666666663,100.60459583333332,168.7662124999999,325.28635416666646,354.3601583333332,284.00813333333315,208.5836458333333,137.11547916666663,85.87600000000003,47.04385416666648,-0.8610333333332107,-61.88348333333329,-65.39802083333319,-108.33722083333333,-156.48208333333343,-150.8695833333333,-152.63132083333323,-146.4623166666666,-156.5238541666668,-179.80612500000012,-181.8384124999999,-216.7595833333333,-179.94943749999993,-190.47590000000008,-222.9589583333333,-227.03050000000002,-276.77033749999987,-276.2882291666668,-245.90304999999987,-301.9110458333333,-328.87489583333337,-364.08219999999983,-343.2551458333333,-308.1945833333333,-200.42956249999986,-203.92419166666684,-225.3380208333333,-163.59934583333342,-160.03896250000003,-160.9629166666665,-235.0258958333335,-179.74648333333334,-52.20479166666655,-12.502237500000291,20.44705833333316,-4.4495833333334645,16.30518333333339,93.73485833333328,137.99989583333334,175.46588749999992,239.21787916666668,308.77947916666676,366.6691083333333,376.33357499999977,414.5233333333331,464.0313541666666,520.1078166666666,587.5957291666667,698.891675,687.891075,740.8926041666666,845.2484374999997,810.6100666666669,645.8195833333332,673.4155958333333,702.9584041666667,738.6847916666667,772.9662166666668,781.0595583333334,804.01,824.0172999999998,831.7318166666666,810.4404166666666,800.8758166666665,785.6415000000001,822.8908333333333,805.6028458333333,828.4971458333333,855.0045833333332,810.1870916666667,802.9642166666665,793.3829166666666,810.0840833333334,800.3363375,810.8487499999999,833.2448333333332,753.6890916666666,607.6795833333333,550.0123666666666,588.0628208333334,608.795,603.9240708333333,611.4932958333333,625.9137499999999,600.1002083333333,588.0657249999999,603.5458333333333,627.5861458333334,537.8269916666666,415.4483333333334
403.2864875,416.83554583333324,403.99458333333337,410.7112166666666,426.72149583333334,430.62625,411.7409041666666,415.56494999999995,433.71458333333334,425.25838333333337,438.59462083333335,449.2399999999999,439.7269208333332,426.73718333333335,432.4870833333333,463.29550416666655,466.6347208333333,435.8229166666666,427.5086666666666,444.89364166666667,444.52374999999995,439.02757916666667,422.5319624999999,442.21958333333333,465.20151666666663,458.61573333333337,481.9179166666666,455.60368750000004,453.86272083333324,463.1308333333333,436.7045083333334,423.29599999999994,405.7733333333333,340.466575,300.99508333333324,305.43708333333336,238.92265416666663,191.24045416666672,162.93249999999995,100.58288749999986,58.057533333333254,64.32937499999997,17.16173749999996,-4.50817916666665,-46.09427083333338,-100.8003208333333,-170.8534041666668,-218.32218750000027,-241.74628749999988,-298.3872624999999,-345.5467708333332,-408.74975416666655,-393.3575624999999,-335.1328125,-399.6202791666667,-465.77308333333326,-493.4847916666665,-483.7566041666667,-516.6044791666667,-566.6893749999999,-539.3649499999997,-512.1211041666668,-548.6973958333334,-587.3303041666668,-595.219133333333,-633.8024999999999,-629.3653708333336,-655.8401291666664,-689.8673958333333,-643.9009499999999,-651.3862708333332,-603.7541666666664,-643.830725,-681.1704458333332,-702.9992708333334,-695.4362916666666,-655.07215,-694.5670833333332,-666.8970583333332,-651.4762749999999,-649.0440625,-601.7373666666665,-601.5793166666667,-614.0461458333332,-632.0716750000001,-574.2740958333333,-482.5553124999998,-465.53702083333366,-454.6511750000002,-454.94010416666674,-367.0668541666666,-293.6555083333335,-303.3664583333333,-238.46437500000002,-184.42537499999992,-161.0532291666666,-111.195175,-46.18014583333343,2.685833333333221,51.80768333333333,46.733675000000005,39.067395833333535,101.50497500000006,193.57028333333335,221.8615625000001,266.8446083333331,304.3769250000001,350.99031249999996,399.29924166666666,406.20082916666667,459.88572916666664,496.30114999999984,507.2326791666667,521.3216666666667,536.8133166666667,526.3819708333334,505.33124999999995,518.2921708333333,502.2203541666667,499.21833333333336,530.0018416666666,541.8224666666667,548.5558333333333,531.3054375,545.5547625,562.5708333333333,548.0276125,501.9713208333334,504.97333333333324,546.4527833333333,519.5439833333332,434.19249999999994,403.1092583333333,443.3260833333333,446.94999999999993,428.0134,410.1798666666667,446.29625,458.5676333333332,459.6880666666666,429.6775,432.8919875,418.1047,396.03583333333336
395.98672083333327,403.7162541666666,403.3466666666667,412.63743333333326,421.48235416666665,420.43666666666667,408.9463291666666,420.07652499999995,437.1225,423.6037,443.11228750000004,462.69999999999993,441.6852291666666,418.42158333333333,424.0616666666666,451.3946416666666,442.46099999999996,409.75208333333325,431.88575,458.7897375,439.0183333333333,428.4763916666667,412.84197916666653,429.88,449.12491666666665,437.0910875,457.4829166666666,437.51683750000007,445.2208458333332,461.7195833333333,437.2030041666667,412.6647166666666,387.56645833333334,345.89047083333327,312.880575,296.48406250000005,218.65681249999994,164.73840416666667,125.65218749999997,50.52531249999987,19.756208333333234,59.743020833333276,34.82927916666671,8.584504166666619,-46.03166666666672,-89.18157500000001,-146.1986541666668,-204.02312500000016,-261.14622916666644,-327.7202833333333,-353.8214583333332,-403.26628749999986,-394.95214999999996,-353.6320833333333,-424.42316250000005,-498.1616041666667,-528.0644791666666,-496.0847833333334,-519.0337875000001,-577.1163541666667,-548.8556374999997,-535.8034791666669,-601.7148958333335,-658.1258666666669,-686.6414374999998,-748.5774999999998,-748.6446333333336,-755.3808124999998,-770.0372916666665,-737.5277708333332,-754.1444791666668,-695.6338541666665,-721.8622625,-735.2094708333334,-743.449375,-761.7956875,-717.2657041666665,-718.2649999999999,-679.3324249999998,-645.3522791666664,-604.9203124999999,-529.7127749999999,-518.1839583333333,-530.7086458333333,-557.1160458333335,-539.3322291666666,-492.0387499999998,-465.67567500000024,-436.58070833333363,-439.62468750000016,-360.9467833333333,-278.3803125000001,-261.7208333333334,-180.754275,-140.1651416666666,-137.68812499999996,-76.77012500000006,-13.04793333333339,14.100624999999809,56.346091666666666,38.783308333333366,7.432187500000168,56.28662083333336,155.46040416666665,207.66895833333342,274.5618041666663,301.3257583333334,316.24239583333326,360.16685,401.37792499999995,489.00958333333335,509.2338874999998,519.2307875,552.2650000000001,545.0588708333333,512.4133875,498.5895833333333,531.7296166666665,512.7653041666667,498.4079166666668,551.4118874999999,554.4685791666667,521.28125,502.3993375,535.2493333333334,563.8079166666666,550.1216041666667,527.6566291666667,551.1241666666665,553.5165541666667,517.412025,455.86083333333323,401.71563749999996,449.2405666666667,488.0174999999999,447.2780458333333,414.48646666666673,457.2425,451.84708749999993,467.7535166666666,459.32916666666665,419.0473791666667,463.5567625,571.4395833333333
564.1527291666666,554.5150833333332,583.9208333333333,593.8183875,588.4058124999999,583.5391666666667,581.7200166666667,585.5641291666666,584.56625,576.406825,593.3316958333332,603.2974999999999,599.3730208333333,589.9211,590.6075,609.2090624999998,600.1180958333332,573.1204166666665,594.3875083333332,618.6748208333333,603.9695833333333,608.6831125,594.1172458333332,597.6991666666667,612.6573208333333,602.4223125,623.6674999999999,601.5218375000001,609.2543208333332,631.5158333333333,615.5813291666667,588.5699124999999,534.7833333333333,456.97013333333325,503.3288791666666,632.2255208333333,582.5522000000001,515.1132166666666,486.8226041666667,424.81349999999986,345.07865833333324,298.98322916666666,248.02233750000002,243.90145833333338,191.94677083333323,101.17789583333331,158.42404583333325,331.7915624999998,345.0799208333335,250.00342083333342,200.07604166666684,156.0884208333334,101.70771250000004,49.045729166666746,-5.680525000000074,-46.85351249999991,-80.86520833333327,-52.178795833333425,-80.65809166666685,-152.01052083333332,-143.2521249999998,-159.8758833333336,-232.5729166666668,-231.69355833333367,-215.03402916666653,-259.06218749999977,-217.29381666666694,-202.4424541666666,-228.64906249999996,-212.56360833333332,-279.33129583333357,-285.3232291666666,-328.45986666666687,-330.82971249999997,-328.2885416666667,-344.0319333333333,-284.86282916666664,-260.90145833333327,-213.21335416666653,-196.40164583333336,-188.2545833333333,-135.38634583333317,-119.38652916666678,-112.96708333333333,-131.48458333333343,-90.06944583333322,-27.441458333333173,-46.2620583333337,-35.83457500000034,-18.945520833333376,46.24037499999997,113.30602499999978,125.5179166666666,196.82682916666664,266.8045666666667,309.021875,345.7679958333333,413.2979875,472.7107291666666,493.58798333333334,517.0312708333333,588.7889583333334,670.6832458333333,742.9155541666667,773.0916666666668,854.330120833333,771.5987833333334,608.6728125,631.1818333333333,662.9395166666666,716.7721875,786.7819124999999,807.5423083333333,802.3775,819.4996041666667,804.2420458333333,765.4995833333332,775.2781791666665,767.1467125,771.8325,800.6183124999999,798.8381833333333,791.5712500000001,776.0177000000001,798.5450625000001,819.41625,805.0632083333333,782.6127291666667,807.7524999999999,811.4245458333332,726.7201958333333,602.1245833333332,559.0437333333333,609.8932458333334,625.2879166666667,594.9776916666667,561.8933041666667,594.29125,614.6518124999999,634.1963625,613.0433333333333,596.6984791666667,588.4551333333334,592.7016666666667
580.8815625,586.8918458333333,589.1745833333333,576.4260374999999,582.2268166666667,605.60875,579.3199166666666,562.9879666666666,581.9120833333334,596.0165041666667,620.4230166666666,606.7708333333333,592.9995791666665,592.4171958333333,600.5358333333334,596.9943,602.1882875,599.4391666666667,607.3568083333332,616.2562166666665,609.75875,589.4549916666667,571.4840458333332,595.65375,627.5558666666667,611.5093041666667,621.7870833333332,603.5403458333334,616.6728624999998,631.2295833333333,606.0617,587.3251874999999,550.2084375,461.1240541666666,513.0209333333332,654.2410416666667,608.09755,517.9194166666666,479.56999999999994,422.3038291666665,355.65352499999995,321.57562499999995,292.5770833333333,242.50501666666662,188.7084374999999,109.53665416666666,168.51409166666664,300.93093749999986,304.42550000000017,228.7798833333334,197.38802083333348,143.31077083333335,97.4002958333333,67.67791666666659,6.141924999999844,-25.16180416666674,-55.60750000000007,-11.305379166666768,-42.32099166666666,-129.02281249999976,-168.90798333333328,-150.65220000000022,-128.6096875,-197.64376250000015,-236.15676250000013,-222.77072916666674,-173.15076666666687,-145.2900833333332,-202.39531249999993,-157.06085416666662,-170.88305000000003,-257.8003125,-273.7988875000001,-262.89468333333343,-249.0570833333333,-264.96431250000006,-225.57617499999998,-139.63364583333322,-150.82905416666654,-171.9064333333335,-145.8196875000001,-100.22259999999989,-94.94465000000002,-130.96520833333332,-206.52474583333355,-160.8511083333334,-55.911145833333336,-45.86318333333341,1.3350749999997902,-17.78083333333342,30.619195833333293,67.61516666666657,134.67312500000003,203.60267916666655,226.03789166666658,238.49854166666665,359.9666749999999,428.39695416666655,432.9532291666666,511.4121708333332,547.6180291666667,596.650625,642.715675,690.9835125000001,783.6160416666668,868.7763541666666,776.6233333333333,590.4378125,633.6736791666666,684.1833791666666,740.3301041666666,766.9360083333331,784.0359375,809.5983333333332,809.7067041666664,773.6178458333334,741.4604166666666,774.6315749999999,767.4385583333334,739.1295833333334,797.5289999999999,811.7354375,777.9770833333333,767.5062875,794.9092791666667,814.8529166666666,836.323025,806.9282375,777.4929166666666,804.8652583333333,745.752925,616.5808333333333,617.9860208333332,621.4066166666667,614.6766666666666,607.5511875,584.0100958333334,587.5487499999999,590.7948875,612.2684333333333,599.9229166666667,590.3798416666666,566.6639791666666,553.1954166666667
549.0286791666666,560.3521875,573.9370833333332,586.27395,583.514525,592.1016666666667,572.5689458333333,576.4859541666666,578.5241666666666,579.9474708333333,605.3380416666666,615.2933333333332,612.2899125,580.9960958333332,581.7841666666667,606.1659124999999,607.4205541666666,577.9295833333333,585.0393291666666,601.9015666666666,605.2070833333332,596.4721166666667,586.4289541666667,588.8499999999999,626.32835,623.4632083333333,618.8974999999999,615.9233,606.3408041666667,614.71375,598.3995,576.3318583333333,557.1305208333333,487.10673333333324,531.5944208333333,620.1938541666667,585.8036166666667,516.2779208333333,480.94989583333336,430.5450874999999,381.7814666666666,347.76197916666666,312.35037916666664,258.1437333333333,198.25958333333318,121.15044583333335,182.58743749999988,328.72406249999995,328.67281249999985,279.4829958333334,216.03343750000013,148.6004416666666,71.01294999999996,22.0957291666667,-6.801087500000051,-47.637495833333446,-85.48166666666668,-49.6765249999998,-70.1729625000001,-147.55437500000005,-155.0525500000001,-169.8323208333333,-168.71020833333347,-194.38415000000003,-231.66611666666648,-288.22124999999994,-361.03705833333345,-367.9273666666667,-377.2266666666666,-397.7443916666665,-362.7798000000001,-360.36427083333285,-390.1734958333333,-381.4784041666668,-354.15593750000005,-338.0799499999999,-302.9165916666666,-321.26885416666664,-270.0256791666666,-264.77147499999995,-285.3367708333336,-214.88992916666658,-184.27429166666673,-179.9838541666666,-230.4338041666669,-160.68135000000004,-47.43968749999999,-43.92911666666663,-24.975229166666367,-13.655416666666753,10.335183333333276,70.04712916666676,144.97697916666638,209.79018749999986,199.25349166666672,266.0967708333334,315.6606250000001,377.0174583333332,435.9098958333332,477.5774083333332,509.84299166666665,561.47125,597.5841166666665,640.1166750000001,733.8159375,843.3728000000001,772.240175,595.1331250000001,600.1099583333332,644.4463666666666,720.2003125000001,769.6425458333333,791.3745166666668,791.9508333333333,817.9703874999998,798.1183000000001,746.4954166666665,782.3944958333333,812.6615041666666,765.7508333333333,778.5296083333333,791.59195,817.1558333333332,787.326825,784.1597666666665,792.7295833333333,811.9132666666667,810.7428874999999,814.835,829.9652375,742.4081916666667,614.72875,609.672225,608.394225,627.3229166666665,633.9389125,591.9876541666667,547.4895833333333,586.4309458333335,612.1204583333333,586.5224999999999,585.5353166666665,571.9170333333334,610.2029166666666
578.2401958333334,583.5001958333332,592.9716666666666,587.7588916666666,578.7232624999999,582.97125,564.6143708333333,566.0796583333333,583.4675,587.6908416666665,615.3385625000001,603.2870833333332,598.443875,596.4618583333332,617.7037499999999,607.9262249999999,591.3845041666666,601.1345833333332,602.3676874999999,609.7184374999999,597.7529166666666,605.7729375,617.00455,614.5579166666666,609.502175,590.7354416666666,600.69125,612.0195916666667,606.5386208333332,604.2395833333333,598.6058666666667,583.2599041666667,562.5190625,516.1340666666666,546.9779416666665,606.9041666666667,572.2977041666666,525.1663791666668,511.3281249999999,470.6554791666667,427.9400708333333,350.06375,295.3695166666667,259.61333333333323,244.9578124999999,121.3154666666666,159.67847916666668,344.66583333333347,267.40819166666665,199.74223333333342,169.07322916666678,115.85995833333328,45.33977916666663,-13.021666666666675,-55.464454166667,-78.98079999999987,-128.4477083333333,-173.8292541666666,-178.71767083333322,-189.9780208333333,-209.91867500000012,-206.99799166666674,-135.4177083333334,-164.4836666666664,-182.0502124999997,-201.00572916666658,-220.7835750000001,-232.57327083333348,-292.70770833333313,-345.1627791666666,-366.20067916666665,-411.76072916666635,-407.72138750000005,-341.83863333333346,-292.8395833333333,-314.0327166666667,-297.90662083333325,-266.29249999999996,-204.75970833333315,-197.1326625000001,-180.50947916666672,-160.5270624999998,-183.30304999999998,-135.6658333333333,-125.3302166666665,-52.58341250000001,-59.3548958333333,-92.4135791666667,-60.84773749999968,-24.681666666666672,-26.579962500000022,11.713395833333408,98.7841666666665,162.20655833333322,168.48750416666672,260.8021875000002,292.3508125000001,366.2894083333333,422.2363541666665,443.0049791666666,475.5687374999999,538.4879166666667,625.2908625,698.6466625,740.0839583333333,831.2708791666665,765.0897625,605.0570833333334,632.2555791666667,671.1066208333332,701.3283333333334,747.5609749999999,782.9125875,763.07875,780.4159416666665,779.2358083333334,738.39625,756.6155416666667,799.4963,778.87,799.0350458333332,801.0831208333333,792.9133333333332,806.1408666666666,783.5740999999999,782.5537499999999,796.9204666666667,826.5198958333333,815.4962499999999,818.2323208333333,736.169075,614.5425,618.3104541666667,620.4060833333333,578.325,595.4357624999999,578.8885916666667,557.6937499999999,594.4057625,605.5561916666666,567.9066666666666,600.8808958333333,620.1894666666665,645.07
600.0384624999999,581.2482791666666,599.8004166666667,595.1466583333333,584.0536458333333,567.3529166666665,562.3778541666667,567.4623916666666,576.5820833333333,566.8888416666666,593.0328666666667,612.0491666666666,609.9514375,592.6608083333333,597.1079166666666,611.0803374999999,602.2063125,613.50625,611.5732166666667,598.9057041666666,608.0199999999999,599.9347458333333,605.5996,606.7441666666666,581.0988833333333,576.4570666666666,594.6016666666667,608.0830666666666,602.1442374999999,602.76,583.3825333333332,578.6096291666668,558.436875,480.3151375,512.6683791666666,606.9627083333334,574.1376749999998,517.8714041666667,495.48635416666656,443.7150875,378.9758249999999,363.0221874999999,301.7259416666667,242.73863333333344,200.84906250000006,117.28983333333332,172.16399166666673,300.53083333333325,293.23568750000004,197.06045833333332,146.37625000000006,150.1669166666666,104.45228749999995,10.4172916666667,-38.03299166666676,-45.93585000000013,-107.92229166666664,-147.91324166666675,-144.51651249999998,-156.0087500000002,-203.11072500000017,-209.6930875,-168.44322916666675,-213.526358333333,-223.6040041666663,-202.95052083333326,-276.78264583333345,-323.82477500000005,-394.4547916666663,-454.43974166666663,-453.8820041666668,-455.3522916666663,-459.3422291666666,-428.24833333333333,-412.2057291666665,-397.0330458333333,-382.7389041666667,-352.88135416666677,-315.53174166666656,-319.6926833333329,-367.4347916666667,-339.49241666666666,-268.4324916666667,-233.48802083333334,-220.65227916666655,-122.4300458333334,-77.20510416666656,-43.6939583333332,18.673629166666615,86.16833333333315,37.63202500000003,71.2954333333333,187.8586458333334,170.02069166666655,182.4223083333334,321.3617708333335,324.38299583333344,376.0409916666666,445.42916666666656,465.18059583333326,505.2763666666666,560.8009375000001,620.2314250000001,671.1615499999999,710.5896875,815.8472374999998,777.0387833333333,643.9658333333333,647.6915916666667,680.8511666666666,705.9063541666667,758.4461541666665,802.8204958333334,777.5604166666667,790.0044624999999,781.4088083333334,766.0683333333334,789.6149374999999,814.50565,752.2833333333334,780.2644416666667,818.4683583333333,810.0083333333333,810.0261333333333,794.0921208333332,809.5275,800.6093999999999,828.8722375,829.0066666666667,858.7412291666667,768.8546,612.44375,624.95395,634.4467500000001,621.5545833333333,626.5795166666666,594.5042583333334,556.2254166666665,581.000675,608.0974041666666,639.8475,639.0079499999999,566.3429416666665,471.06125
428.97088749999995,418.5796625,397.1333333333333,433.1563458333333,441.4348333333333,424.3479166666666,401.4596333333334,417.17206666666664,445.43249999999995,432.51930416666664,429.7039375,428.57041666666663,432.08269999999993,439.5452541666667,432.67249999999996,440.00257083333327,442.61977916666666,448.47124999999994,442.39540416666665,417.49859999999995,419.1470833333333,426.73110833333317,444.93708749999996,452.13625,456.1334291666667,454.72004999999996,445.1645833333334,456.3110875,454.26402916666666,428.67999999999995,419.9149166666666,415.5291125,396.2292708333334,361.33702916666675,303.43013333333323,243.1030208333333,199.71808333333337,166.0120291666667,121.92937499999994,81.52201666666662,41.806283333333226,71.89989583333329,0.5993374999999048,-66.65144583333324,-57.75864583333316,-110.33770416666667,-181.84343749999994,-239.94416666666666,-254.32969166666658,-282.63912916666663,-386.4780208333333,-441.28990416666636,-398.99864166666674,-373.31833333333327,-410.082925,-481.53773333333334,-540.1877083333333,-578.6363041666666,-574.0313083333332,-561.1113541666664,-616.1118166666668,-632.8118041666668,-583.1728125,-650.4016875,-680.2833541666668,-685.0991666666669,-675.10145,-732.6284291666666,-782.7634375000001,-764.4410458333331,-736.3737333333329,-772.4147916666666,-808.3634541666665,-844.4694374999999,-846.8762499999999,-770.7579291666668,-728.9577041666666,-757.4236458333334,-765.6504541666666,-721.7159874999996,-741.0135416666665,-749.6472166666667,-690.2262125,-601.9357291666668,-556.2704249999999,-502.58297083333326,-536.7108333333332,-524.7630958333332,-478.49558333333346,-399.8096875000001,-397.8807833333333,-365.68300416666676,-287.97635416666657,-281.4154833333334,-278.67477499999984,-173.29427083333314,-170.24765833333322,-99.24294166666652,3.332083333333344,36.3474374999999,33.01803333333328,12.05937500000016,68.7796708333334,126.65246249999996,176.8443749999999,237.83038750000003,279.30959583333333,332.66791666666666,407.0462000000001,447.7574208333333,443.2916666666667,488.161875,509.25129583333324,486.18666666666667,504.9158666666666,540.1662499999998,548.9791666666667,529.99415,530.6865458333333,536.2091666666666,508.20694166666664,542.3497166666666,584.1954166666666,573.6987041666666,543.0928,554.5387499999999,533.7461708333333,498.7270208333332,522.9166666666666,578.3273375,519.0375291666667,431.69124999999997,452.3450166666666,462.94740833333327,442.9841666666666,444.08268333333325,428.89062083333334,436.8049999999999,455.86252500000006,446.5479,412.49875,457.5672416666666,472.3249166666665,446.74
417.7108333333332,406.035425,393.6795833333333,432.3084416666666,426.9624333333333,402.66499999999996,409.7250375000001,437.9322291666666,448.5608333333333,429.8372916666666,438.25458333333336,443.1866666666666,424.59352916666666,423.59687500000007,429.9254166666666,438.9429999999999,434.62005000000005,437.5866666666666,441.64489166666664,432.83893749999993,440.2733333333333,431.5457999999999,437.04878333333323,444.3466666666667,448.21965416666666,447.9714374999999,437.7741666666667,440.90807916666665,441.20025,429.21541666666667,424.6615999999999,403.0365791666666,370.75333333333333,368.5204125,326.7970083333333,244.31208333333336,179.16735000000006,140.29639166666664,97.61999999999995,45.909308333333286,4.169491666666545,48.104479166666636,-11.469404166666777,-80.82606249999992,-80.11104166666652,-128.7009208333333,-194.1611499999999,-255.87677083333335,-283.5844666666666,-311.8900208333333,-394.1172916666667,-422.8602791666664,-385.01850833333344,-386.49531249999984,-432.4992625,-510.0685708333335,-569.1324999999999,-583.979725,-574.8858875,-577.1942708333331,-626.0409500000002,-638.8763458333333,-597.5871875000001,-673.3077374999998,-732.0367000000001,-768.3430208333334,-745.9892333333332,-770.2616291666667,-789.1466666666668,-749.6821291666665,-729.1275624999996,-776.9422916666667,-783.2199166666666,-798.6460666666667,-827.7710416666666,-810.2346458333334,-777.8633874999999,-760.9021875000001,-734.6714208333333,-655.6979999999995,-644.7373958333332,-655.3326250000001,-598.4324833333333,-503.5732291666667,-465.27835833333324,-436.8530541666666,-490.0531249999999,-460.4036666666666,-393.31217083333354,-313.7968750000002,-325.7455208333332,-310.4366125,-235.7567708333333,-212.64956250000006,-224.5810833333332,-147.47802083333318,-121.51299166666661,-48.93252916666654,21.701458333333335,51.587420833333226,52.73919166666661,20.928541666666774,54.54565000000014,102.43893750000007,162.64687500000002,235.70217916666672,270.66331249999996,303.806875,374.47013750000013,452.95396666666664,490.7275,518.406725,527.8067374999998,509.3883333333333,497.17687916666665,521.3465833333332,558.8379166666667,567.2326333333332,563.8755125,551.1824999999999,530.2855875,552.2975,563.2412499999999,553.8027833333333,541.9950166666666,559.9383333333334,521.8746375,500.1327041666666,549.8758333333333,575.303625,515.098325,454.21375,445.38055416666657,456.81455416666665,475.8866666666666,471.32004583333327,445.6664291666667,449.6191666666665,445.68212500000004,458.37177916666667,448.11333333333323,425.6890249999999,496.3039541666666,622.7341666666666
592.8672708333332,564.2906541666666,581.4666666666667,614.194925,602.8317541666665,583.9754166666667,576.4716208333334,585.9062124999999,592.7983333333333,586.9656833333332,593.8601958333333,591.5854166666666,596.8103708333333,609.8995500000001,603.9795833333333,599.3260999999999,594.0818458333333,606.1004166666665,613.9624083333333,594.9375458333333,596.3070833333334,610.9403624999998,624.4841749999998,615.555,613.6393125,613.4507874999999,603.2516666666667,607.4227208333333,603.2503666666667,587.6429166666667,592.6174583333333,572.6797083333332,516.4098958333334,485.89275000000004,519.0048999999999,570.6326041666666,538.6141166666667,494.98118333333343,463.3662499999999,419.8200916666666,345.6935791666665,326.96552083333336,230.04130416666655,174.66740416666678,187.63791666666677,96.29750833333333,148.86947916666682,319.2280208333333,352.1989500000001,292.0693666666666,186.4488541666667,148.53154166666687,113.49767083333319,17.84041666666684,-16.065070833333408,-64.77638750000011,-134.1875,-165.05303750000002,-145.77433333333335,-130.34593749999982,-202.07879583333357,-248.67317500000019,-213.49072916666677,-252.51155,-264.00193333333357,-262.0195833333334,-209.68802916666664,-228.43185833333354,-269.67791666666676,-265.92667499999993,-277.17770833333316,-347.463125,-370.2117333333333,-385.8883791666666,-401.08343749999983,-368.0289916666667,-311.6414583333333,-282.7423958333334,-293.09597499999995,-269.1998833333331,-289.38104166666653,-288.30582916666674,-231.02068333333335,-152.7443750000001,-100.74459166666657,-36.73642083333331,-77.9537499999999,-93.10602499999993,-27.907041666666885,89.83864583333315,60.292333333333374,72.8211333333332,170.31041666666664,180.23127916666652,176.0125583333334,274.7936458333334,271.75291250000015,342.22494583333355,432.77281250000004,433.04669166666656,484.44862499999994,568.4279166666668,626.2340291666668,657.5101208333333,724.1797916666667,815.6414458333334,744.0259874999999,608.1123958333333,651.9516708333335,706.7278708333332,701.7922916666666,785.6592708333334,812.5975624999999,762.0125,787.697725,820.1482541666666,806.5654166666667,788.0958041666665,807.8744458333333,824.0637499999999,775.3330333333333,790.0908541666666,832.1870833333332,829.8257208333333,798.2048874999999,802.7558333333333,788.5383833333333,771.4199833333332,804.3241666666667,834.3239666666666,724.5261375000001,593.7754166666666,611.2751416666665,637.9687541666666,623.7674999999999,605.2352458333332,567.1485291666667,572.5841666666665,616.4909666666667,630.3772666666666,589.5474999999999,598.3614291666665,620.7626874999999,616.9224999999999
608.5376333333332,588.9875749999999,575.46,589.0852124999999,579.8281625,585.6741666666666,581.3742416666666,570.0140708333333,572.1462499999999,593.8054666666666,613.9256041666666,614.4404166666666,591.8908208333332,588.108225,603.36875,586.2282583333333,591.78,608.4704166666667,619.0488291666666,592.4773416666667,587.0133333333333,578.7528291666665,596.1689375,613.1733333333333,617.5617083333333,612.6154166666665,589.1495833333333,605.3425166666666,607.4261291666666,582.1187499999999,572.3498916666665,563.8361499999999,520.8619791666667,487.59041249999996,518.4535499999998,592.2460416666667,566.375575,506.40395,452.03031250000004,409.4134541666666,336.59045833333323,333.40239583333334,259.8043708333334,199.9947125000001,127.04749999999996,61.558133333333444,131.26541250000008,255.43635416666663,274.2918249999999,226.63434583333324,163.16770833333342,130.04070833333347,128.40957916666645,65.15437500000004,30.940249999999878,-7.858854166666845,-43.28020833333335,-73.48756666666654,-75.96342916666669,-92.72656249999989,-164.01501250000013,-195.5673916666667,-155.48000000000008,-168.44515833333327,-225.54352083333328,-282.1790624999999,-235.94394583333315,-234.42978750000003,-321.2821874999998,-348.93636250000003,-418.3022208333333,-536.1873958333333,-459.0830208333332,-368.5353041666666,-366.24385416666667,-343.762425,-304.9054958333332,-286.53322916666684,-301.0147000000001,-275.63932083333316,-285.7914583333333,-254.0770750000001,-184.3224833333333,-139.68718750000008,-175.7702083333333,-183.86534166666672,-112.83333333333312,-102.28470000000013,-99.27802083333327,-60.05135416666673,-10.935933333333395,79.38196250000007,139.78270833333335,133.98300833333332,165.35069583333328,293.4309375,352.6304083333333,405.5984124999999,468.7981250000001,502.1080166666667,563.7899458333333,574.5542708333335,634.2526958333335,677.1828750000001,738.7963541666666,847.7314500000002,768.5679124999999,596.1740624999998,625.1670666666666,689.1208333333334,727.4714583333333,750.0964083333333,781.2613041666666,800.6779166666668,781.9478791666666,780.8443416666667,786.7233333333334,818.3847708333332,790.0056208333333,768.405,771.0063125,826.7107916666666,827.8308333333333,813.4613833333333,797.3821916666666,837.1320833333333,791.0346416666666,748.3015374999999,785.9120833333333,824.6082458333333,720.4068958333334,610.8058333333333,603.8205458333333,633.1636625,603.8199999999999,612.1179083333334,605.3361708333332,562.5979166666666,577.7587875,603.0183374999999,616.4441666666665,596.5190416666666,586.6292624999999,571.8983333333333
576.5963916666666,562.0007583333332,563.6883333333333,581.9581791666667,580.7302708333332,578.57125,576.5205000000001,596.0388125,589.0779166666666,572.2123666666666,577.0222041666666,596.7729166666666,596.1749374999999,574.2083708333333,590.4733333333334,608.7788708333334,607.7490291666667,582.5637499999999,589.2081041666665,582.8735458333333,583.50875,581.0035208333333,592.7899083333332,601.53125,608.5013958333332,624.9120708333334,613.1012499999999,620.8562874999999,608.7059666666667,608.1225,581.7846583333333,560.2385625,525.1939583333334,495.6243458333333,530.30225,588.2189583333334,564.5791291666666,502.38715,446.7547916666666,441.0582708333334,409.7522583333334,332.880625,259.70066666666673,210.5038666666667,133.7392708333333,58.45485000000011,120.21991250000008,243.38843749999984,262.6800458333332,227.43810416666656,200.14208333333337,171.60342916666676,125.48639999999995,54.280833333333334,-28.277091666666763,-75.39662083333349,-109.57114583333339,-96.28846666666658,-91.53999166666677,-112.29802083333317,-104.86583333333317,-144.76682500000004,-192.3456249999998,-271.95996666666656,-318.18292499999995,-307.0383333333336,-292.63392916666675,-305.23240000000004,-326.7493750000001,-263.77049999999986,-256.2995833333331,-328.2046875,-381.53229166666654,-393.1084791666667,-383.7207291666666,-292.8077791666667,-276.7965625000002,-358.3932291666664,-359.28504583333347,-328.1282666666667,-293.53947916666675,-295.5713625000001,-230.82268749999992,-142.43218749999994,-168.58869583333347,-172.3610416666667,-109.20937499999977,-67.13288749999998,10.558712500000041,89.00708333333307,141.79457916666652,169.53424583333333,147.87354166666654,209.73217083333344,274.60496249999983,311.55854166666666,347.57546666666667,427.2811874999999,468.9808333333333,528.1709958333331,549.6177749999999,579.9757291666665,609.1081583333332,657.3063625,742.7285416666666,812.5166749999999,737.1364875,585.2471875,600.8215791666667,678.6070791666665,741.4451041666666,784.7734833333334,787.1303374999998,796.97,785.6622916666665,802.5656541666666,805.55375,803.2100708333334,802.4201458333334,810.8341666666666,800.9149166666666,808.1583208333333,802.9154166666666,813.1188458333334,808.6367625,822.3141666666667,788.2461708333333,738.6538249999999,786.0308333333332,849.1875458333333,769.7922458333334,608.4625,586.057925,612.9422375,602.3833333333333,642.8268541666666,651.5926208333333,619.2979166666667,582.4707291666666,584.3959958333332,595.4912499999999,590.1018083333333,571.92845,547.5529166666665
572.5241624999999,562.8556374999998,547.8329166666666,583.210925,572.7020166666666,553.9499999999999,550.0601916666666,581.3983624999998,591.9329166666666,594.8671791666667,588.5346374999999,597.7358333333332,585.7199416666666,571.2281291666667,596.6933333333334,619.0419083333334,616.5876333333333,597.7220833333333,604.4118833333332,587.5854583333333,572.9516666666666,589.1311166666666,620.2823749999999,631.49375,587.1510958333332,581.8158374999999,590.1445833333333,634.45735,632.0921625,610.9695833333334,580.4708875,559.6351791666665,533.9267708333333,486.25284583333325,522.2851791666666,583.6937499999999,564.0552333333333,499.29251666666676,452.81218749999994,462.09652499999993,375.3626291666666,258.79166666666674,245.87564583333318,190.03540416666664,109.61479166666669,33.85872916666679,110.55271666666673,238.7886458333333,231.58381666666637,174.02727083333318,122.63770833333336,100.80552916666679,74.83345416666643,53.794687499999924,-7.3750541666667,-34.975920833333305,-67.35520833333328,-109.81537916666667,-116.77951249999984,-156.54385416666656,-120.31532916666629,-43.994825000000105,-52.24979166666657,-145.14265,-225.37322083333328,-247.2708333333336,-211.22444583333322,-241.4518875,-336.2278125,-335.52658750000006,-396.98809583333315,-504.96718750000025,-490.9682333333333,-432.11086666666654,-459.5732291666667,-436.78364166666665,-357.1965249999998,-362.4242708333331,-381.8698666666667,-365.5293291666668,-354.36552083333345,-371.83039166666686,-312.6330374999999,-200.85187500000004,-179.81050000000002,-152.85229583333336,-138.87999999999997,-106.83792916666687,-56.97817916666662,20.032916666666807,43.50321666666653,93.67434166666678,147.5380208333334,197.69328750000008,260.30457083333323,304.24510416666675,395.4492875,454.68587916666644,460.0545833333333,467.4818958333334,527.8141583333332,578.8237499999998,640.0986041666664,704.3868666666666,777.6155208333331,819.308175,726.9710791666665,602.3578124999999,609.4032166666666,687.4417583333333,737.1640625,732.2756958333334,750.6385124999998,757.5779166666667,741.2148416666666,775.4137291666666,792.9666666666667,788.2545,797.6532958333335,814.72375,805.3577166666665,804.2814958333333,798.1899999999999,829.0524041666665,817.01845,805.33875,831.4040416666666,789.4213249999998,785.4183333333333,824.3626541666667,728.3702333333333,578.4158333333334,566.7916333333333,605.3811583333332,607.79125,605.1357208333334,620.8356791666666,624.3233333333334,598.0115166666667,568.2567083333333,582.9549999999999,595.2139708333333,601.9018916666666,603.1379166666666
584.0845458333333,587.1855291666666,582.91875,565.2657583333332,557.1684041666666,560.7791666666666,562.2126958333332,577.4521041666666,589.94,584.9986458333333,581.0518208333333,599.6816666666666,605.1845916666666,591.7151291666667,577.7870833333332,583.649725,600.1983291666667,578.9516666666666,608.1517375,617.5542791666667,584.9533333333333,596.3957249999999,621.8961416666667,605.1345833333332,574.2826166666666,584.7009625,591.3050000000001,627.5100166666666,618.8904625,588.0508333333332,583.7838333333332,572.9549208333333,528.6954166666667,457.24249583333335,503.6473791666666,596.9547916666667,568.666175,489.4862625,428.53937499999995,443.9045583333334,449.54922083333327,376.0035416666666,263.4226666666666,197.19420416666676,208.8993750000002,149.850075,199.34752916666667,333.5612499999998,298.10456666666664,222.98029583333332,168.72499999999988,151.2471666666669,126.12506249999987,85.8254166666666,-6.1921333333331745,-16.43948750000004,-28.62812499999984,-122.44032500000009,-134.3960541666665,-145.13812500000017,-138.90160833333306,-105.94205833333336,-157.79031249999997,-257.99470416666657,-323.31447083333325,-290.43135416666695,-271.23396666666656,-312.19814999999994,-404.3985416666666,-410.99396666666684,-462.79578749999996,-525.1471875000002,-477.2937333333333,-374.5489916666668,-368.0701041666666,-276.94028333333335,-297.1746666666667,-282.3505208333334,-324.86832916666674,-313.1529,-291.7747916666669,-288.8675375,-251.03049166666665,-185.95218749999995,-182.1404791666665,-163.67304583333333,-95.37708333333336,-34.04059166666653,-17.224204166666482,21.940208333333345,71.33935000000002,104.63443750000002,159.47604166666665,172.75055833333343,237.96763333333323,346.5625,406.70968333333326,453.4826916666665,435.28072916666673,477.64717499999995,550.5958708333333,607.2782291666664,623.0881541666665,663.0157583333332,750.9765624999998,799.3610666666666,737.058125,633.1118749999999,626.2037291666666,669.6352,727.1436458333334,734.8058958333332,773.7872833333333,798.2366666666667,788.2210208333331,770.1513708333332,777.0908333333333,793.7795416666665,805.1849500000001,796.2825,798.8811,837.3031375,833.4970833333334,820.8251291666666,814.8734625000001,822.1916666666666,825.0760874999999,775.1151624999999,756.5479166666667,821.3825208333332,756.9352791666665,614.3220833333332,593.9967624999999,617.3834416666666,619.4570833333333,648.0938291666666,636.6008291666667,583.3949999999999,580.7653583333333,570.8159208333333,599.3241666666665,608.5592999999999,526.28825,424.02083333333326
417.203925,460.034275,446.24833333333333,411.6606999999999,419.2550583333333,419.24749999999995,411.85575833333326,427.58300416666657,457.94958333333335,431.7588291666666,408.60772083333325,422.87999999999994,426.5077333333333,421.26186666666666,423.8174999999999,419.4824791666666,446.3827125,459.535,440.1372958333333,440.90172083333334,431.50624999999997,427.8499208333333,436.4251583333333,441.6966666666667,420.500925,440.8327083333333,447.0054166666667,464.49334583333325,464.8487375,463.3041666666666,434.88141250000007,421.0934625000001,390.19427083333335,336.73948750000005,289.20428333333336,253.5703124999999,207.22407083333326,160.77675,97.50718749999999,38.68126666666666,56.95720833333337,81.6001041666666,13.985779166666646,-1.6571249999999793,-34.47479166666665,-98.4196666666667,-164.19413333333335,-207.4658333333332,-253.20803750000005,-266.2572125,-344.3971875,-427.46557500000006,-416.6503916666665,-329.44208333333347,-377.3041749999997,-449.9152916666667,-460.3503125,-470.5459874999998,-557.7935125000001,-602.4129166666665,-569.7228791666664,-554.2783791666667,-536.4836458333333,-555.0393833333333,-555.9311416666667,-632.8151041666665,-721.7634874999998,-755.4756833333331,-807.3285416666668,-859.7957416666667,-865.0056124999998,-847.871875,-848.4177249999998,-817.424175,-712.6890625,-733.5381458333335,-684.8634166666665,-737.5554166666662,-765.6363416666668,-713.3710333333333,-664.4458333333331,-675.8035875,-617.3774791666665,-587.936875,-591.9552999999999,-600.4259041666666,-562.1928125,-514.3594583333331,-508.53606249999984,-462.19156250000003,-374.10620833333337,-339.25475833333337,-309.2642708333333,-271.48940833333324,-207.99722083333336,-117.11281250000002,-79.38081666666676,-26.23292083333331,-5.375208333333262,57.66326249999997,84.44224999999994,59.5864583333331,88.13471249999986,132.72744583333326,224.69854166666664,226.39407083333322,247.20738749999998,319.95697916666666,363.26138333333324,390.3227666666668,447.7553125,487.81507499999987,508.77723333333336,505.9216666666666,506.2400499999999,510.6348583333332,538.0408333333332,539.4275,552.4194291666668,522.3475000000001,525.2971708333333,555.7986708333333,582.1241666666667,556.9249916666665,570.0829208333334,565.8008333333332,584.0512791666665,543.3050541666667,508.21166666666664,582.2312458333333,538.3594708333333,413.6795833333333,438.2561125000001,454.3961958333333,426.3283333333333,440.78632916666663,457.29269166666666,472.00458333333336,463.2026666666667,417.0255333333333,422.86375000000004,426.71174999999994,422.82896666666664,409.6325
415.6851458333333,444.7422375,433.955,411.7802041666666,404.7338874999999,384.4883333333333,407.79622499999994,445.96897499999994,467.28125000000006,435.67158749999993,416.6232749999999,432.905,424.31191249999995,414.9722791666666,423.25958333333324,414.0497625,433.7356916666667,445.6745833333333,431.551725,442.5261333333333,438.89708333333334,427.3213291666666,434.2524125,450.2904166666667,436.45534166666664,443.3755833333333,429.9379166666667,454.1364583333333,464.6781833333334,462.7533333333333,429.25200000000007,405.71333750000014,373.0722916666667,343.05993333333333,305.0455958333334,250.15864583333325,179.8588791666666,129.71307916666666,81.30010416666664,29.678725000000043,30.651208333333386,34.82552083333326,-17.63102083333331,-14.657341666666639,-40.93614583333334,-94.61272083333336,-144.86166666666668,-183.57708333333312,-251.38558333333333,-272.9736041666667,-330.52614583333343,-388.81588750000003,-379.4844124999999,-305.8666666666667,-339.4380041666665,-406.58897083333346,-426.16343750000004,-430.37396249999983,-525.3234750000001,-590.6187499999999,-557.2542166666665,-530.0036666666666,-513.9836458333333,-566.1524083333331,-613.0249916666668,-709.2427083333331,-762.101008333333,-754.5584583333332,-779.1737499999999,-802.6481666666667,-821.4215458333332,-831.8557291666667,-796.0800374999998,-740.4949041666667,-671.9878124999999,-757.1253583333333,-709.7548458333331,-723.0258333333329,-770.0535125,-699.4360499999999,-597.1920833333331,-625.5256875000001,-582.9976458333332,-542.1157291666667,-557.5390166666665,-592.0606916666665,-557.3473958333334,-466.84588749999983,-451.71827499999995,-434.7476041666667,-348.1990125,-330.570875,-328.44604166666664,-276.68636249999986,-219.40133750000007,-146.70072916666675,-71.42423333333329,-13.099891666666622,-29.296874999999943,35.331020833333355,74.05489166666666,37.40270833333307,33.63942083333313,83.33383333333336,210.5001041666667,213.09564166666655,221.46560416666665,287.0747916666666,329.45464166666665,387.2354625000001,480.3619791666667,505.72215416666654,521.4684666666667,526.0716666666666,493.96713333333327,496.9730249999999,563.8812499999999,579.6887624999999,583.2652833333334,542.2266666666667,547.8076874999999,569.6619874999999,573.2658333333334,536.7048999999998,558.7056041666667,564.6383333333333,573.3584708333333,561.0552666666666,562.4116666666666,592.980575,530.5362625,426.4733333333333,425.6316916666667,441.7981166666667,450.42541666666665,469.85431249999993,475.5316833333334,477.05791666666664,453.48819583333335,435.31556249999994,466.77333333333337,415.74469999999997,457.66560000000004,573.9883333333332
589.4663375,607.2756875,613.7008333333333,581.8662291666666,578.1112958333332,571.5833333333333,572.3959333333332,596.6218791666665,627.13625,596.9506708333332,573.5425291666666,590.8758333333333,593.7311208333333,586.0182666666667,585.9049999999999,577.5611916666667,599.9568125000001,614.6908333333333,607.9389999999999,611.3747916666666,595.2095833333333,594.9149999999998,601.4361708333333,603.1491666666667,595.5960958333333,612.6501833333333,600.2329166666667,619.8631166666665,621.744575,620.6829166666666,608.797775,582.8937500000001,516.6453125,473.7090583333333,511.30604999999997,577.0002083333333,549.7635916666666,486.4215416666667,426.34052083333324,396.17611666666664,384.58620833333333,326.4063541666666,219.10001666666668,216.49547500000003,188.97145833333332,81.869775,137.04325000000003,320.32083333333344,316.0571166666667,274.74262499999986,207.67635416666658,150.77566666666658,98.34471666666676,76.82020833333331,27.303604166666815,-18.379987500000198,-31.96197916666671,-53.99821249999985,-139.08042916666687,-169.45958333333328,-131.56370833333312,-121.52347500000008,-118.45156250000002,-157.50319166666662,-163.20364583333344,-208.34927083333304,-231.9332499999997,-240.28979583333336,-307.2265625000001,-356.95435416666686,-406.00622916666657,-441.97708333333344,-390.5912958333332,-309.8007583333334,-226.66135416666665,-303.26015,-264.8515708333331,-297.8649999999996,-357.6081125,-317.72301666666675,-244.17270833333316,-249.10020416666674,-182.93853333333323,-144.28114583333337,-162.98256666666657,-183.47606666666655,-157.25927083333335,-143.99257916666656,-131.4753874999999,-54.31145833333335,8.093520833333315,34.032287499999995,89.92437499999991,130.24256250000016,188.35761249999987,282.2337499999999,327.65114166666666,383.7636166666667,386.4470833333334,416.51852916666667,507.76509166666665,595.5118749999997,616.4222666666665,636.5469416666666,766.1318749999999,816.7842791666665,719.17035,582.4221875,591.3279541666666,646.4739208333334,715.6844791666667,785.2982458333332,814.3198666666667,791.8370833333333,778.9203374999998,779.4510708333332,805.6816666666666,805.5313958333334,828.7285833333333,810.17375,800.4715625,813.0423499999999,832.6733333333334,812.4716374999998,833.5287291666666,828.4929166666666,835.4531291666665,809.3515666666667,798.4995833333332,847.8507291666667,752.4739833333333,584.0279166666667,592.9637833333334,618.0698958333334,603.57625,611.8118916666666,603.5603,603.5083333333333,619.9487624999999,593.9232083333333,594.0516666666667,587.1204583333332,580.6529708333333,590.9
583.8395458333333,628.1356958333332,618.2425000000001,558.3474124999999,563.3443958333332,586.9554166666665,555.3420666666666,556.7005041666666,604.9495833333333,605.4969583333333,587.0245458333331,589.4220833333333,594.2799624999999,602.5888,584.8979166666666,550.1546041666666,591.5312916666667,653.2533333333333,608.9277125,602.08785,597.2445833333334,575.4911958333332,586.5734541666667,598.8754166666666,579.4826625,600.0122541666666,622.4366666666665,616.7757541666667,621.9958041666666,626.4891666666666,593.8683708333333,571.3438541666667,540.9737499999999,468.22519166666666,502.6223624999999,594.6076041666666,564.2794375,495.8194375,456.7542708333333,395.3009958333333,372.7830458333333,364.48395833333325,349.17644583333345,321.8186416666667,259.0190625,162.90030416666656,224.3312541666667,354.7610416666667,408.4739041666669,304.6990583333334,267.39020833333336,146.27527083333325,91.68580416666671,101.67187499999986,87.00365000000022,3.6985500000000116,8.817916666666918,8.565483333333361,-13.190499999999929,-65.72208333333316,-22.142120833333536,-17.759558333333587,-74.55843749999997,-42.029591666666704,-63.80417499999999,-47.4179166666666,-78.47930416666674,-149.55301666666696,-227.11906249999993,-176.46852916666666,-198.42599583333316,-348.5858333333334,-311.0220833333333,-252.58705833333326,-273.09656249999983,-359.6202833333333,-281.91648749999973,-262.7539583333335,-290.5190875000002,-278.6761041666665,-245.31427083333324,-223.9826250000001,-162.0583458333332,-182.0184375,-218.65425833333344,-221.91495416666675,-205.52291666666673,-152.40888333333322,-87.68160833333332,-27.624687499999936,1.1915583333332052,37.432883333333336,81.75770833333328,127.66859166666654,183.0656208333331,262.7676041666666,345.11008333333325,421.3642124999999,424.67552083333345,497.7913624999999,565.9973125,606.9751041666664,679.2084916666666,732.6290916666666,794.1088541666668,833.7160708333333,727.6690833333333,584.1927083333331,618.862825,661.2927625,721.444375,754.2139291666665,793.4297416666667,822.4124999999999,839.6716041666667,780.9448124999999,799.15,808.6626583333334,805.1090583333333,758.1066666666666,809.1625999999999,842.5557416666667,832.9704166666667,793.6251291666665,802.9540250000001,795.87625,832.1285958333333,807.544325,779.9658333333333,834.0700041666666,740.5857291666666,590.2674999999999,595.1330416666666,622.6264583333333,582.0249999999999,609.6555624999999,607.3974458333333,606.6275,583.6545375,578.3960666666667,629.8591666666666,597.8665625,564.7532083333333,594.68875
613.8445958333334,610.0555041666667,616.4445833333333,609.1037416666666,606.9270791666667,608.3441666666666,594.2761999999999,598.2216124999999,603.7158333333333,581.2389249999999,563.9623666666666,578.4274999999999,584.3266708333332,602.4837041666666,608.1154166666666,617.4178458333333,626.1647583333333,639.9404166666666,598.1773041666665,600.5973583333333,622.2854166666666,624.3389625,596.5146833333333,591.94875,599.1810833333333,621.1441208333333,668.8941666666666,628.8425416666666,612.1589583333333,615.1029166666666,589.2179791666667,560.8014958333333,528.7562499999999,449.27262916666666,514.2554583333334,600.0224999999999,572.6476833333334,497.3575666666666,455.90656249999995,390.137825,354.58214166666664,341.52864583333326,331.9573833333334,322.175075,272.4554166666667,166.17023333333321,247.62842916666673,435.0052083333335,401.94971666666686,319.5189875000001,341.9991666666667,208.19841249999976,95.12304166666672,79.26937499999994,105.48999583333352,74.95318749999996,38.827291666666724,44.66457500000007,5.962037499999951,-32.223333333333414,-90.37126249999972,-67.91665416666672,-69.6278125,-82.71705833333334,-112.99503333333331,-227.10906249999982,-329.1362499999999,-331.2753041666665,-281.4080208333334,-266.27783333333326,-253.24371666666678,-273.3358333333334,-290.3507833333332,-281.3804666666665,-331.5694791666665,-424.368325,-345.72322083333296,-298.0754166666668,-292.1701541666669,-261.72680833333345,-235.97937499999986,-222.7128625,-133.51866249999978,-62.18499999999986,-109.49238750000004,-141.40525833333334,-136.31052083333338,-92.2629416666665,-60.268291666666784,-19.9452083333332,25.322624999999903,42.31895000000006,79.82312499999989,219.22445416666676,298.24365416666683,314.90093749999994,362.79684166666675,393.5586374999998,377.4978125,445.218875,554.7141624999999,581.4196875000002,631.1775124999999,687.3365916666667,760.4878125,831.3375208333332,743.3720583333334,589.85875,599.7501541666666,625.1713208333333,709.9933333333333,745.1164416666666,790.8064875,816.2449999999998,841.6701416666667,841.6911916666666,822.9404166666666,853.2542875,849.2147041666667,821.8687500000001,837.2496833333332,832.0537375,837.8133333333334,794.0147833333332,819.8967583333332,800.055,799.2914999999999,789.7594583333332,791.6883333333333,835.7165625,743.3687124999999,603.56625,599.4786916666667,638.633675,611.1525,629.0935374999999,634.4131291666667,632.0229166666666,592.3715125,571.8709083333333,617.03,640.6471291666667,625.3489333333333,611.2070833333333
599.2044958333333,610.2737041666666,638.8829166666665,641.4852125000001,617.7659208333333,599.1370833333333,596.9150416666666,607.5808208333333,606.9425,577.5798124999999,567.1137875,600.9804166666667,601.4705833333333,587.3777124999999,592.2275,614.4359833333333,642.5819916666667,662.5045833333334,637.3515541666666,594.6839375,603.5774999999999,632.4860166666665,624.2816,597.0345833333333,588.1048208333332,604.8967,592.0533333333333,629.5441624999999,631.7106458333333,605.4975,593.0934833333333,573.5682458333333,550.6501041666667,478.17634166666664,529.4286166666666,626.0872916666668,578.7358166666666,515.963775,513.5766666666666,440.039175,408.7857875,404.71604166666657,350.2070250000001,310.6454999999999,238.61854166666663,141.90582500000014,240.59604166666668,450.53166666666664,414.8129416666666,335.7137,306.2598958333334,187.44157499999992,94.73811249999977,118.05770833333304,122.06568749999991,76.61711249999996,38.744166666666786,53.51571250000006,55.695491666666555,25.978437500000155,41.32151666666692,2.0480374999998503,-26.91739583333316,-19.80442499999981,-66.86445833333329,-30.690729166666415,-40.825870833333454,-111.95981666666688,-106.19333333333344,-70.8942416666664,-99.9374916666668,-193.99937499999996,-249.85587916666665,-226.42891250000005,-211.3887499999999,-333.2698375,-410.8368958333333,-396.36500000000024,-392.6720250000002,-352.23765000000026,-329.87802083333315,-328.2446583333334,-251.97081666666648,-136.59739583333337,-91.46673749999991,-64.65597916666661,-50.18229166666663,-53.789975,-14.78709166666664,47.16822916666652,68.00065416666655,83.74830000000014,137.7015625000001,253.72570416666662,318.93404166666653,370.38770833333325,403.6853,442.4151833333332,485.43989583333325,536.0920374999998,579.3961333333333,673.8371875,713.6381666666666,779.4787208333331,833.4297916666665,883.6168833333334,770.3762583333332,603.995625,621.2437874999998,730.1288958333332,767.4460416666667,778.1393499999999,761.4700708333334,791.5920833333331,790.3814333333335,846.4157833333334,831.6920833333334,850.5471875,851.2767083333334,847.79625,860.3618375,827.5435416666667,820.9916666666667,800.0470374999999,819.5670208333331,813.2991666666666,846.0555583333332,812.8859291666665,770.36375,819.4375166666666,766.7221791666666,624.6899999999999,595.4868083333333,617.4519624999999,585.6245833333332,622.0548291666667,620.2473333333334,616.4404166666667,620.4891791666666,641.9510750000001,601.0304166666667,635.8836458333333,639.6864499999999,702.7720833333333
691.13085,693.5570625,675.9429166666665,656.1516166666665,651.0885916666666,654.13875,656.1254083333333,669.5454625,667.7958333333332,636.0162791666665,649.3488583333333,663.4791666666666,643.5775624999999,636.212575,630.4625,633.3514541666667,649.1306875,636.3783333333333,647.9735083333334,634.4108916666667,626.2970833333334,610.8664958333333,599.3757499999999,611.5354166666666,597.1488958333334,619.7816124999999,644.41625,625.1144166666666,617.2532874999999,612.9754166666667,599.8837333333333,578.446725,551.8544791666668,483.1074791666666,515.4021333333334,623.8354166666668,599.8778041666667,524.8825375,485.9098958333334,382.7905208333334,384.65206250000006,431.11947916666657,356.25003749999996,296.42925416666657,282.9810416666666,236.19791249999997,326.88547500000004,455.8957291666667,445.44646249999994,378.52086249999985,338.5057291666665,276.6277666666667,249.31688749999995,182.09875,166.33593750000006,118.94496666666663,51.164895833333105,5.3125458333332745,-0.6445125000000758,4.985937499999977,45.37834583333364,-6.195800000000133,-72.99531249999984,-35.08801249999988,-5.034124999999904,-10.658229166666501,-77.25803333333346,-166.1273208333336,-140.51333333333343,-94.77304583333319,-132.33992083333357,-208.67760416666655,-209.66240833333336,-172.9471666666667,-125.14333333333326,-140.73266249999986,-151.8132458333331,-119.14562499999971,-134.01970833333343,-110.46480416666668,-42.05624999999992,-0.948258333333257,29.48579583333344,67.40927083333335,100.23215833333339,145.85827083333328,169.44864583333356,243.1354374999999,231.74167083333327,212.51375000000002,259.24898333333323,317.29224583333314,359.5828125000001,405.3047208333335,448.76516666666674,526.2933333333333,536.3787208333332,549.9981166666665,596.1551041666664,599.9546708333331,673.4345958333333,738.6737500000002,762.4218416666666,801.6728583333331,871.4565625,934.2635916666668,842.6134666666666,678.2847916666667,656.1518833333333,741.262975,767.6678124999999,808.8434333333335,845.4321833333333,853.5758333333333,868.1625833333334,874.4340916666667,841.6025,859.3083958333333,854.6228833333333,854.1195833333333,848.9013041666667,908.8149125,916.8795833333332,845.6553916666667,836.0736041666668,883.1841666666667,897.4919958333332,881.9431999999999,890.7508333333332,879.2985749999999,801.4154666666666,672.245,642.4145874999999,678.4645083333332,686.35625,646.6008875,633.9610374999999,631.8270833333333,685.3806625,702.5321791666665,670.4016666666666,686.0053541666666,645.3343291666666,535.9079166666667
523.7715166666667,533.9484125000001,526.9825000000001,520.1028375000001,524.1013916666666,505.3666666666667,506.5227416666666,516.7560416666668,508.1191666666666,506.0834541666667,503.85877916666664,507.0137500000001,514.9905291666668,496.66392083333335,506.4154166666666,501.56927916666666,490.51082499999995,468.12458333333336,479.2633666666667,480.5565666666666,484.9908333333333,472.8644749999999,475.20893749999993,459.1641666666667,447.44595416666664,459.75989583333336,454.0654166666667,462.9658833333333,470.3667666666667,461.66375,438.69467499999996,425.8538208333333,407.4788541666666,346.17072083333335,304.61329166666667,279.9991666666666,234.96912916666668,182.09395416666666,142.41010416666666,61.62152083333342,80.30490000000009,142.01437500000003,122.38689166666666,56.67315000000002,-21.79729166666675,-24.22800833333332,-52.648995833333345,-130.9141666666667,-131.16811250000012,-157.78268333333335,-240.38333333333344,-303.58433333333323,-281.3463874999999,-185.39468749999992,-180.52477499999986,-256.8222125000001,-399.4782291666668,-432.0239708333333,-405.6620791666664,-407.02687499999985,-457.9783208333335,-568.3497958333332,-589.2347916666666,-570.393525,-526.7307166666665,-526.9314583333332,-551.6363666666666,-581.21775,-632.6071875,-717.5017749999998,-722.3410208333333,-656.5907291666666,-655.5052624999997,-624.3763666666666,-599.1178124999999,-489.5736916666667,-461.90807500000005,-481.85770833333345,-455.47765833333347,-420.0167749999998,-416.81958333333324,-398.9523708333335,-372.6629208333334,-312.36489583333343,-314.16733333333326,-353.67853749999995,-343.2869791666667,-264.26262083333324,-243.90935833333333,-258.81885416666677,-182.14895416666673,-98.92055000000016,-58.05718749999994,-17.304179166666813,26.112595833333444,85.04916666666657,80.11751666666657,106.4404874999999,184.16385416666674,215.268575,211.53952083333337,207.9759375000001,220.41865416666667,263.73126666666656,335.92520833333333,365.58399583333335,376.11545416666655,373.48645833333325,450.1574291666666,507.63554583333325,521.1758333333333,570.0127375,599.4824166666666,592.7862500000001,613.726725,618.7722791666666,622.1245833333332,583.3592208333332,583.1305125000001,594.1170833333333,608.8517416666666,634.9375583333334,661.7479166666666,637.3216083333333,612.9086374999999,633.9254166666665,627.1194541666666,631.3601375,640.9704166666666,635.0751916666667,589.9042166666667,528.8108333333334,553.259375,529.4827875,499.8004166666667,495.646025,516.1439375,537.4329166666668,562.2630458333333,550.3131083333333,490.6566666666666,505.56494166666664,527.9735499999999,518.2808333333334
535.8647208333334,523.4350208333334,497.1641666666667,510.29534583333333,519.0379125,484.02750000000003,496.0461208333333,522.9891708333334,520.0291666666666,517.8013125,512.5270416666667,509.9170833333334,509.8678666666667,490.7848,507.36458333333326,507.0197625,493.6621916666667,466.3883333333333,478.7571375,485.02929583333326,487.18375,459.0955791666666,465.17752083333335,477.2925,485.09638333333334,480.9831291666667,446.95125,465.3896208333333,477.7156833333334,460.62708333333336,447.09789166666667,429.9547,395.58135416666664,344.0889083333333,307.5012416666667,268.73760416666664,211.26368333333335,171.41571249999998,155.51822916666657,69.46405416666681,68.59222083333344,116.44760416666668,97.76427916666665,47.868425,-20.512083333333408,-36.362554166666655,-38.81602499999997,-74.8416666666667,-103.35566666666682,-148.3379000000001,-201.43666666666684,-232.83191249999993,-212.75402499999984,-141.15083333333314,-138.7017416666667,-200.89180833333336,-325.0684375000002,-344.4108333333332,-332.0918999999998,-352.0304166666665,-378.57280416666686,-464.72717499999976,-494.8728125,-517.0563208333333,-535.4857749999999,-575.9668749999997,-570.7602083333331,-548.8983416666665,-551.4445833333332,-583.635833333333,-594.8340500000002,-567.5697916666666,-546.3023499999997,-516.7034333333334,-539.8863541666665,-460.58292916666653,-417.5611916666667,-412.69093750000013,-408.85721250000006,-374.9400541666664,-344.28854166666656,-333.34157916666686,-328.8628500000001,-279.83125000000007,-276.19238333333317,-300.7538791666664,-262.3171875000001,-142.6772166666666,-137.38591250000007,-205.08333333333348,-137.95662916666674,-95.36143750000008,-109.62531250000006,-41.64700833333336,11.450679166666816,44.465104166666606,56.16348749999992,79.47621666666657,141.52166666666676,214.6919041666667,217.40370833333338,169.69635416666665,169.437225,219.8882124999999,293.7359375000001,315.67852500000004,344.3643249999999,371.54302083333323,441.9815583333333,508.7130166666666,547.7996875,586.2829833333333,607.4154958333332,599.3225,595.3901416666666,607.0448083333333,651.46875,629.9210583333332,612.7501916666668,602.0566666666666,625.3849250000001,642.9297708333335,645.1341666666666,630.8396416666667,624.4089708333331,644.7420833333332,623.1216625,641.641875,672.3849999999999,632.202525,570.3873041666667,522.9116666666667,535.4615249999999,521.883075,521.0916666666667,508.0553666666667,522.3734874999999,549.9408333333333,566.0678083333333,573.454675,531.4920833333333,502.25172083333337,588.5856333333334,716.5787499999999
734.2588833333334,708.7059666666667,704.2725,695.5101916666667,700.3333291666665,683.61375,675.6845625,699.1801,714.02875,698.6581708333333,686.4345833333333,696.5316666666666,702.2187166666668,682.1724708333334,691.1087499999999,674.8634333333333,658.2113208333333,640.7270833333333,654.3469958333333,648.4094083333332,642.5466666666666,631.5305374999998,642.9379916666667,636.995,631.2645749999999,642.9157041666667,632.4212500000001,636.7258999999999,634.6060666666667,620.8975,610.6376958333333,595.5064874999999,553.0078124999999,487.1845291666666,525.9289416666667,616.7302083333334,596.1558708333334,525.6408625,484.9543749999999,424.14909583333343,415.51435416666675,410.7241666666667,366.55427083333336,313.5943833333333,231.7048958333332,190.27224166666673,294.6176125,449.2321875,482.16880833333323,415.6864458333332,345.18697916666645,327.7286250000001,294.1368166666667,272.3537500000001,275.4594791666666,236.4191499999999,114.38395833333311,106.35323333333338,139.4148083333335,137.3140625000001,112.05607916666645,9.477066666666843,-33.666666666666686,-32.774516666666784,9.075150000000065,34.609583333333575,62.92571250000003,47.70795416666658,-15.039687500000042,-68.37644583333326,-83.12295833333354,-64.51260416666656,-56.28056666666643,-30.87438333333327,-45.003645833333195,46.8145458333334,86.78857499999987,65.99989583333326,30.514316666666616,28.27429583333344,55.8431250000001,115.37717499999982,151.6345166666665,200.4672916666666,215.8891583333334,194.92496666666676,195.53937499999995,235.01383333333334,224.67368749999994,196.93604166666648,259.4484958333333,350.88251249999985,409.8602083333333,437.7358375,469.94310833333344,528.5244791666665,512.2400374999999,538.0279874999999,620.3018750000001,643.1445,701.0097416666667,789.4975,792.4266124999999,809.5967833333331,909.2084375,982.5891458333333,880.3864333333331,672.0664583333332,700.23785,789.0914208333332,828.600625,890.2315583333334,914.3940833333334,893.29625,907.2822874999999,917.5733499999999,925.6916666666666,876.9774208333332,882.7717250000001,907.4199999999998,904.8198416666667,921.8254750000001,953.5408333333332,916.5668166666667,894.0406624999998,930.2379166666665,916.6471708333332,916.9303833333333,936.9604166666666,932.6464375,836.6677083333334,704.42875,721.7130374999999,726.8837958333334,710.35,674.6065,661.1629999999999,683.5145833333333,746.4696375,763.4391625,702.7120833333332,704.4119458333332,723.4228458333332,716.7120833333333
721.4415750000001,714.7711791666667,706.6470833333333,680.800275,687.3419958333333,680.2362499999999,673.7991124999999,681.4535583333334,685.3145833333333,712.7278666666666,710.7311625,683.9300000000001,654.6591333333333,655.0492833333333,670.0204166666665,645.3002125,640.9607541666667,648.7808333333334,664.7162208333334,643.5316124999999,640.0495833333333,610.2284,599.6696833333333,606.0866666666667,639.6932125,651.6627000000001,623.1133333333333,624.6725375000001,635.0635791666666,606.7691666666666,600.1838541666666,596.4562875,564.6949999999999,481.48368749999986,517.6068333333333,640.0670833333334,602.7942375,526.7764,500.70989583333335,463.54488749999985,433.35181666666676,419.6033333333333,403.14874583333335,350.57841666666656,244.18583333333322,192.31146249999998,289.15332083333334,448.95989583333335,483.36249166666653,438.4847416666666,342.19416666666643,305.40735000000006,268.0235041666667,218.45625,204.91629166666692,134.3017041666666,26.039479166666354,-5.324291666666511,-6.054420833333495,-68.45937499999991,-174.12106249999988,-165.93921666666654,-143.47687499999995,-19.8272208333334,-83.81431666666651,-144.24562500000008,-167.52789583333333,-185.66090833333345,-206.7419791666668,-233.51570833333318,-211.30056666666678,-190.77812499999996,-159.76642916666648,-81.34540833333315,1.3833333333334394,23.76930000000013,30.3130625,87.98031250000008,76.2312291666666,49.968470833333726,54.34312500000004,105.17489583333312,131.11267916666668,99.605625,122.33763333333332,96.98028333333338,97.57427083333329,185.53986250000005,215.06315833333338,252.28031249999987,308.5156416666667,396.9912958333332,425.68572916666676,436.0478249999998,457.7761875,570.7280208333332,560.5924666666665,609.1279625,690.9081250000002,707.7775416666666,738.1391083333334,795.4861458333332,819.9507750000001,857.2665124999999,944.513125,982.6934499999999,889.5061708333333,719.12625,723.8519166666666,800.4375291666665,831.5998958333332,858.775675,887.7265583333333,897.9495833333334,914.2536666666666,912.4072124999999,904.2045833333333,879.1784458333332,873.5261958333333,859.79125,898.5683041666666,938.0299458333334,948.7516666666666,888.4677041666666,876.2373916666666,904.7920833333332,908.8557041666667,909.7527541666667,913.55,913.34905,826.0160791666666,729.21625,709.3241083333332,724.7918,682.96625,697.2434791666666,691.7557166666667,711.2975,745.3793166666666,744.0352624999999,714.4358333333332,694.5073833333333,705.9624833333332,718.0458333333333
707.1658041666666,716.9900291666667,698.6904166666667,689.3222874999999,673.0486249999999,670.4208333333333,668.0116624999999,689.5356750000001,684.1037499999999,692.5500416666666,681.9119166666667,666.29625,643.5951666666666,646.5285791666666,682.0929166666665,613.9682208333334,646.1795583333333,678.2983333333333,637.2445291666667,623.5492583333335,653.6429166666667,628.0735583333333,623.9143541666667,627.2354166666667,651.2344125,647.5237875,616.135,607.5787583333333,620.8223708333333,593.0283333333332,588.7193541666667,581.6782666666667,564.9746875,493.70050000000003,547.5052958333333,649.2191666666666,594.9917166666667,512.6658458333334,497.71447916666665,459.4300166666666,429.5793208333333,412.68510416666663,403.50275833333325,382.97484583333323,328.9944791666667,252.7259291666665,291.5252458333333,422.9943749999999,472.21058333333326,452.01379999999983,406.68624999999986,375.31148333333323,298.5811750000001,194.5983333333331,147.76553333333334,108.75441249999994,73.57958333333346,92.12112083333358,34.27871666666647,-65.01489583333333,8.458154166666588,27.558645833333514,-5.608125000000086,-17.0882041666668,-9.647504166666863,-35.42718749999983,-49.1572041666667,-73.8009874999999,-130.61114583333324,-112.3986999999999,-131.35764166666684,-80.39531249999982,-94.48425833333306,-124.61991666666665,-92.61999999999989,-97.77142083333342,-34.247674999999845,50.14385416666681,58.99785833333317,43.35707083333347,76.86447916666674,154.9698458333332,201.60660416666673,148.42208333333335,147.72680416666654,149.9188375000001,142.59989583333333,246.46385833333326,253.3401750000001,237.8265624999999,274.9753125,353.2114208333332,406.98697916666674,465.33204583333327,505.52026249999994,557.6280208333332,524.6580541666665,563.3305958333333,629.1503125000002,644.9507083333334,675.3170750000002,721.468125,763.5204666666667,814.1176083333332,909.4298958333334,988.5896708333331,893.4272958333333,711.4651041666667,717.6113291666667,784.0509166666666,813.2070833333332,842.8372916666666,893.2674083333333,931.4954166666666,929.1655791666666,900.5304791666665,904.14875,931.6952541666667,923.2681625,888.1595833333332,902.7761333333333,933.5717333333333,928.6766666666666,898.8490958333334,892.9838333333332,909.915,861.2930208333333,861.4427291666666,908.0816666666666,921.9582458333333,823.6336458333333,696.115,684.9355416666666,713.3411541666666,700.7429166666667,667.2131541666666,701.8158333333333,739.9683333333331,719.7505291666666,713.8408041666667,716.6562499999999,706.8699375,726.3444249999999,710.7566666666667
688.1204624999998,702.9428833333334,685.9658333333333,716.4546624999999,701.187475,662.0720833333334,686.8827791666665,717.8184041666666,658.6583333333334,680.5795666666667,680.5092708333333,684.10375,657.0747166666665,669.3039083333333,676.9770833333333,594.7923208333333,626.8923333333333,644.3370833333333,639.3808875,631.6031166666667,638.5254166666666,636.6922125,652.2724291666667,651.2920833333333,645.9689916666666,615.5711875,615.7704166666666,619.8837916666666,651.7254041666666,621.5166666666667,593.8883125,575.7386541666667,583.0094791666666,511.23761666666667,527.7134666666666,627.7564583333333,593.4606625000001,554.9579291666666,529.5782291666667,486.4257916666667,436.01178749999997,427.96750000000003,402.10614583333324,366.1365999999998,253.37468750000008,204.13523333333328,299.4469916666667,436.9036458333333,461.92978749999986,365.4980375,319.4465624999998,305.1466333333332,264.2918708333334,170.38552083333315,134.42861666666667,86.36894166666664,39.551562500000045,75.10001250000022,49.697291666666615,-10.15114583333326,4.171266666666497,-16.253845833333287,-41.27510416666655,-50.83614166666695,-30.932308333333538,-38.92656249999982,16.080150000000003,-4.106837499999813,-71.7563541666666,-2.153983333333258,31.567500000000052,-49.82552083333317,-84.82518333333334,-90.12469583333319,-21.287812499999973,-15.848024999999865,-35.317154166666626,14.95302083333334,61.05008750000002,17.335066666666705,-14.709166666666647,88.01076666666668,109.83756249999996,115.35145833333331,49.73714583333327,86.86065833333333,174.80812499999993,212.33765416666634,268.9764958333333,267.90020833333347,280.03211250000004,342.5206208333334,446.8798958333332,476.7561791666665,497.5475208333333,520.6889583333332,528.2553166666664,581.0489875000001,597.0317708333332,617.2410541666666,689.8225333333335,781.3596875000001,830.513525,885.3379291666665,953.6093749999999,1015.0831291666666,892.8741583333332,684.3111458333333,680.7517041666666,768.3145166666667,810.4757291666666,839.7117041666667,882.20965,881.47125,897.6333208333333,867.4022666666666,861.0158333333333,900.2212374999999,913.6988708333334,909.3716666666667,915.5456375,922.0196625,894.1308333333333,920.8407041666667,918.5059458333333,904.3295833333332,891.545475,890.7095166666666,888.8687500000001,912.4560666666666,815.5578874999999,679.4241666666667,677.7052291666666,680.6423124999999,701.9625,717.2470416666666,718.1071416666666,724.3275000000001,738.3999208333333,735.6664583333333,728.3154166666666,715.4602958333332,741.6543791666666,729.87125
706.4593125,685.9572041666667,671.0024999999999,683.8945333333332,673.4749541666666,653.5112499999999,661.1363416666666,690.2851458333332,646.9358333333333,676.456875,654.9103916666666,667.0199999999999,645.5898374999999,653.5666958333333,620.9575,648.9461583333333,651.1248583333332,625.425,641.3940749999999,642.2898208333332,613.3549999999999,608.3630625,624.1027750000001,632.5175,614.3228083333333,612.6931083333333,618.8354166666667,616.1553833333334,631.1035458333333,599.38875,597.0203916666667,583.5431333333335,563.0603125,506.1793208333333,529.5875916666666,622.4264583333332,604.1323875,570.011975,576.9708333333333,530.2854125,500.33227083333327,467.17375,443.37814583333335,398.3996416666666,298.3408333333334,249.79446249999995,396.59621250000026,594.7216666666668,495.1489166666665,385.6934166666667,391.6335416666665,370.3594958333331,311.09102083333335,182.3782291666664,146.1932499999999,98.51850833333324,30.15312500000016,33.144387500000164,-0.930037499999969,-31.05760416666675,-2.7783125000001405,-27.436304166666616,-82.22427083333332,-113.97872916666694,-97.2593125000003,-38.559687499999825,-18.475637500000175,-33.442637500000046,-30.246354166666663,-34.650991666666755,-27.466245833333375,-116.28645833333312,-102.6141208333334,-101.44882083333314,-58.35239583333322,-50.49917916666655,-43.860729166666545,1.9422916666667902,41.92602500000004,-13.462274999999977,-44.892083333333346,58.66207916666676,87.15993333333341,112.69822916666666,160.0171583333333,198.01480000000004,207.83468749999975,213.71591666666654,292.63862500000016,362.31093749999997,399.77596249999965,421.2282500000001,448.0838541666667,493.75079999999997,565.8722083333332,574.5074999999997,583.423,612.0218833333333,716.5146875000003,726.4607583333333,716.2804166666664,760.5571875,767.4775125000001,818.6726124999999,904.7958333333332,963.4164541666668,864.5005958333331,688.5466666666666,705.0231333333334,801.7275583333334,835.4486458333333,841.9538999999999,859.5520833333334,898.185,930.7926666666666,918.2521958333333,874.7820833333333,875.5819083333333,883.1709125000001,892.6970833333334,903.3209416666667,907.5520916666666,871.345,879.0866791666666,877.4398583333334,896.5566666666665,863.5692375,839.9563333333332,845.7195833333333,883.9071791666667,830.6060125,711.1483333333332,691.0081749999999,709.1684166666666,691.5420833333334,695.9711749999999,685.7905999999999,698.0041666666666,672.0420791666666,683.3716749999999,706.3662499999999,711.2471416666665,648.867725,544.97
499.30055000000004,522.255675,534.98375,542.1921791666666,526.4673708333332,518.3404166666667,526.0932124999999,528.5031208333334,459.0529166666667,477.4033458333333,490.43392499999993,495.30166666666673,466.70445416666666,484.47012916666665,448.6695833333333,453.63291666666674,462.8560666666666,445.78874999999994,459.636025,469.91167916666654,468.4033333333333,483.5819583333334,483.57940833333333,464.39500000000004,439.854075,432.7617083333332,442.40125,442.7716958333333,454.8838791666666,457.47249999999997,425.8957625,399.9178416666666,383.3251041666666,330.83694583333335,311.08174583333334,281.280625,251.08662083333326,215.00431666666663,166.05041666666665,159.3678041666666,149.97481666666658,122.24989583333331,116.33744166666673,78.82946666666658,-26.82656249999991,-21.191120833333343,-32.98643750000008,-46.3039583333333,-127.21832916666676,-196.32642916666668,-200.97614583333348,-269.8850958333336,-249.6261708333334,-266.5471875000003,-289.09087499999976,-342.32101250000005,-390.3614583333332,-432.7967166666664,-476.9446708333333,-528.2990625,-525.4974083333335,-566.7379708333333,-602.4699999999999,-596.2776958333335,-582.3915875000002,-535.7960416666666,-577.5877916666667,-597.8919000000001,-544.0195833333333,-550.5049166666665,-568.8594833333332,-580.5871874999998,-546.6816416666665,-527.8361666666667,-529.1546874999999,-416.73074583333323,-459.9611999999999,-422.04406249999977,-319.7840375000002,-303.62280833333347,-333.60177083333326,-293.17454999999995,-259.8524625000001,-277.26895833333333,-256.6254583333334,-250.1670041666667,-271.1594791666668,-230.6229541666669,-131.0398624999998,-71.36020833333339,-43.34553750000026,-19.031095833333325,26.15666666666675,90.16044583333337,138.4228833333333,124.64041666666651,186.30634166666675,251.71480833333334,230.8353125,326.9280458333334,331.5133083333333,245.75822916666664,254.47973333333334,324.8544958333333,373.79083333333324,402.88396666666665,406.5404583333333,430.12333333333345,433.7122375,496.9292833333334,536.0515625,590.0018458333332,610.5646333333333,620.9891666666666,627.2382958333333,635.4382291666666,626.7904166666665,608.8060291666666,591.9972333333334,600.0170833333334,600.6422458333334,616.0444500000001,625.9620833333332,623.5724333333333,621.1027208333334,638.3208333333332,637.3966333333333,628.9463249999999,592.9958333333334,624.5043458333333,597.5560708333333,534.5070833333333,535.5584958333334,525.7905291666667,510.64875,514.6209249999999,538.2122333333333,554.8491666666666,550.9901583333333,511.07936666666666,520.1808333333333,534.4091625,531.3393958333334,527.0250000000001
522.0758333333333,520.1174125,497.16166666666663,529.7536833333334,530.9756625,508.58333333333326,517.1115666666666,527.7967541666667,467.9041666666667,499.49577916666664,505.3019333333333,490.09416666666675,462.0243708333333,484.55236666666667,453.8608333333333,474.12294166666675,474.5431541666666,433.04458333333326,451.5153291666667,469.9747208333332,465.97541666666666,481.4822916666667,491.1456,488.5875,476.13431249999996,457.49118333333325,446.56125000000003,450.1320333333333,455.1806333333333,447.2058333333333,438.8317666666667,407.0795458333333,362.8520833333333,331.1752041666667,323.83973750000007,274.92593750000003,232.87027083333328,211.2041499999999,186.36968749999994,176.0723625,135.10071666666659,78.47843749999998,85.17666250000008,87.31236666666655,-3.600104166666597,-44.845879166666634,-52.09030000000001,-9.918437499999982,-93.67339166666682,-166.33665833333328,-143.66520833333345,-189.53845833333366,-173.63493333333332,-208.94781250000017,-229.20896666666658,-269.5147208333332,-302.69322916666647,-329.367508333333,-377.20826249999993,-442.55416666666656,-432.6567458333335,-463.1865249999999,-511.6923958333332,-553.0998500000002,-582.9159500000003,-550.0517708333332,-577.2691166666666,-565.9821916666667,-458.84427083333316,-392.32776249999984,-412.1949333333333,-472.332708333333,-416.9053166666665,-408.00156250000015,-483.0771874999999,-425.9724208333331,-468.6125375,-404.3986458333331,-311.91109583333343,-311.08612916666675,-349.69968749999987,-328.21373750000004,-292.3363875000001,-281.20041666666674,-236.57590416666665,-220.5401374999999,-224.41229166666687,-137.9700791666669,-45.103066666666564,-43.12833333333333,-42.61387916666689,-49.58979166666654,-45.941770833333294,6.139575000000036,67.00029999999998,70.04937499999988,132.67199166666677,178.30789583333336,144.69666666666672,269.2118625,290.67032500000005,201.68541666666658,227.33956666666654,306.9542583333333,340.9996874999998,349.4894291666666,365.45638333333324,420.28552083333346,424.48469166666666,492.92250000000007,550.0397916666666,604.4767208333333,618.8747208333333,621.2149999999999,613.7605875,631.7264416666667,652.0895833333332,645.9994041666666,623.0050708333333,624.2925,630.4772833333334,624.2064750000001,607.5758333333333,635.9838874999999,646.7288958333334,633.6824999999999,612.9127833333333,628.5799041666666,621.13,617.2502833333333,571.885325,522.9675,509.8439708333333,501.5476375,513.5945833333334,529.0680541666667,545.9959083333333,544.6241666666666,525.0067166666666,512.7784333333334,551.4849999999999,528.8944916666667,593.7244958333333,728.34
721.1177291666668,704.6897458333333,705.4575,718.1437374999999,709.0725583333333,695.7933333333332,686.4867999999999,694.7893624999999,648.6758333333333,667.4690499999999,673.5616416666666,669.1270833333333,622.4737458333333,657.9743833333333,655.0866666666666,641.0200833333333,635.77485,628.5574999999999,637.9957041666667,631.8252124999999,616.9491666666667,634.35245,646.6533708333334,643.0074999999999,632.0047416666666,625.3885666666666,621.7758333333334,605.348125,603.3809958333334,602.3845833333332,580.9969041666667,560.8630874999999,535.2711458333333,477.8513333333333,534.9158958333333,621.5995833333334,617.1521541666666,567.7824875,522.0786458333332,531.9728041666666,490.8167249999999,401.0956249999999,385.42091250000004,355.36093749999986,225.35062500000006,189.80052500000002,311.0039916666666,516.0673958333333,441.9307249999998,326.1239916666666,343.21145833333327,315.56822499999976,285.58472499999993,160.17187499999977,116.3296958333334,92.01973749999999,70.82739583333341,36.625075000000265,-18.606233333333364,-75.7147916666666,-44.22294166666683,-61.018391666666645,-103.5470833333332,-122.23146250000036,-95.94737916666702,-0.2904166666665162,-13.077495833333387,-39.137441666666746,8.644791666666634,36.61388750000009,13.520699999999977,-34.87624999999957,15.698779166666782,35.11006249999991,-10.56187499999993,62.90081250000014,27.054545833333293,77.29666666666697,118.00856249999993,83.54487499999976,65.73677083333348,148.14331666666672,183.73174166666655,144.81270833333332,194.34037499999988,215.40214166666667,172.68604166666648,198.9919458333331,286.14262500000007,326.53739583333333,336.7777791666665,377.1078375000001,441.93052083333333,469.83570416666674,517.8274708333333,541.7746874999998,590.5992833333335,648.7914791666666,635.2458333333334,716.0869333333333,792.5191958333334,821.7120833333332,822.7946499999998,871.0629708333332,954.9436458333331,1016.2248291666665,903.0611708333332,726.9919791666669,674.261025,761.6156166666667,823.5309375,881.1040583333332,900.0621083333333,911.9558333333332,919.1386833333333,928.8317416666666,920.6179166666666,901.9492583333333,900.1511041666668,925.03375,909.9047291666668,898.9180291666668,895.0174999999999,899.1785874999999,921.8862416666667,956.2533333333332,934.1331041666666,910.1691666666666,888.5216666666668,936.7778541666667,855.8679166666666,705.2220833333333,701.5800750000001,721.1070375,715.8841666666667,700.5530749999999,687.8139749999999,690.0925,728.2690583333333,718.86965,717.4770833333332,713.6627458333332,711.6253124999998,715.1625
699.3835083333333,696.1251249999999,684.20625,693.8898125,703.1440791666666,674.4599999999999,690.2567333333334,697.5247291666667,651.5279166666667,696.9026208333333,678.5965708333333,651.5283333333334,645.0424791666667,668.5355708333334,613.4675,613.5003791666667,620.5990833333333,620.9408333333333,623.1226375000001,639.9453333333332,633.0179166666667,634.6542125,638.815075,631.8495833333333,611.7135458333333,608.6867791666666,625.155,635.0281666666666,620.6606458333333,598.4625,590.3331125,568.1543750000001,529.5910416666666,463.82845833333334,527.7200499999999,633.3196874999999,618.6397958333333,544.9424124999998,532.2673958333334,486.94633333333326,449.94233333333324,394.67864583333346,396.89824999999996,369.94151666666664,318.55072916666666,272.4462833333331,357.3187708333335,594.9805208333333,567.4387291666667,505.78842083333325,431.2248958333332,396.66720416666635,340.2782208333333,276.23635416666656,257.8224166666667,244.9260041666667,178.0980208333333,59.362929166666675,21.538354166666693,24.869687499999998,-12.624233333333393,1.4268500000001154,26.229166666666686,5.234162500000082,5.582154166666555,-25.725000000000023,-29.578883333333465,-22.753716666666662,-32.65031250000004,4.502112500000237,-78.19374583333331,-153.5067708333331,-114.1988458333332,-110.98107500000006,-113.02468749999994,-21.47054166666669,2.84764166666659,77.42520833333344,116.17760833333324,221.02514583333348,266.66781249999997,256.13666666666654,228.27603749999992,222.27229166666658,247.59010416666652,246.98423750000006,210.86062499999997,240.27411666666666,297.6111791666668,362.66510416666654,396.0355333333331,430.71890833333333,465.2544791666666,506.43784999999997,559.5553083333333,583.7815624999998,628.5482291666667,716.900675,749.7795833333333,797.3392958333333,818.6138291666666,836.2459375000001,880.5832041666665,927.3534374999999,970.6451041666667,1008.0564791666668,903.5755916666667,714.71625,689.4797541666667,785.0430833333335,820.1548958333332,869.5359583333333,905.5376916666668,910.8041666666667,913.9945291666666,914.0391958333332,897.64875,900.5274833333332,883.7914541666667,875.3749999999999,891.3696749999999,920.4243,932.6429166666667,915.8167833333332,894.9651208333332,873.0758333333333,873.9250416666666,899.6614,921.2170833333332,913.8764874999999,825.9615749999999,710.1412499999999,705.0123,704.8617791666667,689.93,706.8153166666666,700.873425,696.1041666666666,695.4583875,701.1276541666666,737.7133333333333,723.0814791666667,716.5611083333333,710.1262499999998
721.6406208333333,723.7382166666666,681.3033333333333,681.2111083333333,680.9994541666666,654.3533333333332,685.8002625,704.1252708333333,655.2858333333334,689.011475,669.6689583333334,645.5354166666667,623.7084791666666,664.9570041666667,674.1716666666666,658.3521666666666,625.1981458333332,609.8604166666667,615.7389916666667,624.8875041666666,614.8804166666666,644.0131833333332,640.9914208333332,626.3141666666666,604.0802625,604.5878708333332,607.4591666666666,606.7857916666666,612.1227541666666,612.1775,591.1081541666666,559.9103916666666,526.0936458333333,462.92584583333337,520.4047416666666,631.2128124999999,606.8382541666666,526.7801708333333,512.8516666666668,452.84190416666667,398.9006791666666,358.53802083333346,355.1063958333333,338.14919583333335,301.33989583333334,251.17242916666646,332.4055791666667,526.2662499999999,488.84245000000004,438.21445416666654,443.95697916666654,428.247245833333,382.7600166666666,360.6064583333334,320.3221708333334,267.41836250000006,250.95937499999997,174.00058749999982,129.5553916666663,73.48052083333354,50.403591666666955,24.606462500000077,0.5890625000001251,-29.898029166666788,-20.387258333333307,-9.210520833333419,-48.02964166666669,-57.74655000000001,6.072291666666672,63.57349583333331,4.379420833333313,-38.6723958333333,-72.65884999999994,-64.29815000000019,-27.2779166666665,21.932141666666553,110.84351249999995,169.61333333333346,140.66890416666683,123.00883749999991,163.18135416666667,255.17273333333335,274.03526666666664,262.4100000000001,366.9825916666667,339.81743333333327,256.98874999999987,271.7403291666666,330.39362083333333,376.2977083333334,429.12906666666674,467.206358333333,506.9563541666666,561.6155083333333,641.1827625,591.6174999999998,618.2364458333334,671.4674791666666,663.5732291666667,742.5425958333335,776.4492666666667,760.5451041666668,837.1735916666665,902.6789624999999,934.873125,975.4010124999999,889.7205958333333,703.9915625,681.5303500000001,769.425725,820.8581249999999,866.2405416666666,897.5590666666667,893.9633333333333,912.6619291666666,916.2711791666666,897.9291666666666,904.5648874999999,902.8182083333334,878.4095833333332,887.2711375,906.7709833333333,890.7037499999999,899.9302416666667,910.8496083333332,892.82625,893.1654083333333,896.4217541666666,926.88125,918.7216625000001,852.0318458333334,741.5058333333333,664.5791624999999,695.9227416666665,681.53625,715.6176875,728.0764375,717.6949999999999,727.0078041666667,690.9767125,707.19625,706.5801083333333,721.8733499999998,679.6491666666666
693.8985499999999,708.088675,724.7950000000001,730.9075166666667,703.1944791666665,657.5833333333333,687.0224166666667,673.5998,684.4025,645.4560333333334,650.4578083333333,670.5433333333334,662.8882624999999,670.8625583333333,640.7316666666666,622.2762208333332,609.6180749999999,617.7741666666666,618.5468000000001,613.4086499999999,602.9949999999999,651.3666,642.6465541666666,613.3874999999999,611.0242791666667,610.2842333333333,611.0170833333333,601.9340708333332,628.3677583333333,625.26625,593.1789958333334,568.6319833333332,531.9704166666666,459.135625,523.3321458333332,639.4860416666667,628.5818333333334,532.4526291666666,530.7611458333332,509.01609999999994,464.34012916666666,415.9784375,382.86890416666665,380.4680125,319.6858333333334,261.3499416666665,340.7269750000001,525.6691666666666,506.53987916666665,427.2438416666665,364.813125,356.14426249999957,328.52964999999995,292.52812500000005,325.4841374999999,291.9045416666668,253.57354166666647,167.73060833333298,209.07708333333318,235.89302083333325,165.27927500000004,135.45187083333334,143.6816666666668,105.28567083333309,52.77915833333344,-1.7889583333332553,-37.14108333333343,-40.53430833333334,10.956458333333273,93.51592916666692,46.60263333333336,-4.712916666666558,-37.2725999999999,-34.52021250000027,-46.97864583333319,58.602212500000064,168.90396666666672,212.47656249999977,181.05692916666663,179.54827083333328,201.5041666666667,214.6928208333333,229.21739583333326,207.87927083333327,269.0879708333333,321.13286666666664,316.89781249999993,325.25350833333306,368.4887875,348.6548958333334,390.94960416666663,493.74507500000016,584.2983333333334,595.8953583333332,621.4967124999998,538.8102083333331,605.4857833333333,678.3713083333333,648.0891666666666,718.4729041666667,764.5339041666666,828.9212500000001,886.7160541666666,940.4208541666665,922.2816666666665,952.9133958333333,883.0769041666665,726.0692708333332,703.3519916666667,753.7137875,815.5330208333332,847.1522375,870.0126250000001,876.4812499999998,856.4864458333334,877.1016958333332,903.2212499999998,891.8322,891.2057875,872.4520833333332,904.8018541666667,892.0665375000001,854.1104166666667,905.7023083333333,925.7403124999997,878.7583333333333,924.8334416666667,932.6483125,930.69125,914.8548416666665,833.7431624999999,696.8599999999999,628.2882791666666,685.5243499999999,733.93,734.1770083333333,729.6724416666666,700.0308333333332,734.6080125,712.28,712.19875,693.114475,709.9322875,674.7904166666667
667.11905,670.0302666666666,703.1254166666666,670.2028041666667,651.2989083333333,626.0858333333333,657.789775,639.0433958333333,651.5550000000001,629.1531791666665,644.4877666666666,635.1816666666666,627.0342083333333,640.6036458333333,660.0916666666666,640.9346208333334,620.8068041666666,642.2754166666666,640.0950458333334,639.8776458333332,615.0570833333333,642.1585666666665,633.0089333333333,613.89,629.0160458333332,604.17625,599.7362499999999,589.0716083333333,602.362075,600.0101041666667,590.2548416666667,568.2175666666667,521.2991666666666,471.05444583333326,538.0715124999999,630.8774999999998,613.19255,532.6777624999999,519.8093749999999,499.19155,465.6370125,421.24541666666664,376.16412083333324,373.9461208333332,340.82208333333335,265.0657166666665,337.0405458333334,523.9603124999999,526.7615958333333,417.31797499999993,367.98270833333333,311.3757208333333,267.68474999999995,289.72312499999987,268.95957499999986,205.87376250000005,107.55708333333337,57.39620833333299,91.52248333333318,163.31427083333324,103.10556666666685,65.07153749999998,66.76656250000002,23.4857416666664,-14.529641666666578,-25.240000000000066,-54.572441666666805,-57.031062500000075,34.77958333333339,122.96258750000004,125.8258583333332,33.39458333333337,13.915470833333188,-39.650133333333514,-96.62249999999977,-12.575304166666598,124.3959458333332,153.89656249999985,98.4935625,122.28630416666655,192.74052083333336,179.19622499999997,194.3858916666667,201.9756250000001,283.7366916666666,279.74019166666676,340.81687499999975,284.4366708333333,283.90201666666667,349.7764583333335,391.22715416666654,417.51458750000006,415.0321875000001,521.2705041666665,588.1318708333332,568.390625,618.1915541666666,652.9087625,653.8376041666667,725.4375541666667,745.3226666666667,789.8309375000001,818.2325333333332,863.7778791666667,844.8608333333334,929.4832208333332,869.0984833333332,714.3622916666666,744.0617791666667,811.1037041666666,845.2041666666667,844.7325833333332,840.3386125,852.0632291666667,873.5251291666667,905.2868833333333,894.7379166666665,848.8871583333333,865.7255375000001,918.9041666666667,911.4895875,896.9180708333333,879.4808333333333,860.8947708333333,852.1916833333332,872.4058333333332,870.627825,871.2482749999999,892.8429166666666,882.0911541666665,807.1571,694.04625,627.4194249999999,676.6907333333334,713.8741666666666,705.8982583333334,712.5093208333332,701.12375,670.5942416666667,645.8453,677.7133333333334,720.1679041666666,641.5526541666667,490.73999999999995
476.0338208333334,518.5950333333333,527.3904166666666,496.4811041666667,486.0696,494.4670833333333,509.4536125,459.9663875,472.33791666666673,454.61092499999995,470.2578499999999,495.8033333333333,477.7303833333333,460.6860958333332,468.2008333333333,466.7614708333333,465.8709791666666,468.14,461.6012875000001,465.36691249999996,460.91041666666666,478.6800958333333,463.042275,433.2745833333333,422.74619583333333,434.90835,447.0670833333333,424.6645791666666,455.5499166666666,480.22833333333335,442.49087916666673,381.58495,372.3490625,367.20860000000005,325.28415416666667,288.004375,250.8450916666667,239.29533749999985,204.1673958333334,133.0663041666666,118.46565416666664,135.34770833333343,93.63383750000006,38.8177541666667,51.681250000000034,32.58896249999984,-10.792166666666503,-70.3267708333334,-74.97136249999994,-149.39542499999993,-201.69364583333333,-258.9227208333333,-233.48821250000003,-129.36489583333338,-122.5546833333334,-208.0703208333332,-274.1328125,-326.176825,-317.4982833333335,-311.2125000000002,-379.1755583333332,-395.59580833333337,-413.17343749999986,-429.2979250000001,-447.80677499999973,-476.6817708333333,-545.7507666666666,-492.5039916666667,-454.19750000000005,-526.2022125000001,-471.5501,-404.8570833333332,-456.12873749999994,-512.8259041666668,-463.1179166666666,-346.9044666666665,-300.0062416666667,-317.7441666666666,-325.06731666666644,-293.20654583333345,-252.85364583333353,-208.85923749999995,-295.28222500000015,-286.99395833333335,-257.46589583333326,-238.1916791666667,-201.55989583333343,-187.35947499999997,-142.66481249999993,-58.42531249999985,-18.723145833333433,1.4180291666666562,7.174687500000232,103.93506249999996,182.69084583333324,149.0021875000001,243.80555416666664,275.7664125,295.11593750000003,322.99827500000004,299.16045416666645,253.2580208333332,263.48345833333326,275.4533666666666,304.5213541666666,365.73581666666666,403.4602458333333,403.45781249999993,447.56988333333317,472.9277333333333,528.8441666666665,584.0436791666666,589.1282625,582.7020833333333,590.0721958333334,623.88985,618.1241666666665,586.3045625,580.7281749999999,623.7891666666667,599.6973999999999,617.2143833333332,624.9208333333332,612.8537958333333,606.1600208333332,616.3612499999999,605.2554166666666,612.0025291666667,625.68375,612.5174416666667,591.1749291666667,510.08875,491.23333749999995,514.7170458333333,513.8220833333334,528.1647791666667,561.3868749999999,557.7895833333332,537.9658333333333,524.557,484.1925000000001,499.5888583333333,501.672925,483.9579166666666
513.1691208333334,524.5560083333334,503.25249999999994,501.5966,511.7207875,506.1258333333333,511.72292500000003,460.5987458333333,478.68916666666667,472.3562208333333,475.4939624999999,480.08000000000004,477.5998125,470.2021041666666,475.6133333333333,491.5396208333333,474.1384749999999,439.84541666666667,447.8554083333334,464.67469583333326,449.3120833333333,466.56505000000004,473.0378333333333,468.4020833333333,453.1199583333333,446.84174583333333,449.7708333333333,433.5931333333333,452.2159333333333,460.2012500000001,444.69050416666676,386.6275125,356.4035416666667,359.99612500000006,322.8788375,278.24885416666666,248.9853625,239.5809999999999,200.29395833333336,136.248825,100.61366666666663,86.4596875000002,67.3785875000001,48.03815416666674,65.02604166666669,15.564854166666521,-29.571508333333213,-68.6584375000001,-93.62337916666661,-177.75778749999995,-209.5616666666665,-251.73723333333328,-227.82765833333337,-141.27385416666675,-154.04022500000008,-215.93134999999978,-238.68645833333323,-296.450675,-289.10347083333346,-262.45635416666664,-330.3808124999998,-375.7465666666667,-435.0788541666665,-478.5228750000001,-501.775733333333,-517.7396875,-570.2305958333332,-512.1267041666667,-441.2042708333332,-411.988775,-351.34323750000004,-353.4473958333331,-371.4214875,-426.8732958333334,-455.49927083333324,-392.5132208333332,-330.66834166666683,-298.2066666666666,-294.94423749999976,-298.9516750000001,-311.58781250000015,-294.9749083333334,-362.6581958333335,-313.77979166666665,-269.1138333333332,-243.94405833333326,-188.79718750000006,-147.38078749999994,-127.12909166666668,-100.9580208333332,-73.39721666666674,-60.994474999999966,-76.93322916666648,13.72042499999992,104.82658749999985,86.04645833333359,176.13577083333325,183.58609166666668,189.91208333333333,247.24953333333337,226.42051249999986,166.82145833333323,220.11722083333336,248.98084999999992,245.0667708333333,289.93939583333326,355.33995,397.1711458333333,443.96448749999985,469.14025,534.6820833333333,586.0767874999999,591.9179,591.2625,591.0859250000001,623.0120541666668,626.0587499999999,597.1603124999999,580.6765916666665,621.9608333333333,629.9631499999999,636.6649625,608.0191666666666,625.2325583333334,625.5338583333332,602.5591666666667,594.2733625000001,627.5619083333333,652.0616666666666,611.3775166666667,580.6282875,507.25124999999997,462.8658,485.42570416666655,517.5433333333333,546.1081375,578.8744458333332,565.8999999999999,528.3705583333333,520.3141041666667,498.1308333333334,515.3544833333333,589.018375,674.7075
705.5934333333335,709.1757041666666,700.4908333333333,670.8794833333334,666.5795958333333,670.7254166666665,667.3062500000001,622.8871208333333,657.4100000000001,635.2925166666666,643.3229541666665,662.42,624.9832083333333,628.6804416666665,676.1637499999999,654.756125,623.8533375,621.5516666666666,622.0846166666668,625.0822916666666,609.1116666666667,619.2319041666666,613.8284041666666,608.2191666666666,615.1970749999999,622.6987458333333,615.3479166666666,579.8414124999999,597.0351416666666,616.3716666666667,598.2041791666668,547.4234666666666,520.2598958333333,497.74370416666665,532.9915833333332,624.3329166666666,618.3590333333333,580.2408374999999,531.5057291666667,482.32137499999993,432.4198416666666,375.11968750000005,333.48518333333345,289.0493666666667,269.7790625,214.48214999999982,294.1139791666668,429.4974999999999,426.9098083333334,305.85089583333325,271.37125000000015,256.99758749999995,251.70102083333325,268.0701041666666,245.44433749999993,184.82862500000016,151.9389583333333,100.9733916666666,103.74857499999973,123.87270833333321,89.94935833333346,84.68980833333325,47.16812500000026,17.12804166666649,24.54498750000016,38.139791666666696,-29.142200000000003,14.776362499999948,70.76156249999994,40.82050416666664,58.27602499999989,37.324479166667004,-17.7097458333333,-64.3633625,-27.90864583333328,92.22385833333348,166.6923166666665,173.21541666666684,148.690229166667,135.79315416666654,150.1288541666665,224.394925,154.50618333333318,156.26208333333338,209.19746250000009,235.33130416666665,243.81583333333327,224.75208749999996,238.74152916666662,293.0679166666669,308.3706333333333,349.76828333333333,386.8019791666668,451.50824583333326,542.3691208333332,560.0383333333334,633.6190041666666,660.6978624999999,702.9497916666667,712.3119125000001,746.0088624999999,809.3984374999998,825.7569166666666,819.5642416666665,872.2713541666666,961.4868333333332,883.5719333333333,685.9789583333334,677.0084333333332,735.2587791666666,823.9208333333332,884.0251583333333,886.0593958333334,874.8705208333333,866.1697333333334,898.7679875000001,909.1987499999999,886.2189125,877.5078124999999,919.5799999999999,910.3615791666666,919.5043374999999,895.2737499999998,871.2712208333332,882.1127208333332,916.6420833333333,905.4684708333334,913.6614791666667,946.6545833333333,949.499675,871.0173833333333,692.7841666666666,649.58355,694.0981958333332,711.9829166666666,719.4540625,729.7828416666665,718.5941666666665,729.7296333333333,725.8058583333333,671.68875,703.1307041666666,708.6837041666666,664.2287499999999
680.4330083333334,702.9518583333332,715.0891666666665,682.6115583333333,694.1015041666666,699.8058333333332,694.2989791666666,680.3339916666667,679.5137499999998,654.1668958333332,644.5965916666667,637.4620833333333,678.1609541666667,654.1928583333333,633.4954166666668,647.7787374999999,649.5036375000001,633.9441666666667,619.71885,615.2542958333332,613.8120833333332,620.4520833333333,614.6864958333333,583.935,597.5207499999999,612.3657000000001,610.8274999999999,610.6855624999998,620.4262249999999,611.5115625000001,611.2773416666668,574.3009166666667,537.6957291666666,500.8186083333334,533.4615291666667,634.3185416666668,639.0279458333332,598.9491999999998,555.3146875,525.0360708333333,457.1152749999999,400.5883333333335,377.2505708333334,372.01795000000004,343.2428125,275.67701249999993,378.2082875000001,489.89197916666666,451.3975458333332,394.46597499999984,360.92062499999986,334.0211541666667,307.7291083333332,293.4873958333332,235.31721250000018,160.32778749999997,91.51385416666668,111.57117083333327,122.42692916666664,53.354791666666586,27.138554166666637,2.2427375000000893,-18.5977083333334,-60.91545416666651,-85.09632499999998,-66.041875,-90.43469583333325,-37.733558333333406,18.478229166666665,71.23197916666675,84.21055833333327,16.886041666666642,-1.8161375000000817,-46.85158333333365,-32.626562499999864,-25.516599999999897,18.11401250000003,136.5747916666665,189.2405833333337,155.71616249999997,166.9547916666665,243.05394166666662,179.2542624999999,185.31572916666664,170.24253750000005,211.76893749999996,270.44968749999975,273.75207083333333,322.2698333333334,388.7111458333333,428.1751041666666,452.9363625,480.24770833333326,563.2252333333331,602.5895666666665,583.6558333333335,664.6838791666667,722.7763,779.5492708333334,798.8046291666666,789.1617833333331,802.6761458333335,845.8419999999999,860.3563958333333,878.3835416666665,960.3891874999998,897.9676333333332,685.6478125000001,721.0085791666666,772.3348791666666,829.2453125,874.7019666666666,881.7443541666667,885.2222916666665,874.4904333333334,911.2220874999999,939.1416666666667,865.7582999999998,853.1741999999998,922.445,912.1196874999998,885.7312791666666,894.655,899.0542458333332,908.0246249999998,892.5883333333333,924.2618666666666,917.4821833333333,912.3475,909.9877458333333,835.89005,686.9016666666666,649.2040541666665,665.5087749999999,680.7370833333334,706.9332916666666,739.7378624999999,726.2654166666667,707.9518333333333,702.1509291666667,667.7166666666667,698.0694083333333,707.2852625,673.5537499999998
687.1220333333333,711.4156916666666,697.2866666666666,668.1706416666666,647.6686708333333,669.0258333333334,668.9946416666667,631.8448458333332,673.18625,639.0583749999998,642.7765208333333,646.90125,633.1466125,624.9423583333333,676.6454166666666,652.4865083333333,636.4681541666666,661.2525,625.1427166666666,615.8215458333333,632.3233333333333,629.0944583333334,624.1203875,612.77875,588.6057958333333,597.8887041666666,591.2620833333333,591.4730208333332,602.34735,653.0322916666665,591.6414041666666,562.6963625,536.2670833333334,479.6327291666667,505.98849999999993,610.6323958333335,625.4957833333333,554.2326874999999,509.37104166666666,468.6203,389.67796249999986,356.3967708333333,316.5030124999999,303.70013333333344,239.8372916666666,195.42500416666658,307.25274166666657,480.3625,403.50079999999986,333.21339999999987,345.0818749999999,326.1134291666667,284.24702916666644,261.48906250000005,244.91382083333343,199.93933750000002,147.06583333333342,135.16851249999985,128.4452666666665,31.005833333333243,23.641083333333427,-44.46392083333353,-28.184166666666727,-83.17258749999999,-95.89592083333338,-56.241874999999936,-76.63907083333322,-20.04237500000005,42.89510416666673,48.087854166666375,10.48856249999983,-54.973645833333194,-157.6129416666666,-175.1448458333333,-107.0283333333335,-96.26139583333347,-86.89177916666645,77.09854166666668,77.41037500000013,131.72065833333318,269.9085416666666,311.26170833333344,208.95434999999992,189.89895833333324,215.54342083333353,245.6602208333333,255.5414583333332,255.8996083333333,271.4469625000001,243.86479166666666,308.2992583333332,357.453775,419.25302083333327,502.0468666666666,529.2451166666667,510.8302083333334,616.2841333333333,685.0882208333333,713.7972916666665,720.3086625000001,725.3228999999998,741.2642708333334,795.5522625000001,815.7903875,830.734375,958.3091083333331,888.4767458333332,675.77625,714.6091208333332,804.1376708333333,826.7714583333334,862.7810375,868.4064041666667,871.0414583333334,872.8189875,895.5515208333334,924.4416666666667,911.1738916666666,906.6292874999999,910.3145833333333,878.2789333333333,879.8012083333332,926.2241666666665,908.9697791666665,897.7044791666665,901.92125,901.5767791666665,915.0210249999999,907.89875,928.113975,855.3546833333335,727.2870833333333,683.3121291666666,686.1450291666666,713.0995833333334,710.08575,711.5338916666665,712.9366666666666,731.8458916666667,735.7774791666666,690.0483333333333,693.9587083333332,698.8408791666667,688.0291666666666
668.8182999999999,692.7484208333333,695.61625,687.6122124999999,641.2937458333333,659.8458333333334,688.7233833333333,710.3026125000001,699.8766666666668,632.5459208333332,648.4238166666667,671.0854166666667,691.9280291666666,638.4822916666667,616.3808333333333,617.8267249999999,627.0286083333333,644.2737500000001,612.4416291666666,606.2257625,616.2579166666667,623.3614083333333,616.7607041666668,588.4625000000001,575.5677500000002,591.0397874999999,623.015,610.2457541666665,615.739125,653.7630208333333,587.729975,566.4316041666666,555.204375,476.2985125,501.9297583333332,600.0116666666668,616.7655625,562.0815624999999,545.3427083333332,517.7934833333333,462.7233708333332,431.43645833333323,359.4935958333333,336.4037750000001,301.5318749999999,243.95834166666657,312.9418208333334,455.41572916666667,389.8937874999999,309.1421916666665,286.51645833333305,275.2485833333333,268.3189041666665,263.9569791666667,257.3765750000001,210.4277666666667,164.00458333333307,171.18439166666653,171.8005916666667,136.61260416666667,78.5723124999999,-10.605437500000079,23.526041666666657,-60.61733749999979,-96.00791249999986,-96.8540625,-56.68112499999995,16.49940833333335,48.97604166666673,72.73709583333329,75.30850833333312,47.86781249999996,-38.091574999999835,-70.09774166666674,-65.65395833333349,-66.42578333333347,-15.197904166666689,118.25791666666652,64.97280833333346,103.99406249999996,241.06666666666658,245.4421083333334,168.63579999999993,166.2434374999999,150.91944166666684,161.92860416666662,218.36802083333325,218.36482083333334,228.5674541666669,244.91104166666653,315.8826791666666,349.8311541666667,404.2252083333333,522.6256958333332,513.9948166666668,422.28093750000005,564.9743749999999,671.3837666666666,688.9472916666666,705.6769249999998,733.0850250000001,788.1934375,850.9364833333334,889.5125791666667,881.2802083333335,997.1306333333332,896.1646874999999,662.8955208333334,708.6534541666665,761.4518375,747.9509375,803.8218833333333,857.7344708333333,870.0322916666667,877.5678458333332,867.9674791666666,898.1341666666667,887.8599458333332,875.5135916666666,899.7824999999999,893.2603208333333,875.7827541666666,880.2141666666665,895.5003999999999,909.1358708333332,889.3495833333334,895.5984041666666,927.0289249999998,916.6154166666665,929.2270874999999,829.9897000000001,686.6687499999999,660.8437624999999,682.2485916666666,709.9120833333334,728.9307458333333,725.0916791666666,687.8487499999999,722.758375,739.2131999999999,684.9833333333333,669.2469916666666,674.7375999999999,681.6295833333332
678.3978,655.3567083333332,661.8033333333333,691.7182875,687.9217583333333,641.7708333333333,646.7112416666666,645.1160291666667,650.9566666666666,646.7058458333333,629.6723958333333,616.4975,641.3154666666666,633.7228541666666,636.5595833333334,636.9073416666666,649.7557666666665,689.4287499999999,654.4926333333333,646.3697041666667,638.8183333333333,604.6820500000001,601.9921416666666,610.425,583.8497833333333,585.2648708333332,614.5783333333333,593.3169,593.5098041666668,635.8926041666666,590.6120041666666,561.7250208333334,531.3548958333333,473.9216124999999,516.3749541666666,626.9787499999999,596.9779916666666,567.0152999999998,531.9645833333333,488.04673749999995,420.12194999999986,398.8536458333333,332.35709583333323,310.98181666666676,280.0426041666665,209.78130416666662,293.45984999999996,481.4990624999999,457.862875,414.1387875,402.0938541666668,360.0850291666667,318.57581666666687,315.7121874999999,255.79049583333318,195.32239583333336,160.90947916666642,123.33423333333349,77.14393749999999,35.200000000000045,-10.018549999999948,-94.38690416666674,-63.58083333333343,-135.93103749999977,-137.58007916666662,-95.53885416666662,-100.71871666666658,-29.20805833333344,44.38968749999998,92.04555833333319,53.20104166666664,16.291979166666522,-103.4376791666665,-168.96088333333321,-196.9576041666667,-198.95550416666688,-150.61843749999986,-62.195208333333426,-58.265029166666665,-2.4525750000001096,39.64645833333344,-10.646300000000167,61.600816666666674,162.10895833333325,167.87271249999998,192.64283749999987,320.50958333333324,347.8641416666668,320.56571249999985,336.46166666666653,376.65306666666663,373.0823375,413.4188541666666,430.6903708333333,476.5579124999998,464.92635416666656,543.6300833333332,569.4108999999997,601.1067708333335,651.4967291666666,683.3957791666667,702.0815625,759.1544833333334,803.3177041666668,881.6473958333331,985.0523291666664,851.4755166666666,629.108125,724.9981291666666,817.8808708333333,793.4303124999999,809.7345541666666,826.6796291666665,849.3254166666665,891.4964833333335,918.8496291666667,924.7275,863.1103374999999,848.9034583333332,906.0166666666665,897.8366541666666,850.5689249999999,875.4045833333332,869.6932333333332,918.3427041666664,919.3399999999999,883.4429541666666,865.014375,860.9491666666667,913.4499458333332,811.6762208333334,667.2266666666665,641.2992583333332,662.10935,667.3358333333333,676.6542458333333,683.2446541666666,692.4170833333333,671.8348916666666,678.0613625,661.3933333333334,689.4962833333333,621.0940624999998,516.0349999999999
486.84588333333335,477.67620416666654,493.25583333333327,505.12227916666666,506.15457499999997,477.4558333333333,510.64800416666674,479.92983333333336,463.6383333333333,501.5433083333333,500.43894166666666,458.9495833333333,463.52928749999995,445.8479041666666,424.0195833333333,445.0690291666666,473.5738958333332,495.1883333333334,464.76099166666665,460.9724583333334,469.35,472.0007250000001,445.5469458333334,438.9466666666667,449.72463333333326,454.979325,448.73875,427.1097500000001,433.7997916666667,454.24593749999985,397.78303333333326,370.906975,372.571875,343.44286666666665,295.3101874999999,269.2217708333333,220.06296250000008,193.81888749999985,168.87739583333337,139.2542249999999,138.0688416666668,145.26489583333324,74.97695416666659,-1.2592041666665637,-24.45468750000009,-40.35900416666669,-90.44572916666675,-141.86197916666663,-167.4991083333333,-162.96114166666666,-187.14937499999985,-244.87224166666647,-203.3623583333333,-107.9354166666667,-161.74795416666655,-213.09207500000002,-230.51427083333357,-272.0723958333335,-311.8455458333333,-394.9775000000001,-448.64903749999996,-512.9573958333335,-451.2960416666666,-511.8179124999998,-552.2433583333332,-499.6968749999999,-499.0349875,-592.0585791666667,-601.8251041666667,-709.5599916666669,-688.5356999999999,-502.9994791666667,-476.33503333333323,-540.3928833333332,-543.6153125,-513.2293249999998,-489.97018749999984,-464.22239583333334,-439.8767416666665,-381.6639291666668,-275.78375000000005,-377.37889166666685,-372.3890416666668,-266.8727083333334,-247.29179583333348,-240.56157916666677,-120.78406249999995,-88.98712916666659,-118.64388333333346,-154.27239583333346,-95.62547499999982,-45.55190833333347,-37.522083333333285,19.869325000000117,15.56567500000017,9.946041666666588,74.18083333333328,132.96790416666659,175.68229166666663,254.2237416666665,261.78678333333335,214.49437499999993,217.35018750000006,304.579875,377.95749999999987,364.3447166666667,348.54235416666677,379.5029166666665,440.0210416666667,495.78290416666664,471.7511458333332,518.9534333333334,561.8290208333333,582.6271875,587.1025666666667,615.4543625,630.4641666666668,593.5414749999999,569.454525,609.8074999999999,600.6265541666666,585.2845125,613.3033333333333,623.2733958333333,626.2595583333334,619.4570833333335,612.9258833333331,599.1499375,583.3083333333334,633.1122041666666,577.82275,516.7579166666667,521.6538958333333,526.0993208333334,505.02666666666664,517.7042375,536.9927458333333,530.9779166666666,517.1506291666667,499.6415583333333,506.05625,513.2177083333333,504.2953791666667,498.9449999999999
513.9491416666667,498.0789999999999,499.8679166666666,513.5170708333334,527.8594208333334,500.8170833333333,506.26067500000005,469.9464833333334,473.67999999999995,510.3434958333333,500.09887916666673,458.4295833333333,472.31541666666664,458.6803791666666,437.47124999999994,467.0082041666666,482.3061999999999,482.1529166666667,466.9053625,479.1818583333334,480.76666666666665,468.03543750000006,448.91322083333336,465.94708333333335,479.28207083333325,471.229325,453.00374999999997,430.9029250000001,429.06551666666667,443.38729166666656,409.8140416666666,380.8418291666667,360.94916666666666,349.1975208333333,309.55289999999997,272.68125,232.3469166666667,212.1901499999999,180.55625000000003,142.39938333333333,114.5589208333335,102.31874999999991,66.68272916666655,19.69973333333337,-10.008125000000035,-43.64656666666667,-104.27176250000002,-160.72927083333332,-198.22629583333332,-195.87121249999996,-201.9429166666663,-233.11561666666648,-202.3298458333332,-140.30281250000007,-188.03083749999996,-215.3198708333333,-221.09125000000017,-270.3551750000001,-303.4420291666666,-361.3527083333332,-404.71204583333326,-496.9884458333335,-479.6917708333333,-554.4109708333332,-600.7861208333331,-539.9777083333333,-495.6550041666667,-602.0624499999999,-636.2928124999999,-647.4002208333335,-590.9020041666666,-465.7909374999999,-449.6742958333333,-516.2593291666666,-558.6980208333333,-588.4478416666666,-577.1344708333334,-486.3430208333333,-373.30012083333315,-361.1881208333334,-372.5907291666666,-439.83269166666685,-374.0675458333335,-254.9836458333333,-218.76181250000008,-210.03659583333342,-102.44416666666655,-72.72277083333324,-120.23952083333359,-194.83447916666677,-168.9396749999999,-123.0578791666668,-103.12104166666677,-48.33351666666658,-42.06293333333315,-24.317083333333244,39.9384583333333,69.44369999999992,80.96041666666662,159.63486666666654,157.54809999999998,110.70687499999997,179.31195000000002,281.21112916666664,308.95124999999985,299.3717250000001,320.55556250000006,375.32104166666664,423.2979666666667,480.54580833333335,479.86541666666653,533.1930916666666,580.6657791666665,611.8578124999999,615.9425333333334,614.0340375000001,604.2908333333335,600.2004791666666,573.4594999999999,584.2366666666666,615.1929958333333,610.8266083333334,613.6208333333334,650.0718375,636.3589208333333,572.4383333333334,576.7752708333333,595.0093625,586.0804166666667,621.0619333333333,564.9929333333333,516.2208333333333,514.9502875000001,517.4500083333334,509.1945833333333,535.082375,558.7245249999999,541.7425,504.09847499999995,481.3843875,497.08333333333337,506.74976666666663,569.1990541666667,673.1091666666665
715.3307416666667,691.7344958333332,685.5799999999999,680.8410125,696.567425,685.2533333333332,683.4481125000001,636.4254791666667,636.2199999999999,668.5968916666666,671.1963958333333,636.7504166666666,616.017975,616.3195416666666,641.9441666666667,645.5880208333333,644.8681874999999,660.7083333333334,630.1539375,625.402275,628.4320833333334,620.2403958333334,588.1343,594.7504166666666,638.0313749999999,645.0003875,608.0820833333333,570.0367166666667,570.8710541666667,594.5586458333332,555.519875,536.8676375,522.6583333333332,475.09631666666655,501.9754583333332,598.9154166666666,570.39865,528.7127624999999,508.9220833333334,484.0507416666666,423.28858333333335,357.69416666666655,318.3333166666666,262.09223333333335,196.62218749999997,161.7990166666666,248.42444999999998,384.5155208333333,347.7068375,297.5751041666666,286.42531250000025,258.04231250000015,241.69905416666677,234.9786458333333,181.6063125000001,168.03575416666666,176.07427083333303,158.56420416666649,115.31282083333326,17.46187500000002,-15.23841666666658,-61.588554166666825,-11.817916666666633,-94.80252499999983,-104.20789583333328,10.686666666666696,20.24555833333318,-66.97439583333335,-45.56333333333336,-129.0461625000002,-136.22249166666677,-14.115833333333171,-20.021537499999937,-86.5255874999998,-92.63239583333333,-84.61386666666658,-30.837254166666526,76.70572916666674,142.35297500000019,142.45274166666658,169.64791666666665,103.75974583333323,113.78161666666654,191.6210416666666,288.55933333333314,324.8194041666666,382.63312500000006,374.5405666666667,331.9384791666664,267.33,256.1592416666668,310.5175333333332,375.04635416666656,406.96214166666664,393.56076250000024,414.1051041666666,457.51448749999986,514.9034916666666,572.3029166666666,618.1554083333332,667.8621291666667,731.5451041666665,774.4659333333334,858.7715,943.5716666666665,956.5593500000001,826.0632125000001,655.2236458333332,657.8446083333333,741.1312041666666,754.0571874999998,828.8994708333333,871.2426458333332,875.3089583333333,878.0852625000001,904.0834625,917.4508333333334,897.2811708333331,873.2631041666666,899.9637499999999,899.9309499999999,882.7800041666667,890.2325,889.8827041666666,892.9630791666666,896.8104166666667,911.7407291666665,902.4396916666666,888.2958333333333,964.5542791666666,852.6104375,685.2595833333334,685.9282708333334,713.5334708333334,694.3679166666666,711.376025,714.6406958333332,693.7320833333333,713.0847958333333,702.9020875,688.6474999999999,715.8866624999999,712.6682166666667,685.56
685.6039583333334,676.3166874999998,682.0141666666666,696.8903083333332,688.3263125,670.4483333333333,681.1084666666666,651.0755375,646.0304166666666,672.4366,672.1798291666667,610.665,623.2532666666666,632.5670375,622.6633333333333,619.0442666666665,638.7501083333332,649.6579166666666,636.4737166666666,640.1316625,640.5225,619.6752333333334,599.5776041666666,636.3458333333332,628.6629958333333,636.870875,642.1362499999999,613.8111041666666,598.1532291666666,603.4402083333334,560.2379291666666,557.5935291666666,532.9847916666668,480.27324583333325,525.8234291666666,666.7996875,640.3465874999999,564.8244708333332,514.8141666666666,498.2870375000001,480.11694583333343,414.35333333333324,338.2635375,308.86287916666663,285.3615624999998,238.38849166666674,325.4395333333333,485.7366666666668,471.7747291666667,448.9031458333334,417.0746875,418.5516625,387.44966249999993,304.91979166666675,226.17757500000013,191.75963333333326,194.54083333333318,187.54187083333318,146.03977499999996,38.89125000000007,30.047833333333557,-76.65094583333348,-211.0170833333334,-223.70454999999993,-162.36698333333322,-180.56250000000006,-142.14329166666664,-204.59631249999995,-177.3842708333333,-214.2161750000002,-247.70430416666676,-164.9149999999999,-149.0534083333332,-174.22639999999993,-163.16416666666663,-60.61549583333348,25.178804166666538,54.404479166666704,104.9769375000003,109.3850499999997,113.53677083333321,99.30400416666646,139.7683499999999,193.41093750000022,225.82470833333318,221.35435416666658,222.40947916666673,236.87618749999976,278.58479583333326,278.7888541666664,348.39255833333345,424.40682499999986,436.9203124999999,457.11052916666677,439.27955833333357,458.0333333333333,568.5850958333332,638.0111124999997,704.8019791666668,755.3307583333334,742.781475,788.403125,827.7296833333334,869.9369416666667,888.3354166666664,964.7865333333333,855.7146833333334,712.0020833333333,706.4984999999999,796.9285916666666,816.3540625000002,846.6125541666665,858.5284333333332,873.3391666666666,857.5638249999998,893.3753416666666,896.2483333333333,861.1368541666666,856.8345333333333,918.3824999999999,910.2642666666667,903.9758625,910.8583333333333,897.6751958333332,886.4143625,889.8925,894.6550583333332,908.1286458333334,929.7354166666667,927.3218541666665,812.2882291666667,695.8720833333333,695.8718208333333,694.8938833333333,670.4133333333333,695.4938458333334,695.5889291666666,692.9295833333334,696.95705,684.4948374999999,667.2370833333334,691.7919124999999,699.3724,682.8662499999999
703.3597583333333,672.4206124999998,646.9204166666667,676.9739999999999,700.0326666666666,683.9949999999999,664.5883249999999,655.9566541666667,669.3958333333333,681.910875,688.5164833333333,666.1733333333333,644.6579291666666,621.1886,632.1904166666666,629.3553,643.0358749999998,650.9891666666666,636.0063541666666,619.5419583333332,632.3866666666667,614.2523958333333,591.1598541666667,613.6999999999999,598.4653041666666,585.6993791666666,609.6566666666665,614.2393791666665,608.1645833333332,614.3692708333333,595.5222624999999,576.2377833333333,533.115,485.0880374999999,519.3619708333333,654.7553125000001,625.2514291666666,571.8705,537.4276041666667,514.5477041666667,490.3837875000001,443.2714583333333,366.74148749999995,346.3283291666667,314.83770833333335,260.47069583333337,354.19474999999983,528.9836458333332,517.0907666666665,447.8860583333332,449.8705208333333,458.40899999999993,436.42789999999997,409.64822916666674,293.81765000000007,280.1624208333333,297.69781249999994,269.565683333333,255.99817499999995,275.3493749999998,244.29209999999983,207.2907166666666,170.33520833333353,120.7676458333332,129.05914583333328,51.267812499999906,28.336779166666616,-27.118370833333586,-54.994791666666714,-12.712783333333505,55.31558333333342,9.186458333333263,-30.643925000000223,-33.06085833333336,5.17635416666667,21.499283333333466,27.37157500000015,72.00385416666683,141.80378749999997,132.50403333333307,141.3215624999999,135.47932083333345,160.19016666666656,119.3902083333331,150.83422500000003,192.09677916666678,199.3792708333336,221.28587083333306,269.2041791666667,293.8080208333332,297.23338750000005,376.0702083333332,424.8014583333333,460.6709333333334,507.9930416666664,556.8201041666669,610.8372708333332,619.7305208333331,656.4332291666668,674.0758624999999,687.0068958333334,758.475625,814.3034375000001,849.2425083333333,874.8611458333332,941.1866666666666,846.3143875000001,694.1087500000001,702.4758625000001,792.9959291666667,785.5705208333334,814.756525,855.0605125,890.4769791666666,877.7131249999999,869.7115875,884.5216666666666,881.64835,869.1104083333332,819.3645833333334,867.0404583333333,898.2431624999999,918.6420833333334,908.4323083333333,882.9914833333333,896.0104166666666,916.9246499999999,922.5926750000001,916.7025,924.9695666666668,844.8659958333334,730.9979166666667,716.058475,689.2608208333334,671.1116666666667,707.587925,695.56265,695.7658333333333,720.508225,726.1414291666666,690.5866666666666,668.3598,679.7716833333333,704.7416666666666
698.5768166666667,679.9402708333332,689.8720833333333,688.2030791666666,684.1934708333333,668.0095833333332,672.2263916666666,675.5690458333333,675.9766666666666,681.5134833333333,670.0657125,656.8691666666666,669.3379833333332,640.0124958333333,613.9158333333332,649.4515166666666,640.6984875,630.6566666666666,619.0496958333333,612.5235375,617.6983333333333,602.4912416666666,606.1333583333333,612.9279166666665,615.8110208333334,633.6406291666666,642.9558333333333,624.4523541666665,612.1021541666667,626.2695833333333,587.629425,567.7513749999998,522.3794791666667,464.9736874999999,493.82986249999993,620.4986458333333,604.4233875,573.2851,549.0488541666666,548.7237958333333,525.7977166666666,459.67479166666664,385.87457500000005,359.8464333333334,358.0459375,298.33692916666666,332.9512291666666,448.02114583333326,454.7629458333333,401.7978416666665,384.72739583333316,388.6247874999999,382.7850666666667,366.47531250000014,245.5285458333335,237.35219166666667,194.91895833333317,204.05262500000006,224.87934583333347,285.6724999999999,229.37300416666645,120.36047083333344,97.88635416666673,133.51135833333322,119.83599166666681,-21.409270833333522,-6.868120833333364,-45.08575000000019,-115.96479166666671,-90.93864166666668,-9.138395833333277,-14.976249999999993,-29.88537083333341,-63.16454166666668,-91.33562499999991,-60.14746249999993,60.32769166666654,161.0985416666668,140.0094125000002,109.67770833333319,121.72468749999982,58.59798333333333,115.52999999999992,122.06958333333316,105.78930416666665,113.10690833333334,165.1245833333336,211.96886666666646,242.07739583333338,278.8405208333332,268.99167916666676,331.84574999999984,382.3252083333333,452.21827500000006,471.8220874999997,461.41958333333343,553.0659999999998,583.6795916666664,600.9190625000001,640.4513291666665,701.4825666666667,760.5715624999999,836.8328416666666,856.3996583333335,876.9435416666666,934.3334833333334,823.1703208333333,668.5290625000002,700.9067208333333,784.5994166666665,788.3267708333335,828.9201666666665,869.7579958333332,890.6951041666667,878.6171499999998,844.5418874999998,845.4124999999999,844.5806666666667,875.4551875,881.1633333333332,890.2814083333334,899.1496333333333,889.9716666666667,890.6571291666666,858.4205041666667,842.2279166666667,891.1287624999999,923.7315666666667,945.18125,952.6657166666665,870.6157083333334,725.1525,683.5811708333333,687.9842666666666,703.2333333333332,734.9508374999999,709.3543208333333,726.3275000000001,708.2639791666666,692.654,666.3249999999999,669.5654958333333,686.9802583333333,682.37625
717.4504791666666,684.0598,660.0804166666666,701.2875958333333,680.2677208333332,627.5416666666665,635.5561249999998,671.4716375,654.3370833333332,669.7307791666667,669.7297208333333,639.0704166666667,650.7662458333333,626.8368166666667,641.4770833333333,651.1274041666667,652.0524458333333,668.0854166666666,647.0488124999999,626.9653083333333,628.6220833333333,600.0363708333333,603.6300125,624.6699999999998,623.1698958333332,620.1332124999999,618.9304166666666,633.8683291666666,616.9866249999999,608.7354166666667,578.4763833333333,570.723125,550.6684375,476.0104875,531.0278333333333,651.1312499999999,641.8495458333333,577.9085458333333,527.4796875,501.7929958333333,476.8025583333333,452.5683333333333,370.6334625000001,359.5221166666666,360.47343750000005,238.69245833333346,296.22625,475.38291666666646,449.35849166666685,420.5357791666667,404.7845833333332,406.91241666666656,393.6816416666667,402.87041666666676,268.9331750000001,194.09417916666672,150.18312500000022,119.15926249999998,140.7823958333334,109.7397916666668,62.60148750000013,-21.160941666666417,-47.31270833333332,-99.46808333333342,-138.01204583333322,-145.34531249999992,-118.69819999999999,-214.776775,-206.4180208333334,-151.0038208333334,-175.8110541666668,-138.05114583333335,-138.20989166666652,-162.47269166666644,-206.77062499999977,-195.9351291666667,-134.74441250000018,-92.46343750000011,-25.93408750000023,-32.92987083333347,-102.64114583333316,-49.30239166666658,-25.12269166666664,30.755729166666896,55.52472916666679,37.16358333333329,20.261041666666785,96.78481666666644,197.56037500000002,252.08052083333337,296.2395083333335,360.3513874999999,389.71489583333323,439.63577916666657,448.2122166666668,468.58083333333326,524.6891833333334,592.1938708333334,584.975,659.8524541666668,710.5421291666667,763.3643749999999,809.4459208333333,818.3187666666666,798.1867708333332,909.9015583333334,823.5009291666667,630.8134375000001,692.7014583333333,813.0764958333333,840.0317708333334,815.0195166666666,827.3182124999998,880.6439583333333,925.47695,902.1300458333332,895.2308333333333,892.4227208333334,887.9085,876.7808333333332,893.05435,871.0126458333333,865.9329166666666,879.7145375,880.9919333333333,864.6374999999999,874.7718666666665,895.0102875,913.0891666666666,939.7296624999999,849.1232291666668,707.0425,659.2387791666667,688.0008666666668,737.4987499999999,694.1771166666666,663.452675,731.4983333333332,686.0414541666665,643.952225,636.6441666666667,685.9273333333333,641.5195541666666,558.9658333333332
547.7849791666665,524.9154416666665,520.1524999999999,521.3126291666667,501.0940583333333,516.9470833333334,476.6393916666666,498.9156791666667,509.13875,502.9422166666667,512.1775083333333,564.8604166666667,499.96410000000003,477.695675,492.96625000000006,506.4164041666666,475.21603333333337,506.7216666666667,481.40653749999996,444.0474125,441.81541666666664,446.3686624999999,471.1474291666667,485.7987499999999,471.3232458333333,480.3180916666667,483.00749999999994,505.73614166666664,495.45088333333325,455.2982291666667,413.56306666666666,390.66411666666664,395.266875,363.9642625000001,329.60946666666666,302.794375,263.44799583333315,195.23325000000006,161.3128125,115.18542500000012,140.0751916666665,143.62427083333324,118.7041583333334,70.12016249999988,85.30010416666667,36.95473333333345,-47.63856666666675,-72.19114583333328,-95.93934999999976,-130.78541666666672,-182.70927083333345,-297.8925541666666,-259.8508916666667,-120.73385416666667,-182.90701249999972,-230.08523749999983,-233.83624999999984,-271.4343291666667,-267.2938958333333,-312.79645833333325,-338.33809166666646,-417.6021583333332,-441.22958333333327,-466.89768333333336,-543.0412958333332,-605.2383333333332,-556.0240249999999,-589.8691416666668,-559.5223958333336,-594.092891666667,-480.0366624999999,-403.1142708333334,-459.15415833333327,-527.5554374999999,-530.4507291666666,-551.4669708333333,-550.1132166666667,-573.05,-568.9785,-462.4954833333333,-368.86833333333345,-423.7215458333332,-449.7431208333333,-413.00937499999975,-393.81197083333336,-385.04134166666665,-344.67708333333303,-341.01598333333357,-269.9346416666666,-159.9290625000001,-56.373895833333336,-61.4461083333332,-6.03000000000003,59.16405833333323,60.221904166666604,50.80281249999996,155.01913333333334,226.50286666666676,238.78104166666662,280.21719583333345,271.8208416666667,253.5779166666665,250.69603749999987,283.309925,320.3487500000001,367.64864166666655,362.8299541666667,383.3265625,466.38362083333334,512.3765833333334,564.2208333333334,563.7507666666667,569.6673416666666,639.650625,616.669825,603.3196541666665,650.0566666666667,634.7251291666666,615.0899291666667,637.7812499999999,618.0771041666667,593.8681291666666,610.1033333333332,635.8327041666666,642.6548,642.23125,608.4208333333333,615.4212375000001,636.4920833333333,659.6071791666667,623.4023041666665,540.1958333333334,512.5364541666665,550.4862833333334,554.7116666666666,534.1058416666667,557.7512458333333,579.10625,525.0341874999999,547.7669958333332,511.45791666666673,505.7145375,555.0019291666666,532.6941666666665
544.2495166666665,528.63635,544.2775,531.2356625,515.6682875,552.6420833333334,496.1303333333332,493.99138750000003,507.42791666666665,504.85835000000003,514.5236291666668,569.4566666666666,512.989525,494.04628333333335,505.17708333333337,513.3314499999999,466.3664708333333,485.07375,477.1407833333333,463.24257500000004,470.29541666666665,469.64024583333327,486.10443333333336,499.6866666666666,491.56558333333334,490.622875,475.6787499999999,505.0266958333333,499.7239999999999,455.12260416666675,415.6892875,389.2357333333333,388.48177083333337,369.35230000000007,347.8425458333333,323.4155208333334,278.9412624999998,197.6722708333334,153.9201041666667,112.13852916666679,118.41262083333328,97.76708333333335,99.85828333333342,79.69699999999989,105.40562500000001,72.77917916666681,-27.148250000000075,-91.08697916666665,-126.66409583333314,-150.27582500000005,-179.9602083333334,-271.55161250000003,-235.15628333333336,-111.33375000000001,-166.99985833333307,-222.60844166666652,-251.62749999999977,-291.6406416666667,-274.2154791666667,-305.5494791666665,-326.6712541666665,-422.81541249999987,-476.31322916666653,-516.7740041666668,-567.8589291666665,-581.5036458333333,-513.1801958333333,-592.2096333333336,-608.9271875000001,-596.263116666667,-471.5348791666666,-447.5101041666667,-516.5229041666665,-578.3949958333333,-594.9672916666666,-658.5572958333336,-668.6274666666668,-627.8470833333332,-515.8540958333333,-443.16725416666657,-468.1632291666667,-481.68297499999983,-429.1968375000001,-366.1504166666664,-343.8640541666667,-364.28920833333336,-355.694895833333,-335.42564583333353,-259.46836250000007,-182.56833333333338,-111.85676250000012,-105.16316249999983,-20.438645833333453,26.320416666666574,28.056391666666627,47.920208333333335,148.43030833333336,201.0594625000001,195.25718749999987,215.52812500000016,191.34662500000002,182.07406249999997,222.75656249999986,277.4535166666667,300.4936458333335,334.69615,328.5488375,356.2791666666668,446.24405,495.2948458333334,554.7609375,576.1627666666667,592.368725,659.8446875,639.7351708333333,599.4131749999999,616.7704166666667,632.5252166666667,609.1511958333333,601.8549999999999,626.5777333333333,619.3143458333333,610.5504166666667,653.746825,646.9968791666666,606.15875,590.2438041666667,610.8951333333334,616.3716666666667,637.8981041666666,625.9995833333331,568.30125,531.5563583333333,556.1208333333333,563.8529166666666,557.4190833333333,593.2106083333332,598.9841666666667,490.4247374999999,508.07414166666655,508.30250000000007,498.5698625,601.5097791666667,684.9262499999999
732.9601958333333,700.6483916666666,693.5195833333332,680.8859666666667,667.6584875,699.9766666666667,643.779425,643.1149875,655.8958333333334,654.3001375,677.8664791666666,733.8,634.8211791666666,629.647825,700.54,703.4206708333332,641.3140291666667,657.9229166666667,625.7632375,597.7625041666666,610.8979166666666,610.9258499999999,615.2120458333334,628.5558333333332,660.4396083333334,675.9341291666667,635.5062499999999,640.9555791666666,629.0833124999999,594.7053125,570.9886916666667,552.4543791666666,536.0790625,487.4780208333334,533.3315541666666,633.0426041666666,611.9105999999998,525.9942750000001,499.28249999999997,463.3684833333334,434.5047916666665,367.56520833333326,370.2037083333334,338.84674999999993,318.97614583333336,268.5718291666667,306.48453749999993,434.6456249999999,400.17818750000015,337.95902499999977,315.74072916666654,208.41922083333338,186.83557916666666,234.04875000000004,132.80098333333368,100.30456250000015,128.36354166666683,97.48753333333329,82.31764166666659,16.7870833333335,-1.9022374999996714,-72.82480416666655,-103.78989583333322,-138.71280416666667,-178.45089999999993,-178.61499999999995,-110.12282500000003,-128.03156666666695,-65.91333333333353,-85.49178333333361,-17.25012083333337,-9.691666666666578,-69.05922499999997,-109.71862499999992,-107.77406249999996,-160.8278083333334,-139.26513333333332,-81.40635416666657,-30.26619583333337,16.684545833333374,23.31552083333318,3.045987500000166,-11.13788333333332,-1.4130208333331495,74.84863333333328,98.22015416666667,81.75270833333366,64.60189583333303,153.80269999999993,260.10656250000005,289.0311666666666,271.11314166666676,377.80906249999987,431.9413374999997,419.25815,421.43239583333326,527.5053875,620.5929583333334,639.3523958333333,614.2653291666669,632.2279958333334,735.8718749999998,782.4405291666666,820.8917375,875.9125000000001,944.4142291666666,807.0308041666667,619.2455208333334,674.1994916666666,757.9464666666668,829.0369791666667,854.3031041666667,855.6232541666666,898.9148958333333,875.8690666666666,855.9405208333333,896.5350000000001,915.7525041666667,898.6133208333333,892.6841666666666,885.5026416666667,864.6395833333333,858.5841666666666,875.4817958333333,886.1322166666666,900.6629166666668,891.5915458333334,895.7008416666667,907.8091666666667,963.5891083333333,888.723408333333,705.3383333333334,648.7501749999999,700.4126666666666,723.7783333333332,718.0180583333333,721.2185833333333,716.345,689.3260749999998,710.2350083333332,663.99875,668.2798083333333,732.1973875,773.1545833333332
774.9749666666667,778.7022416666666,769.6804166666667,738.2949958333332,708.2860291666667,752.3466666666667,734.5210125000001,720.3976291666667,736.3366666666667,763.6739666666665,749.723575,696.9308333333332,735.5172333333334,761.2125125,708.6958333333334,685.0096916666666,682.5258,732.1899999999999,700.9170916666665,702.2591541666667,707.8287499999999,692.9565999999999,726.90535,771.1491666666666,734.4517000000001,708.6540625,700.9033333333332,702.6763583333334,702.3747749999999,680.4451041666666,647.2955833333333,615.3062333333334,593.3991666666667,566.4365375,616.7085208333333,698.181875,664.8399166666666,563.6418291666666,507.7852083333333,497.3017583333332,476.3612374999999,402.29489583333327,395.7778958333334,380.7618624999999,325.9293750000001,197.9002166666668,271.58402499999994,493.1044791666667,478.0056166666668,402.2905499999999,388.6427083333335,303.3261,273.85082500000004,272.90593749999994,200.45601249999984,109.07061666666672,61.03541666666683,55.94469583333341,26.474441666666564,87.58250000000012,134.91044583333334,56.95195833333315,-25.261145833333302,-51.35203749999991,-28.905187499999784,-92.63645833333334,-112.38160833333336,-161.38665416666703,-185.5054166666667,-102.10206666666681,-124.9284208333334,-166.43052083333328,-204.14962916666676,-190.86492916666663,-200.23791666666662,-155.56441666666674,-90.2118875000001,-102.54854166666672,-75.81814583333329,-21.282974999999908,33.564270833333524,-10.400708333333256,-0.6622541666666564,62.53458333333353,44.94415000000001,44.98448333333326,135.48802083333356,287.8589750000001,322.82151249999976,235.59812499999987,331.6146083333332,404.4313750000001,447.9192708333333,481.0980416666665,463.5519416666666,473.36552083333333,581.7627041666667,662.2887625000001,679.2816666666665,756.6224541666666,802.33805,799.3471875,868.0363458333333,921.6570791666666,958.1072916666666,979.8180958333332,867.1854874999999,753.7133333333334,738.5376333333334,798.3043458333333,847.705625,867.865025,922.8753208333333,947.7472916666665,959.3173833333333,949.0333458333333,976.0787499999999,936.1058499999999,969.8165333333333,961.6554166666666,974.5415708333334,982.8697875,1006.5320833333333,1006.2095999999999,983.7115041666666,954.3720833333333,971.0649791666666,969.3389208333334,965.6575,975.6166541666666,892.5202124999998,744.8816666666667,765.5606083333332,810.3728916666666,773.8458333333333,754.3102166666666,790.6651708333333,760.0641666666667,700.1737416666666,736.00575,777.91,788.2445833333334,747.9051874999999,818.6120833333332
822.7909750000001,808.9243875,818.2470833333333,768.7186624999999,785.9783625,784.3941666666666,791.7713166666666,776.6541124999999,783.1195833333334,812.17975,824.8265916666664,800.7920833333333,816.0265583333332,785.8345416666666,744.2279166666667,765.6994333333333,761.903475,735.7358333333333,763.3561333333332,760.2433833333332,747.4591666666668,728.8733791666666,739.5525958333334,768.905,740.1584041666667,722.9290374999998,732.3920833333333,747.4050291666665,756.7309833333334,768.9916666666667,720.3438499999999,653.9641750000001,617.3771875,587.9028333333332,619.1887416666666,687.4155208333334,655.9961708333333,570.2774708333334,507.1179166666666,464.7364500000001,426.04709166666663,380.22979166666664,342.6092375000002,350.19519583333323,303.8989583333334,173.32577916666688,281.6690583333332,509.4138541666666,437.6789749999998,399.66336666666666,395.32187500000015,327.23679583333336,300.5598874999998,298.05677083333336,225.46229583333331,156.08151666666677,147.28750000000016,80.62371666666658,103.90769999999992,97.05843750000005,45.991366666666465,7.510091666666739,-28.09947916666664,3.5409333333333564,-0.24946666666653527,-18.229583333333238,-53.20741666666666,-67.0346624999998,-35.141874999999885,-11.95102083333336,-63.786466666666655,-174.95322916666683,-162.24728333333354,-135.0051666666665,-135.2819791666668,-174.9466166666668,-129.9577333333335,-67.96895833333326,-3.6707916666667586,13.935525000000183,41.253750000000196,123.37163333333342,108.87489583333334,19.711249999999865,52.83912083333317,105.35682499999993,123.39937499999988,153.00688749999992,202.3579333333331,293.91135416666657,415.3784749999998,445.8972333333335,488.00177083333335,463.1165874999999,467.78395000000006,552.0184375,661.2881833333334,690.2602750000001,721.3976041666667,763.0850833333333,804.7944916666665,840.2544791666667,882.6543875000001,926.2428916666665,960.7311458333334,978.5167541666665,900.3766874999999,777.0004166666666,760.3609208333335,836.9835208333333,920.2589583333332,955.2200208333333,963.9028166666667,988.6244791666666,1015.0019374999999,1021.28,996.1258333333333,993.2976249999999,1000.9379166666665,1008.0749999999999,1001.3091875,1024.6168625,1058.0654166666668,1041.6574375,1019.4642541666667,1028.3595833333334,1046.49855,1021.0093791666666,985.31625,1021.3705291666666,953.2206124999999,818.95625,828.3020124999999,845.3625958333332,826.6054166666665,858.9701208333335,816.7725833333333,757.0641666666667,799.0101750000001,846.1511208333333,851.2270833333332,810.3876,791.2439708333334,833.95625
787.8511791666666,786.1428624999999,835.7545833333332,794.6827833333333,788.6939666666666,795.1816666666667,795.4413541666667,799.6345458333333,793.97875,817.6163375,810.7173333333332,791.5529166666666,809.6291249999999,786.535275,724.3725000000001,749.0921958333333,773.58655,728.9958333333333,744.3843208333333,719.0962125000001,722.6883333333334,724.8041666666667,736.7332875,738.9658333333333,730.4207749999999,744.1211791666667,744.1245833333334,734.2016041666667,740.4932291666667,753.1271875,728.712675,669.8340499999998,605.9088541666666,567.6672749999999,624.4968208333333,687.8563541666667,638.0079499999999,561.0317958333335,532.3989583333333,499.88183333333336,449.4004333333333,376.4322916666666,351.4496416666668,364.1125874999999,328.58375,192.1780208333336,247.321125,421.99593749999997,372.4561291666665,364.5962541666666,340.3090625000001,255.02491250000003,235.97079999999977,245.87312500000004,152.64109999999997,106.40747916666675,116.85895833333339,84.37877499999982,75.16134583333329,68.76427083333348,48.102158333332994,44.409137500000185,-3.7707291666667118,2.463270833333496,-81.17302083333334,-162.17145833333345,-186.85734583333328,-102.78228749999982,-87.65468749999991,-142.86072083333335,-195.1151625000001,-269.99145833333336,-240.5133124999999,-208.40805833333343,-248.99197916666697,-260.42228333333344,-160.9109708333335,-59.421562500000135,-97.89877916666691,-120.29460833333323,-87.58677083333328,-116.96525833333331,-102.68557499999997,-45.65864583333345,14.987070833333092,37.951212499999855,46.16489583333319,111.33533333333332,138.50199583333327,200.32885416666645,299.9317333333331,340.55604583333337,418.4217708333334,453.3061791666667,468.9067,553.1605208333334,619.4639374999999,661.4724291666668,723.9330208333336,785.6114375000001,848.9214208333332,856.1806249999998,919.4802833333333,939.0501333333333,972.1632291666666,958.7596708333333,864.4056875,759.5112500000001,791.8917124999998,879.9089499999999,914.1504166666667,944.135025,971.9342208333333,1008.6882291666666,1027.0997541666666,988.2494083333333,973.3958333333333,956.5894333333333,989.7064416666666,1026.4679166666665,1027.0986666666668,1016.3329791666666,1027.4629166666666,1023.4524375000001,992.3584750000001,952.0404166666667,1004.4196125000001,1005.5255375,1013.6066666666666,1030.23,953.4654708333331,815.4324999999999,831.8042166666667,864.0645874999999,830.9816666666666,859.8488166666666,832.1525208333333,768.7183333333332,772.9891833333334,801.1162708333333,798.8645833333333,806.9581374999999,792.0427166666667,816.5374999999999
791.5647916666667,795.7418,836.2883333333333,835.4150500000001,809.0807625,767.6433333333334,813.8689833333333,800.0270708333333,774.9416666666667,793.2199458333333,804.8649624999999,756.0024999999999,769.5414291666667,778.6435958333332,772.4983333333333,771.1337208333334,783.3227333333333,775.2245833333334,764.8777374999999,722.8150583333334,733.2987499999999,720.1847,726.5615375,751.0895833333333,733.2476708333334,726.3313833333334,721.985,715.8151416666666,732.71995,719.5388541666665,700.3634583333333,650.4949916666666,628.4269791666666,589.2368333333334,636.9367416666668,696.7669791666667,659.4553416666666,599.7150916666667,522.1772916666666,450.2788125000001,400.4105916666666,364.84156250000007,357.67205833333344,329.48276250000004,323.8986458333333,195.16102083333354,285.74359999999996,524.9656249999999,494.87429166666675,415.2097958333332,383.578125,282.44938333333334,244.4021458333335,226.2991666666667,193.0672291666666,118.18424166666674,45.92114583333327,54.42902500000005,32.24720000000025,16.824375000000146,-66.52541249999996,-72.8436666666667,-60.374999999999886,-49.83431249999978,-32.799870833333216,-57.589166666666586,-140.4110291666666,-172.9973416666666,-182.01135416666665,-161.2019666666667,-161.36286250000018,-226.77854166666674,-258.4767833333332,-288.16364583333325,-300.2802083333336,-275.30414583333356,-174.37270416666672,-157.80343750000014,-147.73142083333332,-110.8999375,-83.50927083333312,3.764695833333377,31.155812499999854,-15.093437500000078,61.74163749999994,171.48556250000007,146.16479166666676,197.76785416666672,245.72973333333326,262.4286458333332,370.89834999999994,414.33036250000004,378.59885416666646,353.62979583333316,415.6302541666667,543.2383333333332,530.3871291666665,589.5862583333333,704.5518749999999,756.1837666666667,808.6817791666666,860.7936458333332,908.8158166666667,906.6742958333331,936.5599999999998,1053.4705333333334,1006.4517875000001,797.7847916666667,795.5450708333332,901.0978625,945.2113541666665,964.8090791666667,985.5664458333333,1001.7362499999999,1024.484225,1011.7405666666666,984.1937499999999,995.9389916666667,993.8777833333334,1003.3204166666666,999.626825,991.1668916666667,1032.4845833333331,1033.1423041666667,1031.7778416666667,979.5483333333333,1023.7931208333333,1035.7189583333334,1040.8420833333332,1027.90605,936.2064291666666,800.3945833333332,797.9536166666667,840.1432166666666,838.9725000000001,774.1994374999999,773.0706333333333,775.0966666666666,814.9274166666667,806.2801124999999,779.7508333333333,816.9192166666666,764.2740083333333,653.8204166666666
600.3708458333333,615.7964041666667,641.53,635.0145375000001,624.8374375000001,612.6525000000001,647.084525,619.596575,593.6949999999999,637.0005666666666,630.4810625,592.1345833333335,640.6280999999999,605.0452041666665,560.5145833333335,585.5708416666666,616.0393708333334,612.785,598.56385,554.9888083333333,547.4370833333332,560.8174541666666,580.2461249999999,538.8199999999999,526.5125416666667,544.218775,569.79625,580.5768166666666,581.4090958333334,556.2984375,535.1543166666665,492.35901249999995,470.42864583333323,455.12394583333344,404.0617000000001,316.8870833333334,279.60629583333343,241.89107916666666,209.6336458333334,151.16044583333337,138.66645416666677,141.41531249999989,113.77312500000002,45.42257083333328,-2.3378124999999272,-106.48038749999978,-124.46212916666661,-108.66270833333317,-119.85899583333332,-126.39267500000005,-201.04875000000015,-303.80808749999994,-265.01447500000023,-222.50187499999998,-243.82114583333328,-313.63278333333324,-380.85427083333343,-364.5136125,-392.32621249999966,-428.28052083333336,-508.9953208333334,-524.7402083333334,-552.7928125,-516.3037708333333,-568.451975,-667.7451041666667,-732.4991374999998,-670.1832291666665,-744.24,-779.4840000000002,-839.3054916666665,-810.3761458333335,-781.10625,-728.7138708333334,-690.076354166667,-696.8643250000001,-662.5262874999999,-697.0754166666667,-693.8289708333333,-636.3221458333335,-565.1557291666667,-530.7180958333332,-491.7879375000001,-512.5998958333334,-455.6172583333335,-337.9475458333334,-341.9801041666667,-298.8204791666667,-235.28042083333338,-184.4617708333335,-66.50779583333343,-43.95778749999988,-95.22552083333335,-53.61522916666672,5.977816666666627,56.65302083333336,54.121895833333326,117.01241249999987,254.16812500000003,311.9339541666666,327.1393208333333,309.2758333333332,320.0840375,351.8657541666664,403.48395833333336,438.4195083333333,465.48111666666665,511.3378125,525.2449291666665,578.5682166666666,618.1285416666667,649.3377791666666,705.0932124999999,730.1563541666667,731.4719999999999,709.9577458333333,714.1658333333334,718.8205625,737.2347458333332,781.3095833333332,748.8268416666667,728.8792374999998,764.5095833333332,764.2135083333333,785.86205,759.6666666666665,726.0121791666667,699.3175375000001,751.6266666666667,748.3175083333333,697.2549333333332,625.2604166666665,646.6304749999999,679.0760416666666,671.0783333333334,673.8761833333332,631.2666791666667,606.2562499999999,639.3787,650.2341458333333,636.0891666666666,639.4830458333333,632.4190041666666,647.4270833333333
599.1060083333333,629.8301375,696.2966666666666,651.1153958333334,631.1612041666667,650.2725,658.6269458333333,617.3949416666667,600.7474999999998,623.5467041666666,614.358,598.9495833333333,652.1995499999999,616.8519708333332,566.5675000000001,564.102475,590.6500791666666,611.4416666666666,609.1300125,572.9309208333334,568.0429166666665,567.5857041666666,579.0006124999999,549.02875,556.9451125,567.5722083333334,567.7283333333332,579.0643916666666,588.6165375,568.6161458333333,553.2227916666665,502.3534083333333,465.58270833333324,453.7665583333335,415.3488250000001,335.82343750000007,295.39435416666674,255.15907083333332,222.1007291666666,152.5468708333334,113.84826250000009,97.79197916666664,91.4685541666667,57.2761625,33.533541666666736,-64.13946666666646,-114.90019999999993,-156.4721874999998,-202.68722916666673,-206.9949416666667,-250.0525,-318.6719375,-285.72060416666693,-269.2485416666667,-278.4327708333332,-346.69934583333327,-435.68145833333335,-426.40143333333333,-458.5517916666664,-490.01729166666655,-541.6673791666666,-570.3576291666668,-645.7475,-607.5541416666667,-604.0908041666667,-639.3238541666668,-689.8954541666665,-653.4615333333331,-742.1447916666666,-742.8481458333335,-824.3514916666666,-857.4530208333334,-810.3876958333334,-747.7170625000001,-740.6031250000003,-767.2599833333338,-759.7077333333334,-782.0333333333333,-669.2821666666666,-618.7073625000002,-650.1657291666666,-579.2654583333333,-481.1810250000001,-486.73989583333343,-408.0670958333335,-304.3731083333333,-343.86458333333326,-291.3397625,-220.16542500000003,-184.09937500000012,-74.44085416666672,-47.50373749999994,-95.43395833333341,-64.24176666666676,13.976024999999936,91.9421875000001,63.2315416666666,121.35372083333323,277.1127083333333,301.7887291666666,279.65488333333326,265.6165624999999,317.6511791666667,365.7727208333331,396.1477083333335,415.50735,443.9203833333333,502.07447916666666,526.1931541666665,580.9357291666665,616.2579166666667,646.3591416666666,703.2395333333333,736.6349999999999,754.3700208333332,712.4190916666666,685.4029166666667,714.9285833333333,718.4962416666666,723.6395833333331,740.3111000000001,749.7128958333333,767.6191666666666,777.7105083333332,778.4319958333333,715.9762499999999,713.5981125,698.8276083333334,726.0508333333333,732.4144291666667,704.7450624999999,647.8324999999999,675.0874833333334,695.1136124999998,667.4779166666667,670.6757166666665,649.2085666666667,632.3816666666665,627.0163208333333,625.0134041666666,631.2175,635.4170041666667,677.0806375,783.0220833333333
777.6822374999999,793.9135958333333,832.8416666666667,798.8651416666667,782.3987125,791.6737500000002,816.11425,775.2527749999999,744.3491666666666,784.2787833333332,795.4227333333333,774.0125,795.8752083333331,753.0522416666665,734.7129166666668,768.704175,785.187825,759.3141666666667,734.2843541666666,704.0937583333333,715.6191666666665,720.3999624999999,725.5980291666666,695.2004166666666,724.1263125,740.0304666666667,724.9108333333334,729.6745666666666,726.1335750000001,698.5980208333333,710.0024249999998,667.6068333333333,606.0745833333333,586.1830041666667,625.1281458333334,655.8145833333333,630.4580375,579.0822916666667,557.5660416666667,497.0472208333334,428.51760000000013,365.0332291666666,351.19352083333337,314.53293333333335,263.0642708333334,144.5393083333335,236.5396583333334,417.75781250000006,414.4036083333332,386.8618041666665,342.70062499999995,261.18803749999995,237.50250833333314,178.05895833333335,139.22669166666677,97.21590000000006,42.4796874999999,36.38151666666661,10.056070833333592,3.3192708333333485,-76.43225833333327,-116.39639583333346,-164.38322916666664,-112.33480833333317,-118.87131250000004,-165.3895833333334,-194.79069583333325,-112.77327499999984,-163.57406250000003,-168.39145416666685,-285.4387666666667,-362.9016666666668,-342.4350583333335,-251.84400833333345,-190.34114583333363,-197.69768750000023,-138.36162083333318,-117.31874999999997,-82.97104166666668,-77.93182916666686,-84.18302083333336,-31.456687499999845,23.98276666666652,-0.09489583333350993,106.35046666666645,225.2746708333334,161.73052083333337,179.82058333333325,245.5707458333332,279.5945833333332,337.6240083333332,363.19116666666673,364.0886458333332,389.62583333333305,438.8780625,506.98864583333335,496.5549874999999,573.7398583333332,719.0966666666667,709.4600291666666,746.0475666666666,843.2832291666666,895.5710916666667,915.0504249999998,970.5155208333333,1039.6747791666667,933.5263208333332,754.3659375,746.1808958333331,851.4135499999999,909.2940625,943.3702333333332,985.1262208333333,991.603125,990.0177125,956.7246125,960.2979166666667,1013.0817125000001,1015.6195458333333,1001.0258333333331,1002.4658250000001,1016.5214249999999,1036.3554166666665,1014.8824874999999,1025.6073833333332,1006.5737499999999,998.06765,982.3702916666668,1030.6516666666666,1029.628575,943.4447708333332,811.4295833333333,810.2293833333333,829.7870958333332,817.9045833333333,849.6320541666665,793.9578333333334,729.7883333333332,786.2772208333333,803.8175333333334,765.5779166666666,798.3438416666668,801.8726125,765.1745833333332
726.2175458333332,753.3187541666666,820.2366666666667,791.0400458333332,772.5211625,788.8004166666668,775.6226749999998,733.0435666666666,712.1483333333332,744.6458124999999,771.1563708333333,754.0749999999998,745.0135708333333,739.7003041666667,728.8824999999999,708.1302666666667,738.1349041666666,774.4833333333333,752.5611083333333,702.1842208333333,729.0762500000001,740.1515749999999,697.7368416666666,659.1125,683.3508083333332,711.1865583333333,722.3454166666668,715.9190375000001,731.2875958333334,710.2259375,688.3756249999999,649.9350624999998,610.1451041666666,572.0696499999999,586.3855874999999,678.5577083333333,659.669475,593.3620958333335,511.4505208333333,465.1242041666667,459.2008041666668,392.71791666666655,375.4831708333334,321.8880333333333,224.37770833333326,235.4810583333333,291.04191249999997,401.66739583333316,408.66503749999987,371.2644625000001,344.1998958333335,277.6509374999998,216.27737916666655,189.41343750000001,129.24950416666647,24.4677875000001,-92.90281250000015,-6.255854166666666,-30.97917916666654,-69.33791666666681,-101.07788333333329,-134.29317500000008,-131.45364583333335,-66.86915416666673,-92.77218333333332,-190.95812500000022,-277.97062499999987,-289.81291666666675,-325.68718750000005,-306.8027000000002,-348.5052291666668,-419.89166666666677,-442.46097916666656,-428.2423666666666,-408.5289583333338,-322.5997208333332,-195.82497083333325,-164.78864583333353,-229.3442041666667,-250.3880416666667,-189.79041666666652,-111.99434166666654,-60.907437499999986,-45.55645833333341,-44.82176666666672,-3.638312500000012,82.78072916666667,186.24903749999976,221.54365416666673,221.0802083333331,362.90214583333324,403.52755416666685,343.14874999999984,370.9499958333333,428.06451666666663,468.2357291666667,477.9750499999998,576.8491624999999,646.64,718.1599250000002,749.9669499999999,817.2826041666664,815.5736666666667,865.2067083333332,949.3696874999999,1004.3892208333332,912.3990249999999,770.2108333333334,787.5708166666666,856.9283374999999,878.543125,907.1182999999999,943.7258958333332,967.5729166666666,966.9099583333333,970.1098541666667,994.5,996.6671333333331,980.2612208333333,1006.3016666666666,983.6211458333335,971.225425,999.54625,1014.3104541666667,1011.8376875,985.7949999999998,978.9327375,993.4836250000001,1022.7145833333334,1008.9191666666666,896.52425,777.3349999999999,772.2159666666666,795.1881416666666,803.4187499999999,814.5717041666666,787.2893458333333,766.4074999999999,792.4940541666666,775.4577458333332,718.53,748.4688874999999,799.51945,798.9775
762.2580625,795.810475,819.55,808.7459458333332,795.3490583333335,803.3316666666667,785.4176041666666,791.477325,771.9608333333333,767.7711333333332,803.0405,822.1991666666665,777.8020541666666,745.1001208333333,727.2470833333333,718.6922708333333,759.8283375000001,820.0058333333333,772.4123916666666,725.8477916666667,755.8833333333333,746.4530749999998,720.58205,733.2945833333333,695.6152458333332,704.2687041666666,710.1495833333333,720.6606416666667,746.0605958333332,736.2345833333333,740.3708749999998,688.0374416666666,617.0108333333333,571.1823,627.6232458333332,694.8879166666666,668.0866916666665,611.364825,521.2241666666666,525.9177458333334,509.2283291666667,426.2841666666667,364.18993750000004,316.24760416666663,314.2528125000001,281.03055833333326,347.7703625000001,498.51791666666674,489.6811124999999,407.5232583333335,334.62624999999997,279.3527666666664,242.71143750000007,198.55437499999996,191.27445833333314,125.5225875000001,49.557083333333395,34.15497916666678,26.434287500000153,52.53854166666653,7.539420833333395,-62.02699999999996,-73.04302083333329,-22.44805833333359,-65.04218750000013,-112.95739583333344,-164.48384583333328,-168.69204583333317,-178.1101041666668,-227.3440375000003,-342.2912416666668,-434.8166666666667,-420.0846,-382.7523666666665,-384.1286458333336,-354.9083333333331,-284.96090000000004,-201.83281249999982,-202.89660833333355,-162.67443750000004,-94.8579166666666,-35.582270833333155,-16.023745833333294,-0.01833333333351561,43.36626249999995,62.40274999999977,185.04000000000002,241.5626249999999,257.64015833333343,284.17541666666665,271.4012708333333,307.13771250000013,374.40208333333334,421.43725416666643,499.5720333333335,623.3836458333333,594.6339500000001,633.6842999999999,666.5944791666667,740.0308999999997,762.8682208333332,788.8617708333335,843.6787791666666,890.5200249999998,973.1590625,1052.3977499999999,984.3367999999998,822.3707291666666,799.6428875000001,881.7307124999999,914.4370833333335,941.0826583333333,974.4089458333333,995.3828124999998,995.6040541666666,986.3374166666666,1037.5808333333334,1024.8432375,998.7953583333332,1024.6104166666664,1004.2058666666667,1018.0662125,1058.9958333333334,1058.0963291666667,1030.4277583333333,1036.96625,1021.0430000000001,1029.4190416666665,1032.3983333333333,1025.3065375,932.4883625,826.37125,815.1388583333332,812.2683708333333,804.3104166666667,828.0792958333332,824.3361333333334,779.8704166666666,833.2406125,849.6676583333332,790.3470833333333,782.7924208333334,788.1083125,814.0879166666666
758.5291,774.9540374999999,804.6920833333332,784.4597499999999,776.7577416666667,791.8833333333332,788.4545666666667,791.4675583333333,752.4866666666667,765.8644749999999,780.2896499999999,814.2683333333332,762.440875,739.9315666666668,754.98875,755.9005208333333,727.4351333333333,767.9908333333332,755.2722458333333,732.5110916666666,751.6837499999999,760.3330458333331,742.1967541666666,735.7091666666668,713.5094791666666,731.0397291666666,733.2312499999999,738.9036124999999,713.0087624999999,694.3559374999999,689.7282583333333,689.4652874999999,597.4742708333332,553.5690708333334,582.1807749999999,663.1959374999999,635.4722999999999,599.0001208333333,537.1092708333334,538.5336374999999,502.4398,401.8361458333333,350.3399208333334,291.4509458333333,262.3245833333333,217.0962708333334,280.14604166666663,404.84229166666694,394.467475,270.3152624999999,177.77791666666667,152.10262500000007,109.01376250000013,115.10322916666655,66.63108749999992,-38.18981666666676,-80.10729166666661,-45.70537499999989,-88.67916666666642,-153.0611458333333,-150.5471708333333,-163.27497499999993,-194.3123958333333,-136.81027916666656,-100.9547,-148.33218750000006,-167.87040000000025,-192.1182541666667,-227.70229166666678,-259.65966666666685,-293.4464333333333,-343.14020833333336,-341.99919583333343,-333.7478333333331,-327.6235416666667,-281.4066541666668,-214.03830000000016,-195.80999999999972,-189.11736666666658,-179.49411666666677,-180.23218749999987,-149.55625833333326,-104.73990416666686,-41.16239583333308,2.970812499999937,-15.011037500000299,77.52614583333332,161.46878333333328,138.85696666666678,143.43989583333328,102.02129583333328,137.80549166666668,261.68749999999994,353.6777583333333,427.758725,547.5240625,529.9373041666668,584.3056708333332,633.6234375,722.7260416666667,767.4760666666666,774.3766666666667,810.3308708333332,859.1807541666666,997.7596875,1038.9144708333333,939.6557708333332,787.8726041666667,841.1877583333332,920.2862833333334,899.4855208333335,936.8700166666665,979.0854625,986.7207291666666,1009.4652458333334,1004.8580291666666,1021.6274999999999,983.0206499999999,986.5524374999998,1047.8495833333332,1007.6278666666667,1002.7787125,1002.5020833333333,1010.0278124999999,991.98245,1029.0083333333332,1000.3389666666667,1000.3701666666666,1009.2845833333333,1020.5482958333333,922.1328166666667,806.31125,830.2732791666665,829.71165,755.8341666666666,796.5428833333333,833.3150291666666,788.2508333333334,778.9254583333333,803.4776749999999,817.5233333333333,799.95835,776.3050291666666,792.7349999999999
810.8400124999998,824.2107041666667,768.71875,801.7636791666666,774.5833249999998,757.7654166666666,743.7858333333334,754.0558041666667,731.7233333333332,769.5939708333333,768.446025,781.1783333333331,776.2351541666667,789.4687916666667,768.0829166666666,781.3113708333333,745.3542791666666,737.9508333333333,724.1608041666666,750.5820333333334,769.8225,755.6206000000001,711.3176833333332,708.2004166666666,700.9296125,724.7097375,725.1708333333332,736.1305499999999,720.2539541666666,710.5108333333333,670.4405416666666,673.1228875,605.1120833333332,562.2453916666667,599.9557499999999,696.3302083333333,648.7417541666665,587.7247291666666,533.2290625,502.27628749999997,453.7237,370.04427083333337,327.2512,299.3524666666667,261.76093749999995,234.63940833333336,323.1750374999999,471.0819791666666,412.41381666666655,304.25399166666665,225.46177083333336,189.55135833333327,162.4834291666666,111.21072916666662,86.87883333333323,23.746849999999768,40.387395833333386,6.129629166666774,-57.3410750000001,-119.92656250000005,-95.90225000000004,-96.9596249999999,-148.99447916666674,-171.26711666666648,-158.10213333333348,-199.79572916666672,-263.39103750000015,-280.52368333333345,-318.3005208333334,-366.1408500000001,-347.8124958333335,-377.83500000000004,-407.37580833333334,-385.4548666666665,-353.82239583333336,-298.6256791666667,-290.7391000000001,-300.93489583333303,-216.61743749999997,-225.22030833333366,-270.26947916666654,-244.67721249999983,-156.5600333333334,-4.976354166666312,1.2117041666666353,-13.046504166666836,-7.564687499999934,13.632779166666609,141.75538750000024,226.17656249999996,264.57332500000007,310.7521375000001,362.9086458333335,385.68053333333324,466.25192500000014,580.5613541666664,599.3757875,577.7267958333333,622.1146875,697.3584791666667,779.6417624999999,790.2568750000002,849.3946833333332,903.5466083333333,965.525625,1023.0960249999999,941.4983749999999,768.8690624999999,796.7171083333334,910.9849750000001,912.0587500000001,955.8879958333332,982.1192291666666,1043.0384374999999,1046.9410083333332,1035.0699291666665,1026.62625,980.2218499999999,989.2393916666666,1013.4158333333331,974.6499041666667,985.7366125,1009.6066666666666,992.3663958333332,989.8574916666666,1013.4708333333333,1013.9017916666667,988.4774041666666,1015.3962499999998,1010.3934958333333,944.9833708333332,833.9945833333334,820.9135708333332,809.2938666666665,750.66625,795.4217166666666,805.8029875,832.6291666666667,807.03485,787.565625,778.6654166666667,780.7321791666667,720.6665083333332,641.7141666666665
645.9208708333333,637.499825,562.3425,618.393975,638.3050583333332,599.98875,593.0769916666667,637.0044791666666,599.9087499999998,604.0935166666667,601.8442833333334,603.2145833333333,594.0721,590.0538124999999,593.7116666666666,576.978525,560.8136666666667,547.0458333333333,543.9938875,563.9131208333333,598.0474999999999,606.5527208333333,602.0823624999999,590.3675000000001,550.9612458333334,536.8775833333333,558.6566666666666,563.0837958333333,541.1656291666666,539.0934374999999,505.23699166666665,464.90711249999987,454.47760416666665,402.07675416666666,358.2488541666666,359.66468750000007,306.2523708333334,242.91457916666684,162.86958333333325,147.33825833333321,177.61268333333334,190.8746875000001,109.40190416666653,12.508312499999988,-60.98000000000002,-70.53069999999997,-106.00579166666671,-157.2415625000001,-224.71805000000006,-267.12385416666666,-386.2122916666665,-397.30870833333336,-373.57270416666665,-371.09687500000007,-384.52027083333337,-423.28101666666686,-397.8202083333333,-460.3336666666666,-515.6226166666667,-548.3987500000001,-549.0920666666667,-555.3242666666665,-557.4226041666666,-576.5432999999998,-588.0532583333332,-658.5777083333335,-721.3824125000001,-751.3018333333334,-777.1361458333331,-811.8562083333331,-774.2870500000001,-756.0915624999998,-718.9576208333333,-724.4812625,-756.6686458333331,-767.0872875,-701.3412999999998,-642.5514583333332,-630.9790625,-611.7138291666665,-548.6654166666665,-596.7963249999998,-568.8951958333332,-503.5332291666666,-500.31842500000005,-474.3432583333336,-383.40937499999995,-383.4955666666666,-310.31914999999975,-231.02218749999997,-199.0410833333333,-158.2977291666665,-112.4931249999998,-55.73056250000002,4.206558333333419,67.74125000000004,110.52031250000016,104.79287083333332,151.92395833333336,263.54582916666664,308.8363833333332,220.9723958333334,233.03008333333332,327.8043541666668,393.23822916666654,439.1537750000001,490.3924916666666,540.1933333333334,567.4323291666665,600.7336499999999,618.6532291666666,655.4830416666667,699.3510666666666,727.0021875,739.2972708333333,725.4254333333332,716.5770833333332,700.9841041666666,741.0131124999999,745.65125,752.5340291666666,696.2845249999999,706.6291666666666,706.6781458333332,739.9090666666666,756.6104166666667,737.8133750000001,724.4115916666667,724.2608333333333,730.6819291666666,696.6775833333331,638.3933333333332,642.8094375,644.2873791666666,596.64125,638.209375,651.4069333333334,673.37,629.8441291666666,623.8423958333333,668.0387499999999,645.0112375,629.5451333333333,648.7795833333332
635.4568791666667,643.7046041666666,624.6379166666666,634.7335666666665,636.3004624999999,624.6462499999999,578.1268041666667,622.5508666666666,621.9845833333333,594.0089708333334,590.5969541666667,628.5474999999999,597.245825,582.7831375,599.2395833333333,557.9212041666666,536.4897,553.115,569.3111875,582.1416291666667,597.4341666666667,601.0285583333333,592.6663666666666,586.6841666666667,580.4625166666667,560.4674416666667,547.5208333333333,565.4658583333332,558.9221624999999,550.0111458333333,511.0380833333333,469.6310666666665,459.530625,409.20578333333333,375.7129624999999,382.46010416666667,310.90576666666675,248.9753708333335,182.55645833333324,142.13837083333317,146.77867916666668,154.62770833333343,77.33667083333324,13.81049999999999,-14.756354166666682,-16.657554166666614,-74.65649166666674,-160.3835416666667,-254.12296249999997,-275.86863749999986,-350.9753125,-364.16695416666664,-372.82174166666675,-383.0037500000001,-359.66487083333334,-406.7850458333335,-424.0098958333333,-466.4951374999999,-536.27165,-609.1246875,-568.4107708333333,-570.0268874999999,-622.3334375,-635.9380583333332,-595.0218416666667,-618.1111458333335,-685.2585375000001,-751.6984375,-812.1317708333331,-861.4357583333333,-853.0856208333336,-872.3457291666665,-836.3755416666667,-825.7974124999998,-842.6926041666665,-849.6366000000002,-838.9438041666667,-818.2574999999997,-707.8117125000001,-666.8678208333331,-666.8015624999998,-657.8497249999998,-560.4512875,-473.5948958333332,-450.15811666666673,-440.5064291666669,-379.20781249999993,-353.3420583333333,-265.0876249999997,-199.53989583333333,-163.39547499999998,-126.16236249999974,-94.54072916666644,-32.63322500000004,46.914195833333395,118.4410416666667,139.55978750000008,140.39395000000002,197.35531249999997,242.09301666666664,246.95212499999985,193.27885416666675,258.4566124999999,364.72434166666676,406.7961458333332,447.67010000000016,483.7354583333333,514.2354166666668,558.9993541666665,606.9452708333333,620.7855208333333,656.8033208333334,698.5976458333332,727.0574999999999,751.0496708333333,723.5087083333333,694.0449999999998,701.2237791666666,724.7217458333332,693.8904166666666,750.466975,725.3442625,716.86125,714.4341999999999,719.3574166666667,701.6583333333333,713.7387166666666,717.1046249999999,702.2029166666666,724.6095583333332,716.4286833333332,670.0766666666666,670.7169916666667,661.8073541666665,597.8354166666667,616.7468624999999,637.1917375,676.4495833333333,608.2278749999999,611.0319625,686.9295833333333,638.9025499999999,654.5077416666667,775.8641666666665
823.0460875,818.2829166666666,761.9566666666666,785.2432499999999,793.2112458333332,775.6429166666667,759.1625958333333,796.4715458333333,757.7379166666666,744.4203583333333,763.4345541666667,796.9491666666665,745.6206999999999,715.1595,746.3425,758.0130374999999,741.2334458333332,703.9154166666667,684.2931083333333,703.0407916666667,746.0791666666667,761.5498333333334,756.3844416666666,751.8570833333333,742.0426583333333,716.3097666666666,699.7933333333333,717.3086416666665,703.3123958333333,688.7321874999999,662.9214916666666,622.0430749999998,590.9775,533.7453583333333,574.8895416666666,696.4138541666666,658.80415,576.4622125000002,494.6758333333332,473.5619583333332,467.58474583333333,437.7178125000001,359.1080416666665,276.3556208333333,197.98697916666666,187.49394166666673,274.1139791666666,396.9096874999999,351.0241916666666,290.58781666666664,184.04739583333333,163.24852916666657,111.02502916666663,18.75635416666654,-7.060949999999991,-11.197670833333518,37.02947916666665,-44.08524583333329,-119.0157958333333,-148.14333333333337,-140.21596249999993,-184.13839583333328,-231.2809375,-208.6499624999998,-165.53300000000002,-203.27479166666677,-224.41606666666684,-238.03853333333336,-268.9070833333332,-297.3391624999999,-311.6599833333336,-383.29135416666657,-368.5593375000001,-346.8675125,-354.2987499999998,-372.77703749999995,-286.30787499999985,-178.45916666666648,-158.31714166666688,-171.73492916666652,-134.99729166666657,-155.0283416666665,-112.43972500000001,-46.520416666666705,0.743212499999828,25.574629166666483,79.37645833333332,106.79653333333331,200.0172375000002,258.86020833333333,274.4601291666666,321.72915833333354,380.5383333333334,427.3798541666665,482.91959166666675,548.2498958333333,574.6509166666667,576.2110666666667,625.5575,673.5184583333333,741.4790374999999,761.7957291666668,808.3361791666665,899.101625,985.2981249999998,1065.3519583333334,960.9009041666665,767.5844791666667,793.4819499999998,897.7448583333334,927.7836458333334,950.1535041666667,971.6153041666665,987.9659375,1012.025675,997.0348458333333,981.6033333333332,989.8566916666666,1013.8617374999999,981.5329166666667,1021.8475333333333,988.8792541666667,982.8325,976.9894041666666,1003.8608958333333,1014.1112499999999,1005.31755,990.7156625,980.3970833333333,992.2536375,931.4525583333332,821.61,807.5735374999999,790.5908083333333,733.2320833333333,811.624975,807.0956458333334,772.615,752.7310583333333,775.7018,816.2604166666666,810.5011291666666,787.7596666666666,769.8758333333333
767.3266041666666,742.0760291666667,732.4745833333333,773.3863666666667,788.0403375,764.3441666666666,734.069925,717.61935,696.1995833333333,752.7748291666667,758.5291208333334,740.02125,702.9352708333333,712.267625,747.3883333333332,682.4447124999999,675.8977833333332,732.9799999999999,712.5871666666667,713.585525,749.3354166666667,746.7029749999999,738.5500083333333,720.1175000000001,676.03865,688.0750416666667,710.7812499999999,732.1576083333333,692.8400541666666,670.530625,664.2916375,663.6397208333332,615.3998958333334,518.9503166666667,562.3902708333333,706.8944791666665,649.1209958333333,580.6147874999999,487.72072916666673,491.50081249999994,471.26657916666665,425.49000000000007,347.10297916666656,293.08835416666665,226.42510416666673,169.44494583333324,210.55702083333307,378.1469791666665,345.50024999999994,270.64729583333326,183.21114583333338,174.32720833333332,128.4439375,35.155416666666554,12.5550833333333,-26.229325000000102,-77.77875000000009,-94.18404166666659,-95.25580416666662,-148.72552083333338,-146.43274166666663,-128.11131250000005,-80.23802083333342,-120.7860166666666,-141.5284874999998,-187.5676041666668,-254.3215708333335,-301.1448833333333,-288.61083333333306,-275.24963749999995,-278.21985833333355,-344.45270833333353,-331.0584583333332,-314.4099625,-330.0168750000002,-242.6874583333336,-186.11737500000007,-163.82364583333333,-155.1094583333334,-145.3390124999998,-57.4323958333332,-45.782554166666614,-19.545766666666907,-23.652708333333294,12.920079166666625,5.925516666666397,19.401979166666592,61.81556666666654,120.117875,154.87187499999996,218.25908333333328,269.8119250000002,302.72770833333345,369.47492083333333,429.61080416666675,425.10739583333327,551.1161458333333,577.3633875,593.5863541666666,657.8261583333331,732.4842083333332,768.1842708333334,858.4409375,904.4558583333334,941.303125,1041.480525,972.1907874999999,812.834375,822.5638708333332,871.5735458333332,858.7111458333331,907.1525624999999,948.3089458333332,958.6060416666668,968.533225,953.7822249999999,973.0020833333333,1005.7694875,997.1637458333333,960.1266666666667,981.7411499999998,986.0171208333334,982.5095833333332,969.4745958333333,970.4770041666667,977.5041666666666,946.3090499999998,977.6032416666667,985.525,1008.7589874999999,921.3985333333333,788.30125,767.6536833333332,787.4348458333333,850.7091666666665,804.0577916666666,793.4868749999999,814.6179166666666,789.0520499999999,758.6642499999999,762.09875,744.0504999999999,775.3282166666667,807.3416666666666
812.8904375,768.6184583333334,744.8791666666666,789.4977666666666,786.3483083333333,753.8183333333333,740.38895,782.6703958333334,791.6458333333333,770.3472833333333,785.8800041666667,826.0233333333333,761.0765833333332,740.5986166666665,759.9,748.7456125,729.7380833333332,753.2154166666666,725.1035041666667,742.1061541666667,767.78125,739.6005749999999,728.2824041666667,725.4075,686.5962,687.7824625000001,714.5970833333333,754.9772666666667,731.3432666666665,658.416875,692.5313125,686.0108541666665,631.4185416666668,565.8781791666667,597.6223,728.0507291666667,677.0112374999999,628.0598083333333,557.6770833333333,524.7091708333334,518.1939333333333,459.1239583333334,372.53742083333333,320.23237916666665,286.11958333333337,205.57792499999988,254.62001666666654,454.50104166666677,415.8483041666667,317.98151250000024,310.5648958333333,264.44489166666676,190.4163375000002,58.62937499999987,33.6390333333334,9.65640416666659,-26.660312500000032,-23.826299999999804,-29.62391249999996,-48.91114583333339,-72.33855833333303,-81.62819583333325,-84.20208333333329,-109.41501666666682,-181.1766541666667,-169.54645833333316,-192.32945833333358,-197.05894583333338,-131.26510416666676,-113.55474166666664,-198.12771249999983,-219.46281249999984,-244.7299791666667,-183.30308750000003,-151.67114583333313,-200.11959583333356,-209.93840000000012,-152.05666666666673,-140.76602916666678,-123.66288749999981,-66.67749999999995,-106.10171250000008,-86.2964916666667,-25.27812499999999,28.15952499999986,86.30634166666673,172.1156250000002,162.1203750000001,199.0863791666667,284.6440625,343.1570208333334,399.8428000000001,449.16197916666675,430.20435416666646,475.40412916666673,524.1455208333333,656.5065708333333,653.6023166666665,598.641875,678.3333166666664,749.1027666666666,813.3675000000001,879.0068124999999,943.4089291666667,1018.3841666666665,1099.2774333333332,1028.6256208333334,849.0019791666666,818.9842499999997,855.0813999999999,902.0686458333332,943.1924999999999,966.4229916666666,976.0509374999999,1006.1451166666666,1008.2690833333334,996.8679166666666,1002.7417666666665,997.1212791666667,963.0008333333333,973.5856333333332,1005.5279208333334,1009.2733333333334,994.5340291666666,986.5419583333334,971.0170833333334,987.4613958333334,1015.2528375,1005.8533333333334,1036.649325,954.9732791666667,793.6958333333333,772.7460124999999,755.2760999999999,779.8562499999999,798.1124208333333,831.8140291666666,805.8983333333332,800.8794583333333,803.9828416666667,808.0041666666666,800.7590875,811.9846458333332,808.6904166666666
800.2008166666665,746.629025,755.7875,768.646275,775.6462624999999,764.1033333333332,805.1886458333332,763.9698458333335,726.3204166666666,759.0576749999999,788.5628624999999,811.4100000000001,741.7752708333335,741.5294624999999,776.3741666666666,739.6517749999999,720.5343666666665,743.9508333333333,693.6975041666666,690.0538708333333,725.2766666666666,780.6193708333334,768.1593666666666,728.9145833333333,748.6513583333333,767.0980125,728.3266666666665,736.8745166666666,711.8417666666666,671.6804166666666,715.7366374999998,690.7097791666665,610.1067708333334,568.827575,639.2718666666668,738.10375,658.6714208333333,606.1476416666667,558.4532291666667,522.4643083333333,500.3598958333333,432.4357291666667,328.85884999999996,286.14458749999994,290.6953125000001,217.88057083333325,252.83155833333325,393.5627083333333,346.0280125000001,275.09281666666675,288.22874999999993,201.29177083333346,142.148625,40.03125000000006,-7.121645833333474,-53.40955416666685,-28.35697916666672,-32.688000000000045,-54.07969999999989,-114.92656249999993,-217.01810833333317,-187.9163458333333,-144.51020833333325,-133.29463333333356,-179.59298333333334,-172.73291666666634,-140.5498291666666,-126.87042083333347,-200.94447916666644,-271.7296166666668,-314.4307958333332,-336.3360416666664,-279.16807499999993,-274.8400958333334,-255.4621874999999,-233.64590833333352,-168.93773750000003,-110.3558333333333,-162.49616666666668,-170.82898749999976,-96.78458333333322,-191.5469708333335,-189.1114500000001,-80.25052083333335,12.316154166666536,72.65167500000004,123.80802083333353,115.49890000000002,180.30363750000006,256.9298958333334,195.0096999999999,274.8771458333333,423.63531250000005,403.11548749999986,385.80745833333344,474.10333333333324,573.0552541666665,610.2500041666667,638.1127083333333,670.3345041666666,721.9725791666665,817.1851041666666,845.7437083333333,891.9975958333334,965.0685416666666,1076.2208458333332,982.2523916666668,807.8436458333333,825.2768874999999,891.1832249999999,910.8573958333333,935.8408374999999,960.285275,974.2746874999999,983.8959541666667,991.4073708333332,988.5366666666664,963.2826416666666,982.3257874999999,1004.0179166666667,1045.9169749999999,1020.362625,1012.3370833333333,981.6041083333332,967.3208875,962.1470833333333,965.9242333333334,981.7823541666667,963.8579166666666,988.3893375,940.2498416666666,794.8,803.2272541666666,817.8064958333333,849.0937499999999,809.3458958333333,810.726325,808.1595833333332,800.6267124999999,787.523075,809.0466666666666,832.3231291666667,822.0788041666666,779.9941666666666
799.732775,809.1881875000001,797.9041666666666,779.3463749999999,767.8694083333332,766.6962499999998,810.0867958333333,769.8066291666665,715.1616666666666,755.4999625,776.1867125,772.7608333333333,725.7598,734.4345166666666,774.7899999999998,754.7966333333331,732.8368791666667,735.6225,724.2832166666667,722.0269958333333,716.6920833333334,751.4925458333333,739.9691124999999,723.6341666666667,730.2508458333333,744.9170041666666,715.4116666666664,721.0760499999999,728.2909333333332,700.9216666666666,688.7668166666666,657.5901874999998,610.0702083333333,582.9716166666667,605.3376708333334,717.1802083333334,649.0324791666666,582.1056458333334,544.6314583333334,512.1985916666666,488.61233333333337,443.4511458333333,352.3268291666667,319.4006375,290.17041666666677,231.78277083333327,292.5798124999999,461.4345833333335,383.19109166666664,294.11562083333325,337.60395833333337,259.8778249999998,211.41128750000004,240.4902083333335,243.3422541666666,173.33129166666657,116.44375,83.33111666666659,25.47005000000007,-25.115625000000136,-24.657170833333282,-1.829045833333339,-60.02677083333322,-166.2950583333336,-253.69194583333348,-246.34968749999962,-246.51828333333333,-220.0037833333335,-260.16333333333336,-218.01425833333326,-266.30430416666655,-365.7890624999997,-328.75121249999995,-319.38752499999987,-357.8828124999997,-322.1131958333333,-284.0864541666666,-205.9766666666667,-166.15129166666668,-192.8728916666666,-138.03114583333326,-76.36952916666655,-32.18840416666649,-62.601770833333234,75.67223333333314,122.88592500000016,65.26572916666694,127.29659999999998,193.41241666666667,283.96479166666677,256.65887916666657,331.53839583333337,450.9346875,424.70698333333326,390.9319916666668,462.92375,563.0800458333333,607.9837666666667,643.6892708333332,768.1974125,810.4435291666666,879.9621875,939.0252041666666,941.6951666666666,933.8414583333333,1044.9893666666667,982.7355916666668,828.8290625,817.3920791666667,856.9610916666666,894.1694791666666,981.1829083333333,990.8858041666667,958.4975,1019.7242416666666,1035.8185916666666,977.1366666666664,960.0741624999999,992.0361208333334,971.4908333333333,985.1159375,1008.5129083333334,1019.0070833333332,1020.0520583333332,997.6872416666668,981.5183333333332,1006.9795041666666,1022.1350375,1003.9070833333332,1010.4510541666667,945.004575,797.1775,791.1862333333332,796.2133875,828.0516666666666,814.1602249999999,814.1073916666667,811.6999999999999,821.0135208333334,788.3531208333332,778.3220833333334,843.3670833333333,783.3608166666668,612.6366666666667
618.0918041666666,627.9227333333334,599.6016666666666,618.9008125,622.0816333333332,609.2299999999999,651.6856708333332,614.3635708333334,562.4204166666666,577.2816375,588.9013541666667,589.8120833333332,600.0628125000001,606.5538125,606.5879166666666,592.3670208333334,581.2365,562.3841666666667,579.9186166666666,576.7717958333333,556.7970833333333,583.3086958333333,581.6289958333332,571.4379166666666,539.6768583333334,529.9805041666667,546.2295833333333,547.2417,536.2081291666666,526.4204166666667,534.7000333333333,526.3357541666667,487.3974999999999,442.2240291666666,377.0582166666667,355.25291666666675,292.40484999999995,276.5526624999999,241.74197916666674,164.27927083333338,148.5107375,214.68312499999996,143.1025791666665,69.52267083333328,-24.772812499999958,-36.12980833333347,-98.72812499999986,-132.63156249999997,-171.14763749999997,-293.57571249999995,-369.5636458333332,-368.49441249999995,-282.84158333333335,-224.62895833333346,-278.2946499999999,-320.5781750000001,-317.59687499999995,-448.00211249999995,-502.47635833333317,-425.0503125,-466.61799583333334,-455.33157500000004,-448.3502083333334,-507.7644875000001,-600.1176958333332,-675.4458333333333,-623.1783583333333,-630.8685083333335,-717.4096875,-666.470820833333,-610.34885,-615.1699999999998,-649.4528333333337,-660.8537416666666,-622.796875,-620.6282666666668,-626.4430166666668,-576.6290625,-605.1256250000001,-503.6837666666666,-407.06187499999976,-401.7183958333335,-472.34944583333316,-529.4971874999999,-440.42483750000014,-346.4958749999999,-322.6405208333331,-268.82303749999994,-221.19885833333348,-123.78010416666666,-152.7707375,-117.95229166666672,-7.4068749999999,-24.712970833333316,-42.62224999999995,15.150729166666679,104.43506250000007,117.69667916666668,144.3054166666667,289.19150416666673,288.0192874999999,261.75166666666667,301.1692708333335,337.6225166666667,337.92218750000006,416.8620291666666,534.6829583333335,591.6981249999999,579.1142791666666,559.7649999999999,597.4853125,630.0668958333333,666.9040375,709.2441666666666,734.5644916666665,748.8849708333332,717.9054166666665,682.0236625,731.99795,745.2033333333333,711.8523499999999,677.2252083333332,698.8958333333333,715.5532458333333,715.5615624999999,720.7320833333333,709.6175291666666,727.6249375,720.3229166666665,724.9269541666667,696.6497208333334,632.4175,618.5738124999999,630.6152249999999,670.8970833333333,614.157125,638.2750375,648.3416666666666,651.3752416666666,634.8449208333333,646.95875,659.5261375,629.4136666666667,630.68625
618.9740625000001,620.2552000000001,634.9033333333332,637.7714666666666,623.2854375,612.2662499999999,636.6635333333332,614.5280541666668,587.9837499999999,568.7478708333333,571.8566041666666,594.5133333333333,579.6972000000001,587.080175,614.8183333333333,579.4763041666668,556.6654458333333,561.5716666666666,599.9473166666666,588.5968833333333,550.1083333333333,586.4216,580.1034749999999,563.02875,572.9030083333333,561.2747750000001,536.2729166666666,554.1322791666666,559.9955208333333,539.4755208333333,543.8623708333332,543.9841875,506.8365624999999,437.1188041666666,362.1621458333334,347.7018750000001,273.83348333333333,256.31120833333324,238.75270833333332,172.3965291666667,137.64064166666668,165.84125,78.5038874999999,33.23165,-20.218854166666603,-35.08954583333346,-113.06689999999992,-159.3353125,-218.65916249999998,-328.1628374999999,-369.3720833333333,-372.1141916666668,-312.1011333333333,-267.9896875000002,-310.0198458333332,-359.9379541666667,-359.42166666666657,-430.94842499999993,-509.1831291666665,-511.37468749999994,-515.6790041666666,-474.2281541666667,-499.8328125,-572.3330375,-608.7345749999998,-622.6726041666666,-612.1660583333335,-646.3502083333334,-715.5662500000001,-696.9596624999998,-712.0772583333334,-758.3961458333331,-747.8594500000004,-734.7598749999997,-704.7634375,-665.736579166667,-688.6551541666668,-698.0351041666665,-709.6106333333333,-592.1191666666666,-498.5010416666664,-450.42510416666676,-471.76494583333306,-506.95093749999995,-423.64334583333346,-358.2823375,-350.66093749999976,-263.04457083333324,-196.75136666666674,-99.28093750000005,-94.35234583333329,-61.65965833333348,12.997916666666754,2.333737499999984,-6.872774999999933,41.7863541666668,134.0626166666667,184.75327083333343,232.5042708333333,310.5913166666667,275.8831708333333,287.35635416666673,355.8099000000001,390.11962500000004,367.786875,425.0508833333332,518.6375375000002,569.9342708333332,596.1806833333333,586.1032624999998,597.4659374999999,631.6995666666667,668.7443333333333,695.0621874999999,709.5584791666666,728.8071124999999,716.7637499999998,698.1324124999999,729.12645,722.3695833333333,733.8826541666665,705.3517958333332,687.36375,713.1913291666667,716.5421875,707.3429166666666,710.2932791666666,725.740425,701.8837499999998,728.8627333333334,731.1971708333333,670.8999999999999,629.08265,622.6796833333332,657.3133333333333,579.6237166666666,609.2841500000001,637.5474999999999,619.4419291666667,626.2254958333333,683.3070833333334,664.1750958333333,680.6715875,799.5600000000001
801.8524416666667,775.4222333333335,779.6112499999999,782.9559041666666,771.1306833333332,767.6387499999998,806.7613166666665,765.5008833333334,710.2591666666666,721.4082374999999,757.2465124999999,777.9583333333333,740.7540458333334,718.1136833333334,747.3016666666666,773.8747291666667,759.1746541666666,706.9958333333333,724.1220249999999,722.3347791666666,696.26375,735.81605,752.0914208333332,753.8766666666667,727.2550458333333,700.8195000000001,701.3733333333332,725.3667041666665,710.02685,669.9547916666667,688.2473,686.3008125,621.6610416666665,553.8495791666666,575.0023333333334,691.543125,647.2292375,614.6842749999998,587.7076041666667,512.9413750000001,472.2225791666667,492.60093749999993,387.37099583333315,321.1453583333333,239.63229166666673,203.21462916666655,244.39639583333337,396.6805208333334,396.42882083333325,258.9600708333334,187.42281250000005,176.85981666666643,192.7906833333334,151.46645833333318,52.3255833333335,39.245566666666605,87.21291666666676,-63.772587499999986,-127.7590958333331,-20.4648958333334,-48.607041666666646,-75.42179166666676,-113.1925,-142.00875416666673,-190.0479749999999,-235.77125,-142.52877500000005,-131.2638500000001,-219.20000000000016,-164.6027083333331,-176.28421250000002,-288.00541666666646,-341.05896666666706,-315.43885,-243.17260416666667,-231.05112500000018,-189.63338333333337,-91.99656249999998,-174.20822500000008,-121.21547916666663,-10.483020833333114,25.508124999999836,-42.54521666666653,-111.76604166666664,-7.548666666666918,63.5267208333334,53.937291666666795,160.03369166666667,243.0137291666665,329.73322916666666,315.03046249999994,363.8994749999999,467.89947916666665,435.54408333333316,413.95205416666676,482.24739583333337,584.1196333333334,613.1543541666668,631.4616666666667,724.9832208333335,762.4698916666665,840.543125,886.7610541666667,895.1077,912.4958333333333,1037.3357583333332,1008.4536791666667,825.2645833333333,818.0494958333333,871.0233166666665,911.2183333333332,914.4896916666667,925.8164291666667,964.3491666666666,1002.8063708333333,1014.5125166666667,975.5720833333332,961.0589833333332,998.6407708333334,984.3641666666666,990.4953416666666,975.6520333333332,975.4254166666666,993.6968875,1001.3390875,997.7008333333333,965.0414333333333,987.1473041666667,1000.5791666666665,993.1968416666667,932.3030083333333,828.2674999999999,770.9927041666665,758.0317333333332,808.3195833333333,784.4546083333332,783.8122875,738.2916666666665,762.6150375,781.3001749999999,797.4916666666667,817.8839708333334,786.8355624999999,767.1366666666667
757.9183958333333,754.6023916666667,761.8899999999999,767.16505,770.5437541666665,767.08125,785.5934249999999,748.9889541666666,727.1295833333332,736.1609875,708.6124083333332,719.1841666666667,752.3873749999999,757.1157583333334,726.7125,703.3329166666667,705.2809541666667,724.8145833333333,730.6169333333332,722.1109208333334,723.7087499999999,752.55605,720.9918958333333,659.18,693.3404499999998,707.4184375,673.0879166666666,720.0914708333332,703.1244666666666,687.7794791666666,675.6697708333331,696.8965125000001,655.5702083333333,564.7686708333333,619.8011958333332,708.5298958333334,676.2720083333332,621.9431041666667,590.9372916666666,520.0482041666667,455.24844999999993,466.36041666666654,385.9346999999999,326.64007083333325,223.54781250000002,188.73787916666663,243.4039958333333,385.34031249999975,354.04101666666656,204.7507041666666,162.40812499999996,146.31638333333322,166.71130000000002,160.0984375,169.2427499999999,97.75987083333322,2.05979166666674,-84.42165833333326,-91.08955833333312,-53.036041666666705,-115.57098333333329,-66.49536666666677,-10.31062499999993,-72.51709583333351,-130.08387916666663,-137.76645833333333,-217.96402083333322,-201.72381250000007,-239.49197916666685,-242.4905791666667,-230.19228333333302,-247.84062500000022,-264.94652500000007,-262.2406499999998,-196.1131250000001,-164.27156666666679,-103.0388041666665,-53.19697916666655,-116.55137083333369,-35.81469999999996,27.58281250000016,-69.38597083333349,-86.7401499999998,-61.916875000000175,-17.31124583333343,28.826166666666722,84.07083333333347,183.66471666666675,230.86959999999968,251.7834375,283.8135208333333,310.82551666666666,386.0041666666666,414.77700000000027,491.0003375,550.547708333333,573.61795,605.5868499999999,674.7229166666664,710.0470458333333,769.7589999999998,815.715,892.6351333333333,923.3477375,935.0380208333333,1002.2539083333332,965.5382416666666,823.3397916666668,840.4445666666667,863.6249291666667,860.3261458333333,914.9524875,968.4622416666666,988.3020833333334,957.2635500000001,959.5097249999999,977.7379166666666,991.3847999999999,990.3010125,963.0308333333332,926.7903083333333,921.5941958333333,944.8379166666665,986.5748375000001,968.5265125,954.9983333333333,968.5691124999998,998.1077666666665,979.8449999999998,986.1428666666667,918.1707374999999,757.3900000000001,717.3416583333333,793.9216625000001,837.4183333333333,779.0078124999999,768.8150958333332,796.2058333333333,782.980775,762.4353624999999,756.5766666666666,751.1312208333334,787.3827458333334,826.7425000000001
824.7378291666666,794.2764166666666,798.9366666666666,802.8178291666666,787.176025,788.0758333333333,789.2669583333334,775.9666416666666,761.5425,770.0306916666666,773.9261666666666,753.3491666666666,758.6594958333333,760.7399708333335,746.5999999999999,745.6423666666666,737.9562583333334,745.8691666666666,783.3655333333332,800.3426916666667,744.2666666666667,713.0304125,737.5994583333331,711.47875,725.6888875,707.4537375,686.3362500000001,718.6980875,722.1754791666667,726.1573958333333,706.4221833333334,700.6431208333335,670.1402083333332,599.611225,629.7313208333335,710.744375,737.0173458333333,674.5180791666667,579.5515625,537.90785,522.7733458333333,473.3777083333333,360.2234916666665,306.6838583333333,277.6136458333334,184.2666916666666,218.75850416666677,401.15833333333336,375.4283916666667,193.27050416666688,120.72656250000006,150.91400416666656,187.85038750000015,142.63531250000005,148.74943333333331,77.72952499999991,-20.402187499999968,-75.92363333333321,-90.74242083333309,-33.72375000000014,-58.410445833333085,-59.75887500000016,-94.16875000000005,-116.61474583333307,-150.92943750000012,-135.9436458333335,-154.0613625000001,-174.98459166666686,-199.99791666666687,-231.7707458333336,-275.9488791666665,-332.24239583333343,-331.72660833333344,-303.98127083333316,-242.0334375,-200.6985416666668,-156.85630416666663,-97.81812500000001,-140.96612500000032,-37.423599999999965,75.43010416666652,17.671662499999968,35.577704166666706,125.75687499999998,77.76879166666657,131.6791208333334,221.3727083333334,289.0609833333335,308.8397541666666,345.9142708333334,365.0572791666667,392.99026250000003,433.73760416666653,412.5403625000001,452.08185833333334,545.7860416666664,593.4985666666666,635.8571291666666,745.7555208333333,746.9785375000001,781.4645374999998,806.3756250000001,905.0274958333333,945.5831833333333,943.759375,1039.5276583333334,1000.9910041666667,834.5532291666666,840.39805,896.507425,951.2377083333333,949.5713958333333,936.3521708333333,983.1795833333333,967.212225,979.9910708333333,1019.5758333333332,1018.8326458333333,1011.1320541666666,992.5479166666667,970.8119291666666,967.7409499999999,970.5041666666665,994.8796666666667,972.0010041666667,962.5445833333333,987.15545,1015.3329458333333,996.6399999999999,1015.0264708333334,948.0465833333333,825.105,793.4612374999999,804.1977541666668,812.6716666666666,770.0142333333332,791.7238416666667,825.5883333333334,801.5054166666666,815.0800666666668,815.9558333333334,773.251375,780.0445708333334,797.8629166666667
777.1045208333334,760.7816124999999,773.2974999999999,771.3272999999999,754.3555499999999,754.6245833333334,780.8258999999999,769.9940041666666,781.5258333333333,774.6125166666667,780.8332541666666,757.9579166666666,773.1911375000001,765.77485,762.1649999999998,757.7009625000001,741.3627958333333,715.3,722.9566,737.0035208333334,692.7433333333332,733.7051125,765.2873916666665,707.8166666666666,744.3401875,732.8956708333333,710.0370833333334,719.7621708333332,713.0948374999999,720.9167708333332,722.28625,705.6192833333334,668.9794791666666,593.4682166666666,625.9682041666669,711.3506249999998,703.581425,647.8469291666667,589.061875,500.2902083333332,472.464175,467.15072916666657,394.0043124999999,299.7587083333333,267.6219791666668,216.74832916666657,306.83574166666676,465.42916666666656,411.3596041666669,341.3365291666669,337.3142708333333,261.6702583333333,159.78515416666653,136.981875,126.5729416666668,49.61272916666658,-58.12718749999982,-155.21398333333337,-192.35694583333316,-157.85427083333337,-195.87760416666652,-154.33132500000022,-123.7209375000001,-142.66976249999982,-181.91967916666675,-159.09697916666664,-119.12950833333343,-160.2305166666668,-197.9894791666668,-224.62512916666657,-226.45302083333343,-236.71458333333305,-294.8620583333336,-312.58250833333346,-281.00437499999987,-245.7984125000001,-173.72674166666678,-130.7102083333333,-199.40829166666697,-81.34728333333328,2.0745833333334076,-46.04565000000002,-71.65350000000001,38.764791666666554,60.49054166666656,132.79446249999995,189.6207291666666,235.4950333333334,261.73035416666664,303.1392708333334,281.2126666666666,320.3507916666666,347.371770833333,411.0860625000001,498.7648166666667,577.8643749999999,588.5051374999998,638.7451624999999,753.5554166666666,737.2326583333333,780.8728583333332,891.1396874999999,850.0505958333333,858.6833124999998,952.8119791666668,1052.2383666666665,982.4127000000001,806.403125,861.4419458333334,940.0902666666667,940.7908333333332,921.9609041666666,920.0795166666666,987.6110416666667,976.0645208333334,995.0975041666666,1017.3808333333332,990.3294041666667,986.0857208333332,997.3545833333334,984.4436666666666,976.9431,993.6099999999998,972.5926666666667,953.2615249999999,978.2133333333333,988.3351208333332,989.9932749999999,955.1825,990.4034708333332,906.3682833333332,780.5670833333334,800.8428916666667,846.5245083333333,844.6441666666667,764.6560499999999,782.5863083333332,780.2762499999999,778.3803916666666,788.3430083333334,830.6395833333333,807.0694416666668,795.9863166666667,791.8291666666665
792.8180583333333,812.3349166666667,782.9029166666667,780.3945749999998,765.6484375,800.8520833333332,769.5581374999999,735.7888791666667,757.2208333333333,766.4360625,758.2402416666666,742.5466666666666,763.6372291666667,762.4066125,758.02375,775.1811791666667,755.3955708333333,711.2029166666666,732.8978333333334,769.1284041666667,743.78,744.4917458333332,737.6248874999999,687.00375,727.8040624999999,709.5222458333333,682.5395833333332,722.3059708333333,739.4419208333334,749.5455208333333,719.25775,683.053675,647.0407291666666,605.3571666666667,652.4368875,693.0402083333333,684.01695,612.117825,565.8883333333332,484.60317916666645,451.2380958333334,426.40937499999995,336.31714166666654,270.62429166666675,232.40635416666677,211.70082083333324,320.7300416666667,476.0795833333335,418.80611666666675,331.78605000000016,307.18937500000004,267.03892500000006,244.7494874999999,259.6101041666667,245.6301166666666,195.56993749999987,112.19041666666664,10.072645833333127,-70.09849583333352,-70.83854166666657,-22.21779583333347,-10.806120833333182,-46.385104166666906,-121.60330833333342,-154.32322916666698,-225.36666666666667,-196.37331250000017,-199.65865833333356,-235.97687500000006,-238.84582083333333,-212.96909999999997,-251.85322916666632,-334.23225833333373,-258.7055458333334,-210.03083333333325,-202.9423708333333,-162.39212500000002,-83.15927083333327,-129.76080000000024,-125.22044166666666,-35.24729166666663,-11.953595833333452,35.47382499999998,117.60802083333328,142.17453749999999,160.63501250000007,175.3511458333334,246.04795833333355,270.18532083333344,347.9689583333334,363.32555,382.4984666666665,369.95749999999975,423.4325458333335,507.4060666666667,582.9265624999999,608.9423625,649.7562999999998,747.3820833333333,799.3454041666668,865.4146791666667,896.9482291666668,895.4731458333332,884.5293708333331,941.9296875,1017.9803749999999,977.3367583333334,835.5192708333333,860.5627833333334,895.0357,895.1333333333332,942.3093333333333,940.2449458333333,967.5431249999999,976.2642291666666,1001.6508708333332,959.38875,961.3211041666666,973.2059999999999,975.6387500000001,965.9848041666667,966.7301833333331,1008.6379166666666,1008.660375,995.1239666666665,992.6845833333333,986.0607875,979.5224374999999,996.9733333333334,1019.9993541666665,923.8550124999999,799.5004166666666,794.0039208333333,814.0960208333333,784.4708333333333,761.7575249999999,791.2263375,782.3783333333333,813.2731958333334,804.6247291666667,796.9295833333333,794.5291500000001,729.6591583333333,598.41875
581.3782083333333,601.8743374999999,577.0475,612.3944541666666,600.2544166666665,589.00375,585.1609291666667,604.4266666666666,603.0945833333333,608.1219375000001,563.99705,544.4708333333333,634.9140249999998,643.4333958333332,587.1620833333333,588.7810791666666,589.9992625,539.7091666666666,552.3621916666666,588.12075,587.7037499999999,579.2118208333333,564.0932916666666,529.3533333333332,555.6806375000001,553.5033833333334,547.5995833333334,541.8700249999999,533.9909583333333,553.9827083333333,553.4183875,534.5772333333333,481.7352083333332,446.0674666666666,404.35861250000005,314.5448958333334,315.990375,270.49960416666664,191.8033333333335,146.9759541666665,147.84490416666665,183.43874999999997,122.07798749999989,55.03737083333334,-18.268125000000083,-8.751791666666776,8.805025,-36.761041666666586,-99.03542916666675,-106.59813333333324,-146.17718750000006,-196.8952416666666,-189.10371666666663,-143.52593749999994,-171.34374166666692,-222.08984583333347,-283.20250000000004,-309.240575,-333.25344166666673,-318.3451041666669,-395.06785000000025,-409.32052083333315,-420.1876041666666,-414.6268624999999,-460.89063333333337,-542.1929166666664,-622.8229541666665,-632.8310958333332,-601.6075,-567.7950624999997,-588.5670541666667,-569.6181250000002,-545.1311874999999,-593.3814875,-638.62875,-614.3766583333334,-573.7693,-515.810625,-594.4992375000004,-578.4167375,-468.3743749999999,-458.38109166666675,-453.4071083333334,-373.91312500000004,-362.77741666666657,-311.2567375,-243.05354166666666,-151.68766249999987,-166.68721666666647,-110.84489583333317,-152.63516249999986,-123.73890833333348,-117.87770833333354,-66.82163749999972,18.43149166666666,80.80197916666657,77.28166666666681,100.65364583333309,185.4843750000001,292.2379708333334,310.46508333333327,241.83864583333332,246.894725,295.4639458333331,391.3620833333332,422.82259583333337,507.33027083333343,577.2691666666666,601.7538875000001,611.8318458333333,612.9762499999999,675.1550583333334,733.5284083333333,663.7007291666666,703.8774958333333,727.6382708333332,689.4716666666666,699.8410291666668,716.2086083333332,728.4387500000001,696.4055999999999,702.9447708333333,719.9766666666667,727.9063375,721.3342291666665,723.6383333333333,723.3957291666666,705.2094624999999,712.1008333333332,744.6791249999999,686.6707541666667,609.4808333333333,619.47445,646.0934041666667,627.2616666666665,629.0766708333333,641.9942833333334,588.1920833333334,618.9066833333334,594.3415041666667,640.9849999999999,647.1068875,638.8642333333332,632.29875
599.86805,599.6699458333333,597.7391666666667,621.4803166666666,596.2939499999999,581.9654166666667,563.0414291666668,609.3200291666667,637.6929166666666,589.7675625,531.9747374999998,549.1037499999999,619.8505374999999,626.6309249999998,597.0691666666667,585.3641041666666,588.8512666666667,565.3425,574.8494874999999,585.4506791666666,561.7970833333334,550.9036249999999,554.3644791666666,544.21625,579.6035833333334,565.6140750000001,544.00375,543.0680041666667,542.7335625,563.3535416666666,565.0091291666666,554.77895,507.4852083333332,459.05263333333323,400.0189083333334,300.6976041666667,304.2600416666667,276.4129166666666,218.77593750000017,172.82164166666655,136.8737125,124.42760416666658,53.432774999999936,23.962075000000027,-21.050104166666728,-60.42700416666676,-68.87282916666669,-89.77093749999995,-141.01759583333342,-127.03342916666656,-149.47333333333347,-235.6196624999999,-250.23576666666668,-191.81177083333324,-211.18864583333357,-255.50175833333344,-305.0190625,-322.8611958333332,-383.73490833333335,-416.8383333333334,-477.3037250000002,-499.1191999999998,-546.2466666666664,-512.6523583333332,-482.72855000000004,-497.4281249999998,-569.5274958333332,-590.2937666666664,-562.6498958333334,-542.8213999999998,-638.8313791666667,-682.5551041666668,-579.6988374999999,-582.4873083333333,-652.7563541666666,-605.0075875,-593.3149958333333,-604.2205208333332,-666.3592875000004,-647.9930208333333,-565.9805208333332,-524.5230833333335,-479.95711249999994,-384.45687499999997,-362.34850833333326,-310.64660833333335,-250.8788541666666,-163.27967083333317,-177.38902499999983,-101.64354166666658,-95.14367499999992,-66.97119583333358,-106.27656250000024,-63.54837916666645,24.67843750000003,88.61104166666667,106.40802916666689,163.67027499999983,253.2000000000001,302.00535833333345,302.54585,278.6827083333334,310.7329833333333,340.9955958333332,402.9658333333332,434.13211666666666,511.2049416666668,565.7651041666667,607.4517333333336,623.8424291666666,611.8657291666665,676.5955499999999,737.2282583333333,657.9794791666666,685.9247875000001,711.3420458333333,693.5608333333333,726.4527666666668,727.0546791666666,712.6941666666668,709.3714916666665,730.0629208333332,731.8866666666668,746.9255499999999,730.6823541666665,706.2008333333333,707.2353083333333,697.1079916666665,709.2316666666666,756.4861999999999,707.0766958333334,622.9024999999999,616.2281708333334,630.4368083333333,608.9891666666665,612.3217333333332,622.0600958333333,563.27875,601.1594,602.7542541666667,661.6725,636.9214999999999,682.6712333333332,790.1816666666667
771.9532916666667,752.2522249999998,747.0954166666667,766.7181791666666,749.0235374999999,750.5441666666666,732.0898583333334,755.3917708333333,770.4295833333333,759.3577833333334,715.0809999999999,710.6070833333333,778.4566,758.8977958333331,709.7929166666667,758.7239999999999,767.3456833333333,683.1704166666666,693.0449624999999,727.6038125000001,717.7316666666666,720.6663166666666,736.8425749999999,722.58125,726.3157375000001,704.7254875,710.0266666666666,728.7465249999999,718.6523083333334,712.923125,704.7712375,693.9782291666667,635.0073958333332,570.3032249999999,606.8244041666667,660.5778125,689.3506916666666,638.4009666666667,573.3787500000001,519.5350083333332,473.70280416666674,452.6513541666666,374.54048749999987,327.40270833333335,253.62062499999996,208.50600833333326,323.6526499999999,489.3648958333333,491.18282499999987,468.70314166666674,417.9305208333333,355.2591749999999,286.73715,239.0642708333334,221.12242499999977,197.06405833333324,111.77916666666653,32.65527916666662,15.579116666666664,87.75812499999978,17.64479166666638,-46.657454166666525,-102.37552083333316,-65.54744166666649,-66.36565416666679,-131.84239583333317,-213.70072499999986,-212.9442541666666,-164.28479166666682,-147.74390416666654,-250.9088291666668,-326.7112500000002,-307.7970166666666,-296.46145833333355,-286.3830208333333,-259.013625,-182.8761541666667,-71.7541666666666,-179.31202083333375,-186.9414374999999,-59.04124999999982,-39.43303750000018,-32.01704166666673,57.27833333333328,87.39419999999993,123.12438749999995,169.55916666666653,304.0364208333334,305.14762083333346,346.8317708333334,344.21945416666665,380.70845833333306,344.810833333333,379.1388583333335,473.0262916666667,555.0990624999998,570.6229791666668,591.4378708333332,649.8110416666667,737.2190958333334,817.5129624999998,842.0946875,836.3532291666666,835.2000749999997,938.2334374999998,1037.5388416666667,988.3376791666667,809.4902083333334,833.2540875000002,908.4881624999999,903.2016666666666,935.7554166666666,988.6318541666666,936.3948958333333,980.0108291666667,994.6629041666665,955.23,983.4088541666667,985.8795083333332,968.7825000000001,959.6554958333332,987.1250583333333,1004.2166666666667,1024.724575,1019.9620124999999,996.2591666666667,957.9841583333332,948.4158041666666,990.8449999999999,1004.6706499999999,901.0659583333334,784.1933333333334,768.5429333333334,784.6202458333332,773.1966666666666,795.3453249999999,794.8532708333333,705.8329166666667,740.1572208333334,737.8825208333334,793.7683333333333,802.4029208333333,790.6016499999998,769.5483333333333
740.2347416666667,705.3377,715.4687499999999,760.6991875,740.6892999999998,730.365,734.0060333333333,736.5722041666667,703.1233333333332,740.8132375,746.741075,727.7254166666667,786.0213958333331,775.0900833333332,721.6341666666666,699.0537458333333,710.6477375,709.1775,714.4558791666667,727.9284749999998,730.5408333333334,704.6957833333333,684.2760583333333,670.6175,696.5708416666668,695.6863791666667,679.6095833333334,706.9949333333333,694.0683666666666,683.9754166666667,689.9717583333332,684.97885,647.0025,584.7258291666666,606.1750666666669,644.0775,649.511825,580.7871041666665,569.2832291666667,516.3078166666666,452.96018749999996,409.50374999999985,334.5535083333334,257.5631166666667,201.7875000000001,164.59275833333336,298.17319999999995,434.79749999999984,418.0893666666667,386.8940458333334,390.57291666666663,329.3228583333332,235.88952499999988,221.59437499999993,226.27519166666661,200.2995624999998,146.09114583333326,103.41989583333338,94.30893333333336,72.42968749999989,-42.91595833333349,-96.33519583333327,-71.47739583333345,-71.60808333333347,-85.59709583333353,-105.86833333333323,-169.7803333333332,-175.33761666666646,-98.54895833333347,-112.20000833333307,-166.81114583333334,-178.00052083333327,-119.83453749999978,-140.40241666666668,-191.1905208333336,-142.45977500000015,-90.3996791666666,-117.57895833333316,-166.30024166666652,-167.99698333333316,-152.935,-193.2023124999999,-139.91433333333356,-8.664999999999964,-26.43165416666693,-73.70966249999987,-38.82937499999986,54.52134583333327,169.19860416666657,194.68656250000006,229.66957916666644,260.31888333333313,261.47822916666667,323.81335416666656,443.22552916666666,537.6613541666668,548.2513708333332,583.1317166666666,691.6595833333333,744.4787375000001,792.2626708333332,839.3522916666666,819.2814416666666,867.9483333333333,956.1772916666666,1028.6801541666664,986.9454791666667,818.3263541666665,827.4915791666667,874.2809083333332,865.3192708333332,916.4161958333334,975.4826541666666,933.3702083333335,956.6688583333334,957.5077541666667,910.7170833333334,977.3723458333334,981.4232583333333,967.5441666666668,942.8748083333332,944.9766541666665,969.1924999999999,1003.0197958333333,984.1512291666666,974.4033333333333,979.8048624999999,978.2993291666664,993.2712499999999,1008.8015416666666,905.0416166666665,759.0754166666667,757.4717416666666,768.3032374999999,777.0241666666666,822.7735666666667,771.2189583333333,688.89,736.8576333333333,747.7440458333333,756.8245833333333,763.9921333333333,774.4200625,766.2154166666667
739.2989124999999,710.3205458333333,736.3187500000001,787.1176875,739.0802166666665,702.2404166666666,690.7295666666668,718.8981916666665,724.0370833333333,731.9888791666667,741.2870583333334,741.5454166666666,727.8300416666666,721.7065458333333,697.1616666666665,696.1062291666666,702.8493124999999,701.7870833333333,694.7741666666666,727.5073791666666,756.0666666666667,729.4220291666668,706.72955,711.1716666666666,690.7692249999998,686.7620833333332,707.9879166666666,696.0398,661.9823291666668,669.2325,662.4615416666667,661.2501374999999,643.0192708333334,607.2792,619.5955624999999,653.1801041666666,691.4047375,608.9433833333333,534.3790625000001,517.4625208333332,485.77746249999996,403.6653125,357.08932500000003,326.6868708333335,244.88854166666664,149.3310083333334,229.89820833333334,354.5163541666666,355.41389166666676,247.8661791666668,148.71677083333327,182.2676791666667,130.99208333333326,14.079062500000049,-22.91119999999998,-51.68923749999985,-96.54916666666679,-21.249004166666566,-54.89247083333345,-120.90281250000027,-151.3337083333334,-134.27635833333352,-156.0382291666665,-212.97458750000033,-206.0097291666665,-178.7083333333334,-254.58412499999991,-245.6324125000001,-148.97458333333338,-211.4947333333334,-263.68421666666666,-361.8320833333331,-396.1327333333335,-358.12406249999987,-335.98239583333316,-330.1516374999998,-327.66696666666667,-263.84583333333353,-174.27891666666648,-168.83021249999985,-148.5160416666667,-124.19607916666678,-77.98492499999992,-39.02999999999986,-70.99258333333307,-41.89273333333341,26.862395833333295,66.30932916666683,38.49462916666667,103.26791666666671,198.6134416666665,277.09670416666665,258.78968750000024,298.5377291666664,415.32914583333326,517.3246874999999,536.9936375,575.751675,672.2036458333332,652.7513916666667,666.7085458333333,765.5414583333333,776.5574208333333,831.4609291666667,947.4984374999999,1020.3457416666666,956.8259791666667,790.2873958333333,819.8574416666665,887.1382083333333,892.1989583333332,949.2268916666667,1006.974775,994.5175,914.6028833333332,905.572325,956.4216666666666,995.2826333333334,967.5148166666665,960.0983333333332,963.2205833333333,945.5390375000001,940.1416666666667,965.4193875,969.2097291666666,935.9308333333333,934.4097,938.2975499999999,970.2133333333334,998.8560916666667,912.0506083333332,764.3333333333334,757.3037541666667,771.700125,738.1324999999999,787.1690416666667,778.7341375,746.56,738.6061083333333,740.7255250000001,756.6025,748.5140541666667,749.4150708333333,759.5466666666666
752.9579,680.9900875,697.1329166666668,749.0100458333333,746.5726583333332,736.1754166666666,742.6937541666666,732.9897375,716.0395833333332,727.9230458333333,708.7213916666666,696.2716666666666,728.7670874999999,756.7833416666665,710.5266666666665,699.6649083333332,691.0513791666666,725.7716666666666,677.6928583333332,673.0492083333334,701.2691666666667,700.86945,713.6743166666668,707.0479166666667,714.8561749999999,726.6658708333332,729.5049999999999,712.7532416666666,687.346625,663.5754166666666,672.4127166666666,670.7226291666667,641.9918749999999,593.6819499999999,600.4575625,684.6148958333333,699.2124541666666,624.0820958333334,569.3116666666665,568.6858750000001,502.96313333333325,408.34124999999995,332.13734166666666,293.3049333333333,276.5632291666667,194.75204583333328,284.4647583333334,401.5496874999998,358.0049458333333,271.74721666666665,221.6458333333332,158.0294291666665,95.37699166666678,14.143854166666728,7.016654166666598,-58.60639583333318,-167.9130208333333,-177.24265416666657,-141.28255833333344,-218.77614583333354,-274.9676750000001,-247.64356250000026,-208.08791666666656,-243.04002083333376,-240.9087583333332,-193.73843749999992,-194.06965416666657,-211.99219999999997,-201.5519791666665,-238.51014999999984,-311.14083333333326,-338.97979166666676,-391.76114166666673,-413.37756666666644,-443.33729166666643,-381.69285416666673,-339.2874375,-366.7691666666668,-360.01259166666665,-321.67753749999986,-264.8297916666667,-216.2450374999999,-203.6663791666665,-227.15895833333354,-181.61289166666654,-81.10397083333345,-3.8908333333333758,-21.391341666666676,36.39574166666665,157.52677083333336,225.04812499999983,209.3741249999998,326.76124999999996,384.3669541666666,454.5743916666667,453.67770833333344,500.71627499999994,560.3417916666667,650.1566666666668,627.9657666666667,641.3166375000001,733.0217708333333,815.3959208333333,834.2637666666668,904.4056250000001,1037.3315708333332,974.6481375000001,775.7513541666666,824.5127958333333,892.1221291666666,907.3608333333334,952.9916333333332,983.64735,973.2683333333333,892.7470916666666,894.2317708333333,924.2416666666667,972.4519125,982.7295041666666,962.3495833333332,969.7312541666666,959.9219750000001,941.3358333333333,910.9839291666667,919.6942999999999,957.8958333333333,967.1090124999998,941.3019416666666,943.3275000000001,970.824575,893.4482541666666,761.985,797.1978416666668,833.6583499999999,770.0970833333332,761.7216333333333,755.9035458333333,753.3495833333334,717.2709083333333,709.5068541666667,761.4133333333333,779.2704791666667,766.1426541666666,738.2570833333334
737.2913833333333,711.0443291666666,765.7658333333334,745.2412291666666,735.5929666666665,733.9820833333332,714.0196125,714.7167791666667,721.7233333333332,701.664175,682.0554791666666,684.3137499999999,697.386625,689.4908166666667,721.3012499999999,709.3164083333334,677.0643708333333,677.2666666666667,668.3012166666666,689.144,745.6541666666667,750.5009458333333,715.6153208333333,666.0204166666666,690.3868333333332,710.7118999999999,714.7291666666666,730.2408708333332,697.7846625,711.9354166666666,683.0664583333333,650.4567583333334,614.395625,590.1071166666666,640.9693541666664,726.4368749999999,675.9878541666667,575.3323958333333,531.8803125,499.1029999999998,434.48677916666685,357.4581249999999,276.4168541666666,241.36047499999998,167.7785416666667,108.0252416666666,203.84516666666673,347.11604166666666,332.67814583333325,244.98032083333328,150.27406249999996,123.52773749999977,122.18687083333333,74.88270833333343,10.37982916666644,-27.7865208333331,-48.60208333333321,-150.22162083333333,-185.55641666666676,-176.7359375000002,-205.0952041666668,-224.80078333333307,-225.07614583333327,-281.6502000000003,-351.1568041666665,-357.2448958333332,-379.00092499999994,-342.25345833333336,-274.5781249999999,-285.29204166666665,-383.6937374999998,-465.2004166666667,-448.7207916666669,-423.8673375000001,-385.2581249999997,-362.6903125,-331.6514874999999,-292.33500000000015,-260.07367500000004,-275.16577083333334,-281.2986458333334,-159.3079708333333,-119.24247083333313,-187.24614583333346,-117.77694583333312,-49.21991250000002,-5.8641666666666765,-7.116949999999974,35.79119583333332,136.82385416666673,224.8992999999998,209.06396249999986,324.22052083333335,406.1976708333333,471.3752750000001,453.58500000000015,516.6250625,574.1389083333333,639.4115625000002,680.7936833333333,716.3936583333335,766.3863541666667,845.7628833333332,875.4158041666667,915.1451041666668,993.2844249999999,940.2596958333334,785.0824999999999,801.6704916666665,836.3021875,892.7769791666666,947.6268624999999,965.9141625,897.8916666666667,921.531525,937.7599833333334,909.9829166666666,929.1078958333335,951.645125,962.6837499999999,976.2412083333332,953.6406541666665,948.5183333333333,948.2032375000001,950.4782833333333,966.5550000000001,954.2502291666665,959.3963458333333,957.7195833333333,985.0371375,905.9138250000001,781.1179166666666,799.9257541666666,815.0017124999999,800.9154166666666,804.1159083333333,771.9407541666667,724.4554166666667,738.8820541666666,737.8272916666666,754.2595833333334,784.5433541666666,714.6211666666667,578.6754166666667
599.3346833333333,600.5543375,585.6079166666667,592.1642041666665,609.2220333333333,607.8529166666665,591.4114333333332,573.3065666666666,576.2920833333333,566.8028999999999,545.4948041666667,512.0691666666667,544.3054000000001,546.1577125,555.1583333333332,561.4977708333333,537.1658208333333,508.0041666666667,530.0820249999999,562.7065749999999,587.5716666666667,556.5203875,543.6427416666668,502.92208333333326,540.8448833333332,570.3373541666667,529.6770833333333,488.00864583333333,489.91722499999986,527.9970833333333,536.3477,510.17599999999993,430.0983333333333,386.2923708333334,395.88836249999986,357.78114583333326,278.656225,224.1766583333333,218.0894791666667,140.74709999999993,125.6707541666666,126.13239583333336,50.42761249999995,-14.0391208333333,-61.51895833333333,-89.46737500000009,-123.38825416666663,-183.85385416666668,-205.6020208333333,-280.20056249999993,-388.54447916666663,-400.9212500000001,-405.9233208333334,-446.8711458333331,-461.6634,-494.45286666666664,-547.7679166666667,-574.1337833333333,-583.2829166666668,-587.6285416666668,-608.6518791666667,-607.0867124999996,-576.520625,-613.2149249999999,-675.4129249999997,-684.4616666666665,-689.0052374999999,-703.9987583333334,-688.0657291666664,-684.719170833333,-712.2453874999998,-722.6453125,-735.9546208333334,-800.1975,-846.5697916666666,-835.6169124999997,-810.5717458333334,-863.4848958333334,-789.2823833333334,-770.3247166666665,-785.7401041666664,-760.8432333333333,-735.2951083333332,-713.6109375000001,-628.8749874999996,-545.9177166666668,-476.76718750000003,-477.0300541666667,-450.3972708333332,-352.94843749999984,-299.7245875000001,-309.6201875000001,-173.6245833333333,-120.2789958333334,-52.86505833333331,-40.78656249999983,-9.052575000000047,16.081954166666605,69.04489583333338,152.9788083333333,143.41496250000017,116.82302083333332,179.7132875000001,271.4597041666668,333.8941666666667,414.82882499999994,490.17491249999983,545.9165624999999,558.7020749999999,568.4006458333333,640.1082291666665,707.2487249999999,695.1693958333333,645.5345833333332,642.8518916666666,660.9321625,643.8966666666666,660.7021125000001,678.9012166666666,691.7225000000001,692.9867666666665,673.5198750000001,658.1808333333333,652.4731458333333,651.0748958333334,661.08125,697.8793291666665,705.5369041666667,680.4879166666666,713.4226708333333,662.9658416666668,593.8945833333335,624.3618541666666,663.9005458333334,646.7295833333333,617.1827708333333,615.5357458333333,621.6020833333334,621.1790875,601.4613583333334,612.0083333333332,614.4825166666666,614.7999541666666,603.2683333333333
613.5653125,580.9885583333332,578.0358333333334,593.6693124999999,600.1888250000001,581.6345833333332,570.2837499999999,588.9117124999999,613.6983333333333,555.2090458333332,518.410675,512.5454166666666,528.0212916666667,531.2771583333333,570.4983333333332,577.5000375000001,551.1301583333333,525.76,534.9150208333333,552.8746416666667,569.5675000000001,534.2288416666667,539.4530291666667,522.95625,550.0198749999998,553.3483375000001,502.3466666666666,479.60095,491.2864833333332,514.0633333333333,506.53397083333334,505.2592916666667,463.44635416666665,401.45439583333336,385.1936083333332,347.0239583333332,280.12992499999996,232.78806666666662,232.00635416666677,168.59980416666662,133.7181916666666,89.04947916666663,0.4253874999999425,-48.280270833333304,-85.27583333333328,-135.3934458333334,-170.70427083333328,-213.70406250000008,-246.51595416666657,-292.60424583333327,-360.94718750000004,-419.0972958333334,-433.28341250000005,-432.14864583333315,-461.26981666666666,-509.40565416666675,-558.7713541666667,-603.3993833333333,-632.4722208333335,-650.2566666666668,-689.3576166666667,-685.4205166666663,-638.3478124999999,-672.2424916666665,-700.1491624999998,-669.1868749999998,-705.6788708333333,-754.5215125,-742.5684374999998,-751.8003833333331,-813.4087041666663,-846.9013541666668,-828.9501708333333,-869.5173958333334,-899.8892708333333,-830.6977541666664,-803.2807625,-901.6190624999999,-815.4168208333334,-804.3664958333331,-848.1645833333331,-786.9041499999998,-724.8978458333331,-703.89375,-630.282220833333,-551.8039708333336,-473.6433333333333,-458.03148333333326,-438.0451416666666,-344.60260416666654,-245.8356958333335,-260.89627083333346,-171.1021874999999,-96.80982916666676,-23.289179166666656,-30.520416666666506,32.75716666666665,83.82509583333331,115.75968750000004,152.1304,134.29055416666677,141.67708333333326,220.2134041666667,290.68943333333345,323.7464583333333,410.00935416666664,482.6432166666665,525.9166666666666,556.7132791666667,573.9699499999999,633.1267708333331,702.2656874999998,708.6918375,666.9174999999998,634.6945124999999,639.5916500000001,643.75375,680.3966250000001,697.4692541666666,701.7445833333334,714.5654874999998,698.1555041666667,672.2966666666667,666.9867083333334,668.4992208333333,673.1504166666665,695.8048791666665,695.2533666666666,670.0858333333333,702.7574625,665.822525,609.3758333333334,620.1027499999999,644.547325,632.5495833333332,606.1297875,588.3599916666666,573.1308333333334,582.75815,610.1171083333334,650.0787499999999,613.6365333333332,670.7083041666666,785.4208333333333
794.046375,723.2148458333332,719.1083333333333,752.6193624999999,780.96345,773.2216666666666,747.8679791666666,726.9146416666666,731.4875,720.4415291666666,696.3306333333333,656.3249999999999,674.1293833333334,670.5412999999999,694.4933333333332,728.7288916666668,707.3361708333333,654.9633333333334,662.3149208333332,690.2156041666667,721.78875,712.6253333333334,715.880075,675.4920833333333,704.6442249999998,721.7481625,680.6125,662.7741958333334,671.9564624999998,681.92625,653.7128458333334,642.4699499999999,593.6151041666667,520.6953083333333,602.5884874999998,714.4649999999999,663.0734166666666,590.7668583333334,595.0452083333333,540.1751958333332,488.03340833333334,411.7927083333333,313.34701249999995,250.9485,190.1220833333334,145.0316666666666,216.83985833333332,329.4215624999998,351.3904416666667,269.33107916666665,164.4282291666667,137.50803749999972,59.62994583333332,-62.69531249999983,-71.07159166666673,-92.44417083333335,-180.36000000000007,-254.4278958333333,-269.05677916666684,-247.16656250000023,-271.1103208333334,-282.53374999999966,-255.61166666666657,-285.98312083333315,-326.2304708333332,-326.1185416666665,-365.91626666666656,-368.6416708333334,-303.06020833333326,-325.65324999999984,-444.3488291666664,-541.3968750000001,-561.4139166666668,-564.3800708333335,-553.4716666666666,-553.8824458333331,-499.6613500000001,-489.70614583333327,-434.9606000000002,-435.0660166666665,-430.58593749999966,-393.1452791666666,-365.73625833333324,-342.2572916666668,-249.4237958333331,-169.56805416666685,-98.80218750000012,-62.58598749999999,-30.674883333333213,52.70833333333346,146.12293749999978,146.5168333333331,249.57177083333332,299.36935416666665,365.8200083333334,379.78229166666677,448.1207375,492.43061250000005,522.0867708333334,577.690025,621.2872125,685.5985416666667,740.983625,787.9024208333333,854.3129166666668,988.3205374999999,941.8868666666665,780.0548958333334,793.0620791666668,845.9632833333333,899.0392708333331,960.2057791666665,962.0203208333332,928.1970833333332,925.4904541666665,936.8927458333333,918.4895833333333,942.4922291666667,966.0739,973.8108333333334,960.1086416666665,932.8482791666667,929.6358333333334,951.7470333333334,956.779975,941.88375,949.7202916666665,957.7589833333333,957.4170833333333,997.0253375,904.0988000000001,769.4837500000001,773.2871124999999,815.3813,814.8525,803.9341125,774.440075,730.5070833333334,737.13475,752.846,786.18,782.8528208333332,770.6211416666665,764.2858333333334
779.8773666666666,761.5572416666666,728.7275,743.7682125,761.5535416666667,750.4695833333333,741.8451375,726.7342458333333,711.84,717.9523624999999,706.0245749999999,679.43625,690.4613083333334,684.4682708333332,698.3445833333332,713.0378083333335,689.7526416666666,665.1004166666667,691.2712541666666,697.8677208333332,704.9370833333332,677.705375,681.3016500000001,648.4133333333333,698.7798541666666,684.1908166666667,673.1741666666666,652.0219958333332,644.5999874999999,636.65375,661.8744791666666,667.0363375,615.5171875,539.3518875000001,621.1773041666667,712.1596874999998,623.7775624999999,576.8576625000001,615.2311458333334,490.3183166666667,392.6164499999999,384.56572916666653,307.9867333333333,237.49981666666667,143.9429166666668,66.7665458333334,194.85605000000007,359.45197916666655,326.1229958333332,262.48302916666654,266.99875,158.2306125000001,75.40754166666682,-7.122708333333179,-28.472162500000252,-43.3491916666668,-61.03239583333317,-129.48182499999984,-151.01099166666683,-193.77885416666658,-253.22062916666636,-215.27833333333314,-209.27135416666664,-266.95400833333326,-316.9811999999998,-328.30416666666656,-335.6627333333334,-335.39794999999987,-326.32708333333335,-329.53208333333316,-377.22765416666635,-404.70510416666656,-369.2481208333335,-389.09258750000004,-390.8034374999998,-332.6286833333334,-329.84307500000006,-325.5739583333335,-250.41167083333318,-196.38347083333332,-245.78645833333337,-218.91647916666682,-222.6998291666664,-217.16833333333324,-179.19414999999975,-114.57145416666691,-71.77010416666656,-71.27828333333338,-49.9540333333334,80.19166666666686,151.5247124999999,155.35675833333312,293.22031249999975,365.68337499999996,431.98903333333345,515.4588541666665,531.0124000000001,549.0004458333335,578.1948958333334,629.8805041666667,656.0233875000001,733.8710416666667,853.7816499999999,897.1383916666666,927.0668749999999,1048.407395833333,976.376325,815.2173958333333,822.9769749999999,870.0218208333331,880.739375,940.7925583333334,956.6711208333334,944.1270833333333,907.8146208333333,892.833975,871.3320833333333,927.3960583333334,959.5768375,956.92,951.018625,948.2405624999999,933.8479166666667,937.834425,932.2183708333334,939.3816666666667,988.3774541666667,983.8458166666667,960.5091666666666,978.3189499999999,893.6053916666667,760.5258333333334,754.6862083333332,810.129775,797.5991666666665,777.6230791666666,757.4690791666667,713.2883333333333,761.3590166666665,788.3333333333334,795.6562499999999,767.5781166666666,772.7566416666667,784.1066666666666
767.0574875,760.8474083333333,765.2533333333333,774.9915000000001,769.1532625,738.51875,717.7303791666666,712.5451041666665,722.9454166666667,726.5536374999999,696.0850833333334,682.7441666666666,682.432375,696.2475166666667,697.7191666666665,712.4275125000001,661.0764541666666,622.49375,700.4773166666666,769.1335999999999,734.0904166666667,675.8823416666667,667.8903083333333,674.4762499999999,670.7163708333333,657.3603208333333,665.0524999999999,643.5055416666667,646.9524541666666,644.0666666666667,650.3216416666667,650.3937708333333,621.4749999999999,572.0224874999999,617.5242708333333,706.8428124999999,665.9979291666666,597.4796791666668,547.4290625000001,465.3903625000001,391.53617499999996,356.49250000000006,295.23149583333327,271.1968999999999,193.65395833333332,28.1513291666667,135.4857666666668,374.3741666666667,356.51452500000005,270.6057708333333,238.3677083333334,188.25942916666668,86.31565000000018,12.265833333333518,-28.462720833333606,-63.95891250000014,-100.52583333333325,-146.82819583333327,-109.92977916666683,-61.963645833333146,-146.3645291666666,-188.65122083333347,-258.0626041666665,-293.4037958333331,-314.81475416666655,-267.36614583333335,-236.30272083333347,-271.05667916666664,-309.47270833333334,-322.1590958333333,-312.22009999999983,-378.96156249999984,-302.7331458333334,-369.0223875000002,-382.79624999999993,-303.834866666667,-275.04043333333317,-299.38687500000015,-235.62330416666651,-209.35262916666687,-261.38458333333335,-208.2316083333336,-151.04535833333318,-204.64697916666682,-233.05543333333316,-124.12495416666656,-48.209062499999845,-12.53034166666663,35.68554999999989,106.7879166666666,189.9609874999999,163.4644708333331,236.89218749999998,295.2984124999999,356.43448749999993,390.5633333333334,454.26179999999994,469.35422083333344,537.8415624999999,638.3012958333334,714.9849583333335,728.3865625,778.3470749999999,817.7870291666666,874.4789583333331,981.0910375,907.1245666666666,786.4333333333334,810.7083791666665,874.9092958333332,919.6029166666666,936.599475,956.8835666666666,950.7858333333332,926.8835291666667,924.6763458333332,900.7875,968.7015625,962.4711041666667,944.0541666666667,976.4580833333333,972.3834375000001,913.5158333333334,922.911675,915.2527833333334,906.0124999999999,954.7326249999999,944.5855124999999,931.7745833333333,958.3212874999999,890.0961124999999,772.0925000000001,752.6125749999999,808.2359666666666,792.5429166666664,758.9699708333333,768.7222541666666,781.915,752.3910416666666,752.9848916666665,791.5675,765.4765083333332,750.4604625000001,763.6066666666666
748.98145,732.9084375,724.1545833333333,742.5378875,759.1290291666666,740.0145833333332,719.6765958333334,722.2180666666667,701.8654166666665,727.3953916666666,714.2918833333333,667.3174999999999,659.1666291666666,684.8526499999999,701.3370833333332,680.9509416666667,697.2103874999999,677.3158333333333,699.4517249999999,714.8858708333332,691.8883333333333,681.1292041666666,662.1359,647.5604166666667,700.0897208333332,701.962975,675.5583333333333,630.2801166666666,645.5892791666666,660.8783333333333,685.3254208333333,677.3267749999999,647.8013541666666,569.2493,603.6216625,691.1779166666666,669.1797541666666,602.3053208333332,530.7251041666667,436.5369624999999,380.11445416666663,373.7990625000001,293.2358999999999,256.50812916666666,235.77614583333337,140.05638333333323,192.8290583333335,396.5146874999999,349.10095833333327,294.2430916666666,298.3834374999999,251.90670416666674,110.69969166666675,-2.102604166666424,-3.5964375000003486,-44.97654583333343,-144.79760416666647,-218.56289999999996,-193.05078333333347,-128.31895833333311,-232.551425,-273.4651041666668,-295.5863541666666,-329.46562499999993,-388.04869999999994,-341.4582291666666,-252.85822083333335,-254.28442499999977,-290.1701041666669,-349.87325833333324,-400.95807916666655,-451.48635416666673,-388.0772291666665,-396.10887083333307,-411.54468750000007,-378.1311375000001,-307.5704999999999,-240.4163541666668,-227.83337083333328,-246.72604166666645,-230.3660416666665,-319.77758750000015,-262.07039999999995,-161.99093750000014,-166.86012916666664,-106.88011666666654,-6.004583333333244,41.010416666666515,98.88297916666653,235.47531249999986,308.33213749999993,374.4748583333333,431.2263541666666,470.6405833333334,488.5577124999999,580.3641666666668,566.1759166666667,551.4892666666667,602.9683333333332,628.9604875,698.0725541666668,761.6804166666666,815.8890291666667,854.1532916666665,908.6605208333334,1040.2073874999999,945.7909708333334,774.0922916666667,827.8929375,925.6562583333332,963.8458333333333,948.8322250000001,951.1812249999999,922.1020833333332,901.2956291666666,918.5906583333333,919.1116666666666,948.3289875,949.6706791666667,944.1095833333333,969.9190083333333,980.0082833333332,937.5529166666666,921.3938833333334,920.3288999999999,933.5679166666666,965.3884208333332,943.7651791666665,914.9854166666667,948.5961166666666,884.0622958333332,775.9891666666665,773.8242125,827.7283041666667,817.4299999999998,755.4842208333332,741.4757875,756.6558333333332,734.4975375,721.3873458333333,761.9804166666665,775.7871124999999,739.7478458333334,781.68875
755.1912083333333,742.7414416666666,743.1658333333334,716.6539833333334,760.8780458333333,783.5404166666667,700.1296541666667,708.5645458333333,743.0108333333333,722.3512041666665,692.5358791666666,705.30625,687.6693541666666,701.5367374999998,731.9112499999999,679.0698916666666,675.019,693.44875,688.1093041666666,695.2545875000001,694.5174999999999,677.2848916666666,660.5203291666667,648.1129166666667,680.761925,681.1418916666667,660.2620833333332,636.1539541666666,696.0136374999998,707.57625,691.4650916666667,666.9947999999999,617.7524999999999,556.8837208333333,628.1270791666665,719.1160416666667,675.8100583333334,576.1298041666665,503.7921875,445.591275,428.7529833333334,365.34927083333326,310.37677499999995,241.7494958333333,209.6426041666667,109.19860416666671,187.6552250000001,368.05093750000015,310.43460833333336,242.2886624999999,237.28645833333323,198.81527083333341,107.44458750000007,18.236145833333552,-13.466679166666637,-50.95535000000001,-96.93333333333311,-44.1617333333335,-54.15015000000014,-105.60250000000002,-141.28373333333337,-239.1558125000002,-365.18333333333317,-372.2468166666664,-443.73277499999983,-436.1014583333332,-373.3799666666668,-371.0820458333332,-380.1036458333336,-382.35297083333336,-379.36817499999995,-411.69124999999974,-435.0588291666666,-444.0903624999999,-402.3386458333334,-400.84213749999975,-291.7292249999999,-181.57625000000002,-177.25912499999987,-229.1086791666665,-248.6951041666665,-265.329504166667,-203.90651249999996,-165.9578125000001,-125.47179999999975,-75.22531666666646,-20.579479166666488,7.179020833333368,46.24641666666659,110.48718750000003,208.95927916666648,234.14271249999993,330.8569791666665,379.98422500000004,437.8442666666666,434.90312500000005,448.05370833333325,523.1946791666668,583.6991666666665,672.3270541666666,761.0902208333335,791.2028124999999,813.5833333333334,867.5030541666664,940.0042708333333,1024.5365208333333,937.402825,787.5210416666666,807.0750374999999,874.1854749999998,942.1100000000001,948.5344958333334,942.3212333333333,897.8591666666667,919.1962624999999,973.3202916666667,982.4766666666666,953.3388666666667,934.8759166666667,950.4258333333332,963.5090041666667,966.5443291666666,950.0,955.6878416666667,951.3927166666667,927.5858333333333,942.8903874999999,939.0968791666667,916.1108333333334,943.9232625,869.3313375,775.8479166666666,798.268925,836.0729041666667,792.8729166666665,759.7702291666667,768.7003874999999,759.7745833333335,748.0497208333333,730.4869791666667,738.2970833333333,770.4315541666667,686.7520875,587.12875
567.9584041666666,599.1093041666666,620.6687499999999,558.7744291666668,589.3458416666666,633.1195833333334,594.2046208333334,550.0864458333333,556.96875,562.9202624999998,543.8498333333333,522.9449999999999,524.5441958333333,547.5981333333333,553.8749999999999,514.5299749999999,517.1626125,559.7525,551.9132541666667,553.8917124999999,540.0554166666666,529.1502666666665,517.108475,490.9637499999999,498.3205916666667,521.6255083333333,556.9233333333334,496.84685833333333,507.8638458333332,498.3133333333333,503.3936666666667,498.5265499999998,471.73635416666673,428.87396666666666,398.4188499999999,340.40708333333333,277.8276041666667,216.49428749999993,159.07802083333337,73.75527916666675,75.05346250000008,83.81531249999989,55.61821249999991,-24.735358333333295,-32.25958333333335,-99.3052833333333,-149.23203749999993,-170.84687499999984,-213.88139166666656,-262.7231083333333,-308.65875000000005,-357.08343749999983,-386.269275,-349.074375,-430.3754416666667,-484.1974666666665,-469.99322916666654,-449.2631541666668,-466.3061875000002,-552.8490625,-609.4141541666665,-680.8453750000002,-697.7166666666666,-806.9318458333332,-885.8613708333332,-848.0817708333333,-788.2494624999997,-787.3795916666663,-815.9676041666667,-822.5170208333333,-748.3238958333333,-667.5422916666666,-751.63355,-810.6979458333334,-822.2887500000002,-835.4787333333331,-790.5842874999998,-711.7862500000001,-735.4107916666668,-782.0758208333332,-760.2214583333334,-767.9264125,-774.4658999999998,-763.8581249999997,-691.0165416666666,-623.3895499999999,-540.4514583333334,-486.9480958333332,-446.90590416666663,-431.0622916666665,-370.6253666666665,-301.71068333333324,-271.0307291666667,-148.33401666666657,-78.4604791666668,-59.56260416666669,-78.84076250000021,-19.92885833333321,106.68552083333338,151.17677500000013,176.04026666666698,171.61645833333318,219.23782083333333,318.3720166666667,365.70052083333326,449.5597,516.2355500000001,549.2054166666667,581.2308458333333,613.9594833333331,697.8538541666667,697.0490708333333,670.7221833333333,658.7316666666666,660.1398749999998,692.3843125,719.2937499999999,673.2857666666666,639.2914791666667,666.2316666666666,676.5352999999999,693.4679958333334,688.2945833333333,668.9128833333334,679.9171124999999,675.9779166666666,680.1658208333333,664.7296208333333,662.7679166666667,684.8406375,643.7570791666667,563.2670833333334,610.3418,592.5574625,596.2966666666666,602.1021499999999,619.6288666666666,637.7300000000001,596.0182625,570.2963583333333,533.9695833333333,582.8590500000001,566.2355916666666,582.655
577.2835416666667,576.7796,593.1920833333334,558.8808791666668,585.6928875,597.565,566.5929916666666,559.2582125,581.2729166666667,545.1283791666665,520.6333541666667,533.9195833333333,523.5864791666667,539.4804541666666,567.0091666666666,543.9208416666667,547.4441333333333,574.6379166666666,542.1864791666667,535.7953083333332,524.0941666666665,502.6083083333333,513.4128583333332,522.2208333333333,503.18150833333334,495.1900291666666,531.1179166666667,486.65255833333333,508.62137083333323,496.9387499999999,496.48860833333333,512.4761083333332,510.31083333333345,440.9335875,383.5445208333332,332.816875,295.910325,235.89162916666646,164.71718750000008,92.18944166666677,75.04544166666676,50.40041666666656,49.14087499999994,-26.383795833333295,-75.87687499999993,-169.40340416666663,-214.69775416666653,-228.7484374999999,-291.88682916666653,-310.3516875,-302.2409375000001,-377.69157916666654,-407.9504875,-331.4908333333333,-428.55110416666673,-502.5584083333332,-497.1864583333333,-508.7636375000002,-530.5842625000002,-599.3085416666665,-667.4607874999998,-712.3978666666669,-680.8516666666667,-807.14635,-888.8178249999999,-834.8757291666666,-810.4434708333332,-800.2922583333332,-783.7298958333333,-821.160225,-788.3517374999998,-701.5917708333332,-745.6126708333333,-807.9162708333333,-825.9883333333335,-745.7600833333331,-673.8249458333332,-643.4511458333334,-641.9925291666666,-705.0599124999999,-746.7655208333333,-744.3457458333332,-746.4391333333331,-756.5170833333331,-668.0689458333333,-607.1990958333331,-550.6464583333334,-480.4969749999998,-444.51317916666665,-448.0672916666665,-352.2309583333332,-266.97443749999985,-263.59906249999995,-161.41610416666663,-99.65457916666679,-69.47270833333334,-52.37463750000006,17.097583333333432,125.68083333333334,168.9587791666669,198.48080833333358,193.3265624999999,237.02925416666665,327.51485,364.5445833333332,442.35697916666663,502.07776666666666,530.8396875000001,570.7821708333333,609.8022916666665,691.4015625,688.7568374999998,681.5807291666667,691.49875,676.5660041666665,682.79165,705.10625,681.9116708333333,669.6183874999999,695.0458333333333,681.0325458333332,681.0462458333334,681.94625,682.542325,707.7561499999998,702.9608333333333,697.8160458333334,682.1614791666666,676.8895833333333,667.2257958333332,615.1216499999999,552.4245833333333,604.4874916666666,578.7330458333333,578.0733333333333,593.1728916666667,598.0873083333332,592.33,567.0467458333333,581.3733666666667,558.8233333333333,576.2535583333333,638.6721166666666,790.1
757.9543916666667,708.2078124999999,735.2195833333333,718.6055833333335,771.9425666666666,800.7429166666667,741.0058916666667,693.9465708333335,715.2595833333334,731.5506166666665,701.3681291666667,660.8070833333334,662.2637208333334,679.7111041666665,690.4991666666666,702.4163333333333,712.3829291666666,709.7070833333332,685.211425,683.5582833333333,670.1099999999999,678.5606291666666,687.8850166666666,669.4841666666666,668.3353083333333,677.94935,715.7033333333334,685.0042166666667,695.9049124999999,655.57875,655.6560458333333,661.9815999999998,634.4890625,576.9113375,626.9618458333332,700.7844791666666,658.6958958333332,588.6330249999999,550.7147916666667,475.87935416666676,419.0328583333334,348.55197916666657,329.7007999999999,262.0302458333333,217.03208333333342,114.35260833333336,167.83272500000004,321.5144791666667,314.24710000000005,266.90259583333324,255.3135416666667,216.67607500000003,102.8396458333334,37.69677083333343,-15.115916666666749,-59.88862083333325,-103.13520833333331,-98.60102916666693,-82.99900000000031,-137.38729166666673,-211.06057083333326,-280.33767083333356,-281.1104166666666,-429.5024624999999,-519.3360666666665,-468.8891666666666,-449.3592041666664,-404.8864249999998,-331.3979166666667,-361.3387333333334,-385.9219541666666,-372.5621874999998,-422.2399874999999,-402.11682916666683,-366.0605208333335,-395.0697958333333,-339.04937499999994,-212.21052083333353,-229.86963750000007,-303.35811249999983,-295.7172916666667,-273.4836166666667,-277.1291791666666,-297.0390624999998,-229.74384166666664,-184.35884166666654,-126.72072916666679,-46.176224999999874,-23.14705833333332,-57.72208333333319,31.78782500000014,149.5009125,187.06395833333332,273.0630416666667,326.87245416666667,374.95562499999994,395.5433833333332,458.5237666666668,560.1309375,606.3957916666668,687.0826541666668,746.9316666666666,786.5680416666667,844.9096958333333,891.9870833333332,1028.4804374999999,972.3958000000001,782.10625,805.1711083333333,872.8088124999998,936.088125,937.0754541666666,936.7309916666666,950.5158333333334,955.1090916666665,969.5052083333333,983.4208333333332,956.5096083333333,938.1133750000001,951.5854166666667,928.7725666666665,937.0562625,960.5070833333333,977.5980458333333,994.9267124999999,962.3795833333334,935.4946458333334,925.9937208333333,954.9070833333333,974.8801249999999,872.0154208333333,718.9941666666666,765.100675,766.8953625,774.8783333333332,778.2755458333334,777.9032124999999,772.3716666666667,728.9121041666666,727.20695,712.9629166666666,749.2745083333334,731.5226666666665,737.9649999999999
743.8840374999999,753.5969875,756.7858333333334,712.064425,733.2429124999999,753.13375,769.7426791666667,713.7814291666666,682.8033333333333,706.5277874999999,699.9381708333333,696.8525,670.3953416666667,689.765725,704.7008333333332,676.502025,679.0582375,702.25875,731.1845416666666,717.0560166666667,689.345,689.3097750000001,658.7168458333333,612.5483333333332,653.6143458333333,690.0558041666666,688.0904166666666,659.8390666666667,668.9979916666665,633.7720833333333,641.2264416666667,668.7286416666666,656.6275,589.8269041666667,611.9090833333333,690.7393749999999,642.6190833333333,571.9978874999999,552.7681249999999,536.0660458333333,463.6288875,361.3734375,346.75252083333334,281.7090625000001,218.44416666666663,169.04336666666663,260.99361666666675,343.96052083333336,290.1027999999998,234.69893333333337,266.5505208333332,217.0812083333333,139.3148750000001,125.59177083333338,24.273379166666814,17.158170833333315,53.63197916666667,4.074158333333173,-81.3431583333334,-142.57406249999997,-201.1645458333333,-264.74202083333336,-333.36385416666644,-468.32030833333357,-509.55642916666665,-495.1656250000002,-411.7983499999999,-341.15655416666647,-313.7591666666668,-403.98317083333313,-370.6922624999999,-329.57875000000007,-352.8540708333335,-336.4405375,-311.67572916666666,-340.20958333333306,-262.74184166666663,-168.11385416666673,-175.00501666666673,-230.73080833333375,-239.263125,-331.61920416666686,-363.8898874999999,-308.92499999999967,-260.45941250000004,-201.88469166666647,-138.08291666666673,-50.613704166666594,-19.698754166666703,54.31437499999993,128.70755000000025,196.91832083333318,228.52458333333323,347.63225416666694,387.4073791666666,401.6938541666665,433.09029166666664,505.88739999999984,570.6241666666667,630.4626791666668,693.7553416666668,724.808333333333,849.4202458333332,922.6094541666666,946.0714583333333,1091.2012916666665,1024.0147625,796.4692708333332,822.9214416666667,890.9709374999999,949.3704166666666,934.4077041666666,928.5693958333333,950.9879166666667,950.7324041666667,952.0887666666666,966.7854166666666,933.8951,922.9363625,906.4458333333333,929.2148916666665,926.3427125,945.7570833333333,952.7649541666667,961.1454958333334,947.1275,966.9453874999999,964.9758541666665,953.5779166666666,956.6594583333333,882.7373375,758.9004166666666,763.4468208333334,749.8652833333333,711.82125,780.201775,776.7178708333332,733.40625,727.9733583333334,737.3169333333332,727.70375,755.7223541666667,740.7615833333332,744.1341666666666
742.0832291666666,770.0679041666666,780.0358333333334,730.3397875,708.2155166666666,740.2458333333333,719.713725,684.1704374999999,675.8320833333335,719.7998499999999,693.4297124999999,687.4495833333333,749.4476583333333,733.7052166666666,688.7216666666666,675.2777125,684.5458791666666,669.8558333333333,719.5213333333334,744.3351416666667,717.6445833333333,697.9746916666667,702.7516125,681.9858333333332,666.4009083333333,657.5556874999999,656.7583333333332,632.109625,678.6013750000001,670.1937499999999,662.2751333333333,678.7663624999999,668.9605208333332,624.0428333333333,646.3161041666665,713.9438541666666,696.1469124999999,572.3350083333333,496.2188541666667,493.28689999999995,446.6655708333334,385.1509375,308.57832499999995,282.4084416666667,252.30645833333327,122.42644166666662,184.73615000000007,331.13333333333344,317.48357916666663,233.64050833333349,215.61010416666653,147.75445833333322,123.06432916666671,161.20645833333344,67.32583750000015,28.248045833333293,21.44447916666661,16.97051249999987,5.24931666666663,-16.35729166666681,-50.05327083333344,-101.14482499999997,-113.22500000000025,-138.80181666666658,-156.49153749999988,-229.25166666666686,-321.5958083333332,-388.59952083333303,-371.2088541666664,-375.5758416666665,-372.6457625,-388.237083333333,-421.3721374999999,-425.79792499999974,-392.4415625000001,-380.0601083333333,-293.58207916666663,-206.5293749999999,-191.75384166666691,-220.29954999999978,-225.61916666666656,-101.71593333333306,-107.34682499999985,-203.52572916666657,-228.8191541666667,-166.41934999999995,-46.31166666666684,10.839441666666744,48.63698749999989,73.9406249999999,110.19846666666675,167.0736958333333,144.9109375000002,281.2667416666666,342.7065083333333,385.0980208333332,428.7183041666666,548.9104958333334,620.4587499999999,686.7222291666665,746.31315,712.0758333333331,776.4225666666666,844.386175,895.6160416666667,1030.802570833333,969.3701083333333,785.3139583333333,819.2666291666666,890.8919916666666,950.4005208333333,948.8443125,957.5743833333333,961.59,997.1138791666666,987.7409875,980.9758333333333,927.3089541666667,960.9383083333333,919.7041666666667,934.847675,932.9241791666667,938.4329166666666,958.0787,951.116125,938.2850000000001,963.82575,931.6744124999999,912.8199999999999,959.8868958333331,905.8126708333334,756.3658333333333,709.7704458333333,741.6717291666665,746.6291666666666,763.5328,749.6162458333333,744.255,727.05665,731.7862958333333,733.9383333333333,724.9952499999999,700.2659291666666,718.1954166666666
720.1552791666666,728.8929249999999,709.9466666666666,720.9216875000001,759.3353541666667,775.6004166666665,722.1617375000001,704.0423166666666,715.0520833333334,729.7719416666666,689.6675958333333,657.9320833333334,706.7825499999998,705.5433416666666,695.9591666666665,744.0111833333333,732.8258208333333,706.5120833333333,728.2971583333333,715.320275,686.8491666666666,687.5164333333332,690.6273583333332,674.29375,663.643525,678.9066124999999,704.3745833333332,663.9897291666666,670.4419541666667,660.0424999999999,646.8866833333334,680.913675,698.6793749999999,612.9760041666666,617.0915083333332,693.1970833333332,705.8662083333332,610.6725416666667,554.3885416666667,487.1428458333333,442.0997041666667,383.85447916666664,325.17351666666667,310.7960208333334,269.8110416666666,154.59278333333327,228.79570833333344,379.5671875000001,317.891625,276.7874916666667,305.441875,219.42289583333337,139.91910000000007,100.5435416666665,50.89635833333338,4.347783333333382,-84.90677083333333,-112.78930416666674,-109.15369999999996,-98.73010416666654,-151.21325000000002,-193.27121249999982,-197.42510416666676,-286.71544166666695,-266.80975000000024,-319.83958333333345,-364.1136666666666,-374.4753166666663,-309.0310416666667,-324.5605124999998,-368.22513749999996,-375.83322916666685,-403.6209750000001,-410.2115625000002,-440.92624999999987,-442.60369166666646,-371.0235958333333,-335.7084375,-271.9532583333332,-275.9896124999998,-223.57177083333335,-215.7105374999996,-150.50318333333337,-153.44989583333324,-160.42536250000023,-135.86382499999985,-52.09489583333357,3.6702500000001237,74.78142083333319,130.36062499999986,178.39155416666682,229.7195625,223.77739583333337,341.8932374999999,433.2819166666666,455.20041666666646,495.20348749999994,538.0709249999999,627.4573958333332,650.6535458333335,666.5994166666665,706.4816666666668,790.8566708333334,867.1276333333335,929.9879166666665,1090.5470916666663,1000.0403708333331,771.1063541666665,840.6510708333333,946.4373416666666,959.9298958333333,961.7947166666668,953.1550916666666,920.9987500000001,919.3959083333334,949.6844083333333,937.7229166666666,895.9137875000001,924.1345375000001,890.7066666666666,914.2414041666666,934.6346708333334,942.3520833333332,959.6890666666666,941.8014125,940.5375,972.0959166666667,966.3486833333333,949.79375,965.4801624999998,906.7670208333333,748.0616666666667,728.400725,724.9120791666667,700.1691666666667,736.904025,768.9952041666666,762.1391666666668,700.8881666666667,684.3638749999999,696.8912499999999,718.0027124999999,756.3719166666666,747.7804166666666
735.6820458333332,747.4319958333333,730.4124999999999,744.8908,748.5909791666666,737.5504166666665,678.7681041666667,683.5407124999999,724.8625000000001,701.7215083333333,695.4590083333333,732.2995833333333,757.1464791666667,757.3101208333333,737.5749999999999,708.2250458333332,701.1920291666667,657.3287499999999,679.7540041666666,701.9384791666665,708.63125,687.4120499999999,682.0984708333333,664.3283333333334,654.3377624999999,673.4793583333334,668.6616666666666,652.6132166666665,671.0674791666668,663.2808333333334,679.9038375,690.8920833333334,668.8967708333332,601.4560083333333,663.8659249999998,747.7380208333332,710.2214874999999,631.9947958333335,568.2031249999999,518.5296749999999,474.92668749999996,413.80729166666674,342.1574708333335,277.4194125000001,254.39520833333336,172.84073750000007,255.79220416666658,404.7321874999999,352.5549708333333,274.62154999999996,249.77666666666659,232.46064166666665,154.7035124999997,83.8160416666667,-11.518870833333182,-52.743245833333276,-90.78218750000002,-114.73246249999985,-106.9321833333332,-99.92552083333305,-182.2813958333333,-225.5413958333333,-291.9555208333334,-341.06055,-328.27090833333347,-420.5755208333334,-504.40162083333325,-519.484945833333,-432.9252083333333,-417.8012541666666,-404.87258749999995,-365.56156250000015,-389.54745000000014,-410.2737125000003,-407.0973958333333,-359.1760124999998,-288.6502499999999,-253.94812500000018,-199.31509999999975,-226.6843791666666,-229.2675000000001,-237.36366249999975,-178.5023083333333,-189.92874999999987,-221.39902083333334,-199.00210833333313,-88.78927083333355,-4.1557458333330715,21.337649999999854,56.29062499999989,129.50632916666686,197.62202916666647,211.9644791666667,338.26159583333344,381.95468333333315,417.1955208333335,496.76649999999995,545.0376541666666,602.8902083333332,650.9481916666664,753.0931625000001,758.8988541666664,852.1150416666667,916.3415541666665,973.2956250000002,1048.84455,990.8644999999999,826.0073958333332,804.1566,892.1691541666665,947.8994791666667,942.5513833333334,923.3171541666667,912.1883333333333,942.0730583333332,979.0084625000001,978.9791666666666,950.4745666666666,955.0490041666666,970.3970833333334,940.4429333333334,938.3495583333332,930.1033333333334,924.9019791666666,947.2631458333334,947.8966666666666,939.0916583333333,938.6749374999999,932.3654166666668,938.9910083333332,886.7419916666666,756.7625,751.7666874999999,734.4690541666665,690.9445833333333,724.8073833333333,759.1862916666666,775.0016666666667,751.0565208333333,724.5401874999999,676.33375,754.6546333333333,715.48355,568.1345833333332
559.1344583333332,611.8549624999999,591.9504166666666,579.17065,586.1270125,609.8816666666665,556.1468458333333,561.8834208333332,602.6320833333332,545.0919291666665,540.3286583333334,559.04,573.9511249999999,575.7196416666666,563.2583333333333,532.0396374999998,533.2568208333333,545.92125,560.2838375,571.3708541666666,542.3345833333333,511.9923749999999,501.6276291666667,510.44000000000005,502.90398749999997,520.8397583333333,519.2841666666666,529.7056166666666,526.9024083333334,499.59041666666656,496.5945499999999,506.450575,478.9202083333333,451.7341166666667,417.78022499999986,350.8147916666667,268.2147208333333,240.48733333333348,207.2108333333332,162.1332166666666,150.68082499999997,120.51916666666665,67.17795833333324,16.877687500000206,-8.240520833333363,-120.44059583333333,-145.8505416666667,-163.40427083333338,-253.44274999999993,-361.25120833333335,-360.4396875,-412.2293791666666,-411.6789666666665,-385.33552083333325,-479.2583249999999,-572.1206999999998,-595.5689583333332,-520.7866166666666,-563.2923749999999,-691.3781249999998,-713.9321958333331,-712.3614749999999,-764.8777083333333,-872.428166666667,-860.3336166666668,-878.5365625000002,-928.0103624999998,-978.940358333333,-959.2157291666663,-923.5142375,-857.3276458333332,-835.5955208333336,-889.1269375,-884.2129375000002,-862.0799999999997,-863.0766458333331,-858.9741708333331,-857.9901041666666,-856.92775,-868.2669333333331,-785.5962499999998,-751.1455999999997,-729.8869041666667,-580.7588541666667,-561.9435500000001,-519.0917041666665,-530.1607291666667,-509.1840958333331,-431.7813916666665,-358.5170833333333,-351.36464166666644,-332.71365416666697,-265.1412499999999,-173.48148333333324,-119.071441666667,-98.91458333333327,-29.03186250000016,43.3381916666666,115.23135416666673,160.48447083333315,153.8876958333335,127.88999999999976,189.57260000000008,296.2526375,370.31062499999985,443.51541666666674,508.35493333333335,564.1453124999998,563.6282583333333,630.2123666666666,668.8100000000002,702.4370666666667,663.4623375,630.8029166666665,634.1939749999999,678.4599916666666,695.96625,670.9813875,666.8241999999999,680.1112499999999,678.942225,715.7846958333334,668.14625,636.8587416666667,667.7800750000001,675.4420833333334,663.244275,653.5988416666667,692.8316666666667,689.7428291666668,653.6832958333333,576.5479166666667,592.2048624999999,590.7674125,570.4204166666667,556.7045291666666,579.8177291666665,615.2154166666667,605.1563958333334,573.9160083333331,558.7275,571.048275,602.5729375000001,567.7124999999999
568.3320958333331,589.2858416666666,563.4554166666666,566.0350625,567.5977541666666,575.8987499999998,545.4705208333332,570.6506999999999,600.4741666666666,521.1502874999999,526.1191291666667,574.8754166666666,587.5723166666666,572.1119375,559.61625,558.3386208333332,569.4130958333333,559.0770833333332,551.829975,552.7052333333332,517.125,479.2567041666666,507.59074583333336,551.4366666666667,476.43066666666664,463.20640833333334,500.5558333333332,520.2371958333332,523.6105833333334,502.77041666666656,477.23844999999994,496.07752916666675,501.14968749999997,460.18550833333336,420.6796458333332,373.49333333333334,295.13132083333323,260.7891583333334,212.4906249999999,139.76721249999997,114.13847083333326,102.78791666666666,90.92479999999989,36.1338291666668,-36.16062499999998,-168.63047499999993,-197.5595041666666,-224.28885416666674,-328.8830291666666,-404.6814375,-363.54177083333343,-455.5320416666666,-461.46728333333317,-391.35854166666655,-486.1979791666666,-571.6016458333331,-591.8044791666666,-583.9945499999999,-633.8210624999999,-702.7648958333331,-722.4746416666665,-725.3844458333333,-756.7203125000001,-842.6064916666669,-822.5448041666668,-849.2023958333334,-908.4234124999999,-920.635533333333,-860.7572916666663,-882.7570541666666,-863.3792666666665,-814.3911458333337,-816.9721875,-839.2644416666667,-860.4591666666664,-771.3207708333332,-734.3694416666665,-759.0260416666666,-666.8454291666665,-682.5689916666665,-718.0308333333332,-708.0668041666663,-679.5817708333334,-536.5359374999999,-507.7515833333333,-460.4501708333331,-475.15791666666655,-449.9524791666664,-398.1863999999998,-363.7777083333333,-349.44012916666657,-318.78896250000025,-262.72041666666655,-190.29471666666672,-127.769116666667,-77.20145833333328,0.227337499999976,33.00995833333326,71.85739583333338,167.40640833333322,181.19420000000014,129.15947916666653,208.70060833333343,318.15958333333333,363.8492708333331,427.90892500000007,492.45370833333334,548.6061458333332,556.0775833333332,632.8351,674.8705208333333,703.5609333333333,677.8879083333334,667.0554166666666,663.4119916666666,690.9307333333334,698.7158333333333,671.0696458333333,674.2356874999999,688.8987499999998,665.1067499999999,704.8001916666667,679.4058333333334,637.4393083333332,674.78875,706.6516666666666,683.9251291666667,664.2921333333334,694.0329166666667,649.4198208333333,606.0994375,565.3154166666666,601.4783458333332,599.4248041666666,572.0279166666667,557.4337666666665,569.2672249999998,586.6808333333332,579.1451541666667,579.5579458333332,580.0079166666666,551.2831624999999,646.5999166666667,743.3183333333333
737.1588374999999,723.9079708333333,711.6845833333332,738.678275,759.9094166666666,764.8479166666666,697.8847666666667,710.8101166666665,769.3595833333333,715.1520083333332,687.1226,684.8108333333333,721.4904083333332,728.8754291666667,708.6595833333333,713.3531749999999,723.9608958333333,702.6691666666666,696.0000875,703.3788916666666,684.1079166666667,673.7267541666665,670.8693875,669.9920833333333,652.338225,670.8782125,680.5966666666666,703.2021791666666,703.3442166666667,667.1166666666666,651.3461499999999,661.2999125,640.4478125,615.5706916666667,662.4028041666666,719.3177083333333,669.3179458333332,617.9757125000001,563.9223958333332,518.8117041666666,465.970425,382.1058333333333,355.26776666666655,318.7264583333334,252.16052083333338,113.30923333333334,194.56152916666665,340.6228124999998,274.3685333333333,187.90960833333315,252.43385416666663,194.83134166666667,99.35465833333348,41.85510416666685,1.519625000000019,-68.67486666666647,-153.95583333333332,-112.99817916666677,-142.68953333333332,-246.54572916666655,-277.1991958333332,-282.98333749999995,-342.4394791666666,-486.98626250000024,-485.3710166666669,-501.0377083333334,-591.0439291666665,-591.9155124999997,-467.73135416666634,-459.6197875,-469.64580833333326,-471.38385416666694,-472.40955000000014,-417.94099166666683,-392.8882291666664,-412.4899041666666,-391.93910416666654,-340.5946875000001,-313.0611749999999,-344.3882416666665,-291.8072916666666,-241.29811249999972,-216.66750833333333,-97.52416666666676,-103.34723750000006,-73.41208749999981,-85.91812499999997,-62.726554166666574,-22.723787499999816,6.188749999999942,44.281233333333546,112.01654999999968,188.96083333333337,247.3831875000001,299.21043749999967,362.09364583333337,461.7956458333333,513.4540541666665,551.1535416666667,624.8644999999998,668.867325,684.3270833333332,775.4566375,858.4316583333333,909.8284374999998,1034.7648333333334,972.2920125,793.660625,795.0553583333333,906.3320916666667,924.6966666666667,963.0928625,939.2469125,918.5791666666667,941.3323499999999,987.31135,993.9291666666666,974.9873,967.3075541666666,950.7729166666666,910.9361666666666,954.5239416666668,948.4225,928.9701708333333,956.2341416666667,954.8533333333334,922.5365125000001,909.6992625,965.8845833333334,966.8435833333333,881.3588333333333,741.7041666666667,765.9596124999999,777.2826,744.1470833333333,727.8303124999999,752.1909166666665,772.8591666666666,729.4675375,716.2109624999998,749.6958333333332,750.2528166666666,768.2939666666666,761.2204166666666
785.1201875,771.7735166666666,709.2408333333333,716.1516166666667,746.7343125,763.1187499999999,724.0487333333333,706.8706958333332,706.2883333333334,712.0526124999999,733.1370166666667,715.145,714.9168166666667,712.8302,705.78125,685.4208249999999,695.0695416666667,690.4933333333332,705.4669708333333,720.8780416666666,699.6608333333334,651.1314208333333,641.8849416666667,663.2466666666667,653.1331958333334,670.69895,671.5266666666666,671.1622541666667,672.8507874999999,629.27625,614.8303458333335,655.9615791666666,662.4941666666665,607.0470666666666,637.1344833333333,719.1291666666666,659.2719791666666,607.318,567.0621874999999,536.8691416666666,491.4770583333333,378.12541666666664,331.2582999999999,295.1420083333335,239.35375000000005,129.0221875,211.49737083333335,341.0153124999998,317.35255833333326,268.68790416666667,280.9618750000001,203.04287499999998,182.5786124999998,86.40520833333332,50.59410000000025,-3.7276874999998313,-68.43572916666676,-104.1620499999998,-128.10711250000026,-241.1044791666664,-226.44164166666656,-222.51959583333343,-279.6806250000001,-336.60779583333345,-427.96512083333346,-486.17520833333344,-397.4772666666667,-405.4009750000001,-577.8467708333335,-555.5074208333335,-518.39255,-509.6784375000001,-487.2715041666664,-416.0754916666665,-382.89541666666634,-464.7125083333335,-448.5890083333334,-325.73510416666676,-284.70526249999995,-285.61824999999993,-267.6010416666668,-261.2724749999999,-221.66735416666677,-85.5496875,-18.886241666666365,-9.894587499999943,31.382604166666567,-4.697658333333322,60.10199583333355,123.63906249999991,112.0019166666666,141.89795416666647,236.68041666666664,312.9114375,351.0776124999999,347.83072916666663,462.23259166666674,540.8744624999998,604.8031249999999,624.5108208333331,663.1723708333334,755.2441666666665,836.9837833333335,911.4802791666666,973.4194791666669,1072.6884291666665,1004.8020416666666,813.1985416666666,832.4079083333334,913.1079458333332,909.1477083333334,915.1053458333333,903.0775333333333,918.925,914.4595374999999,932.4880416666667,916.5741666666665,925.1062,940.6670124999999,969.5074999999999,925.6004083333332,933.5974375,946.2991666666668,911.5005916666667,957.3497958333331,970.6595833333332,954.5594333333333,934.3716041666667,966.9079166666667,955.0984791666667,870.2476333333333,740.9920833333332,728.7353583333332,761.9711791666666,760.5120833333333,748.1789708333333,736.8978791666666,718.1004166666667,762.4245624999999,777.2686,746.6283333333333,747.9198583333333,772.4267708333333,750.9845833333333
745.2243291666666,774.8964458333332,750.7874999999999,734.2327541666667,746.8080375,736.7179166666665,721.6123374999999,695.2756499999999,702.6391666666666,689.3424041666666,704.5204333333334,729.1545833333333,761.1051,726.1342,696.06625,699.2345416666667,688.7034375000001,650.7458333333333,696.953275,733.2561791666666,701.01875,676.2095374999999,688.8992000000001,687.86375,649.9298125,639.5214416666666,634.5537499999999,650.7811625,662.8614958333333,651.4766666666667,630.0827250000001,654.1139916666666,671.8716666666666,650.4708499999999,656.8641166666666,691.0881250000001,622.6534083333332,581.5411541666666,583.9336458333335,547.1608624999999,452.4047916666667,368.3996874999999,331.0464166666668,288.30576666666667,226.78979166666667,70.82364166666662,152.0136666666667,335.3130208333332,337.60494583333343,273.94372500000003,229.1408333333334,143.89946666666657,103.53183749999971,110.15645833333315,72.49303750000018,-9.381749999999812,-51.976979166666695,-100.20855833333314,-67.62795833333342,-118.98489583333321,-115.39176666666657,-146.22989166666645,-178.4259375000001,-239.71562083333345,-246.75954583333368,-179.10697916666678,-205.37770416666672,-217.3520416666666,-216.22333333333336,-216.48474583333348,-299.3158208333337,-340.67177083333326,-377.7525749999999,-386.65426250000024,-398.3451041666665,-375.25914166666666,-340.97467916666665,-338.89593749999995,-320.29020416666657,-325.6459874999997,-309.71281250000004,-220.74848749999967,-161.828625,-67.10229166666653,26.713820833333443,84.52379166666651,80.56447916666656,101.63823750000006,140.52440000000013,214.61677083333322,193.55026666666657,216.95297083333318,261.7472916666667,335.27831666666646,348.08287916666654,393.013125,468.5668291666667,511.11299583333323,587.6086458333332,668.6448458333332,692.9787333333333,734.9872916666666,754.9927958333335,832.0159708333333,911.8894791666669,1007.2385708333335,972.5319083333331,850.6314583333333,849.8991916666666,915.9004458333334,942.4526041666666,937.3432583333334,943.5981041666666,940.6941666666667,923.2802999999999,944.5012208333333,987.8258333333333,989.1851458333333,970.5693999999999,962.5591666666666,946.9784208333333,947.4197666666666,912.0541666666667,888.7313291666666,945.9182333333333,962.4245833333333,933.9324625,909.0422208333334,940.9416666666666,967.9119166666667,884.4004458333333,709.28,716.99115,766.3583416666665,768.265,760.3657666666667,740.3893916666665,702.4041666666666,745.7790458333333,782.2034958333334,761.9854166666667,746.4350499999999,728.9387041666666,723.5570833333333
718.2314666666666,733.5314749999999,729.0099999999999,719.7928208333333,748.5166708333334,778.5787499999998,739.8409416666666,708.311825,709.0854166666667,698.7736083333333,691.8856583333334,657.3179166666666,666.7391250000001,675.8364666666666,686.9370833333334,688.7535958333333,717.5579458333334,727.3195833333333,729.1229291666666,701.8985583333333,675.3437499999999,661.4604583333332,673.2276166666667,682.9470833333332,670.35245,658.9334541666667,638.7666666666667,648.2433083333334,650.4970166666667,629.08375,610.9557375,662.579825,702.1040624999999,639.6460291666667,642.9313041666666,717.5013541666668,731.9088208333334,662.3409958333334,608.4115625000001,570.2446375,497.8783,401.9304166666666,384.1259583333334,362.8176833333334,316.41395833333337,231.24185416666663,288.83010833333344,429.4555208333335,380.8408208333334,289.33957083333325,282.4441666666667,208.08715833333335,162.3513749999998,145.60166666666672,133.50897916666653,56.03435000000002,20.348229166666385,-47.67010833333336,-107.56876250000005,-171.75697916666667,-194.35510833333325,-212.05032499999948,-137.11854166666677,-142.2742249999999,-181.89393333333334,-230.7057291666668,-232.36753333333337,-214.6052291666665,-295.254166666667,-374.7576541666666,-456.5635833333333,-504.7094791666666,-467.13507499999974,-377.40283750000003,-320.5988541666668,-359.7529541666667,-347.3343166666668,-325.7445833333333,-250.7704083333332,-168.75282083333315,-177.1347916666665,-135.32060000000007,-74.34042916666687,12.477083333333326,109.70249583333322,117.67182916666661,68.36770833333321,108.76752916666675,171.99633333333338,231.35343749999984,226.2476916666666,309.38596249999995,369.1769791666666,379.85372499999994,357.92489999999987,379.41364583333325,484.7745166666668,566.6216208333333,680.4315625,703.2515374999999,718.7449375000001,783.6069791666666,871.6805291666666,922.9142750000001,936.8994791666667,1066.3411458333335,1014.5376999999996,855.4154166666666,887.7381041666667,958.8045041666666,932.5540624999999,936.6370000000001,917.2607125,877.4166666666666,916.0698041666666,921.9522291666667,906.43,937.6532666666667,926.6838166666665,946.6429166666666,944.1546833333332,936.5907958333333,923.9254166666666,928.8178124999998,962.3682208333331,970.3054166666666,948.669,928.7700791666666,952.0833333333333,947.6121583333334,869.3990249999999,762.3120833333332,728.8727583333333,728.4165750000001,715.7320833333332,719.8469124999999,729.2434958333332,737.6983333333333,743.1385374999999,743.8162166666668,736.6808333333332,712.8346999999999,735.9851041666666,759.9779166666667
742.8211958333331,728.9940375,730.8483333333332,716.1086375,713.2119416666666,709.1195833333334,714.4162416666666,718.2768958333332,714.2391666666667,693.0529333333332,693.5201833333333,685.2916666666666,711.8455416666666,727.5183041666667,733.5458333333333,714.6442,673.975075,668.2045833333333,650.4702583333333,658.5668458333332,697.855,719.8932125,691.7378,670.625,681.3134,688.1436,664.9045833333333,615.9446541666667,631.2726333333334,669.8766666666667,673.51145,670.8101083333333,665.9281249999999,617.2596916666666,653.3601958333333,738.1854166666667,711.0153,633.8210500000001,591.8690625,575.0163291666667,495.69882916666677,396.63229166666656,385.5524249999999,336.54949166666665,289.2286458333334,142.10479166666664,261.02762500000006,439.6016666666668,406.65385000000003,273.12025833333325,208.9435416666667,146.39280833333336,97.7726208333331,62.61229166666669,47.36526250000017,-12.420070833333227,-17.32895833333356,-63.024004166666515,-106.64254166666657,-175.45906249999985,-220.56288333333333,-293.6611833333335,-261.36541666666676,-244.01824166666626,-285.5963541666666,-356.2575000000001,-378.6424416666667,-348.58999166666644,-394.106979166667,-435.0949833333333,-477.1360041666666,-497.74104166666666,-477.11516666666637,-436.2569500000001,-421.6783333333336,-434.1412166666666,-396.7640000000003,-318.9687499999999,-305.248508333333,-247.1498083333335,-177.28989583333328,-173.01201250000025,-136.94374166666677,-59.19614583333322,35.44639583333333,71.71770416666664,58.798541666666495,87.2361708333334,105.47957916666667,136.63416666666654,169.870375,294.52968333333354,332.49104166666655,384.0988458333333,382.9792583333334,436.89583333333326,542.7257291666666,618.4736874999999,617.7205208333335,669.2109458333332,730.9408999999999,813.4944791666667,859.9966999999998,910.3229916666667,957.9941666666667,1072.9029999999998,998.8773749999998,850.1412499999999,848.5233666666668,931.6684249999998,935.3050000000001,936.3718041666666,909.8399375,891.6804166666666,928.9216541666665,952.0577708333334,948.6933333333333,956.8398708333333,948.4923333333334,956.3237499999998,950.9701833333334,941.6104291666666,935.3487499999999,969.6777458333331,964.9841875,931.1183333333333,935.3489208333333,928.7921166666666,911.0516666666667,924.7707958333334,873.4319208333334,771.7366666666666,759.7310708333333,741.9570708333333,699.1420833333332,743.0156000000002,740.7308958333333,719.2424999999998,742.4218791666667,734.0996416666668,711.4954166666666,753.1058291666666,713.1021916666667,587.5966666666666
555.8137583333332,574.0808958333332,580.0629166666666,542.8906,535.4922416666666,567.4566666666667,605.0038291666666,591.2613125,577.2766666666666,562.5304291666666,553.4640708333333,515.8670833333333,529.105425,549.9613541666666,549.6204166666666,537.8520708333333,511.7017083333333,548.8512499999999,539.6528291666667,528.8681291666667,531.6175000000001,519.6028333333333,516.9944416666667,541.9954166666666,532.5926708333333,511.91055833333326,514.7708333333333,508.5593708333334,493.9441375,480.75374999999997,471.44391249999995,487.18324999999993,503.48322916666655,451.5597374999999,432.1435416666667,388.87802083333327,357.16568333333333,301.1829791666667,239.08187499999997,218.06023333333337,176.97935416666667,189.8931249999999,133.46648750000003,62.90269583333338,16.25562499999998,-43.58608750000005,-106.52678333333336,-119.84406249999984,-218.52869583333347,-271.2101541666666,-374.3185416666664,-477.3752208333333,-431.5005833333332,-383.68635416666666,-456.33047499999986,-527.7511875,-535.3769791666666,-577.2740541666665,-637.0824958333333,-747.8308333333332,-787.2677999999999,-821.7335458333334,-761.745625,-740.4597541666669,-776.487133333333,-799.8094791666665,-758.0454041666667,-781.4188624999998,-910.5825000000002,-977.1826958333334,-975.2287791666666,-1000.4291666666667,-1031.888558333333,-958.100625,-873.330625,-893.2810666666666,-896.5750291666667,-853.0774999999998,-907.5667416666665,-844.0207875000001,-725.0397916666666,-713.3174333333336,-654.7426375,-599.8934374999999,-524.2054541666666,-487.10340833333345,-426.4977083333333,-427.4440916666666,-344.73675833333346,-231.50406250000015,-209.14635416666675,-219.39505833333317,-142.11583333333323,-72.08233333333322,-60.263962499999934,-12.838020833333417,64.26461249999983,163.27748749999995,225.85250000000008,255.06895833333323,261.2765208333332,237.7008333333332,321.6330916666665,373.0636458333332,376.2145833333333,469.31080416666646,515.9977374999999,571.8822916666666,600.6777125000001,655.9098333333332,704.5004166666668,655.4245125,630.3299416666666,671.5829166666665,642.9090375,629.1588416666666,664.3595833333333,657.3406541666666,654.7587041666667,674.7970833333333,672.1669374999999,667.9847666666666,677.4475,695.1834541666666,662.7689958333333,645.58375,675.8293541666667,688.3255458333333,673.1979166666667,712.8258333333333,662.4135041666665,573.3162499999997,568.2940083333333,600.3796541666667,580.1399999999999,547.4203291666668,550.8738375,604.0949999999999,598.98195,568.7784041666666,566.7141666666665,550.9416916666667,533.3891583333334,565.6804166666666
573.3730916666666,573.0700499999999,565.075,542.6739333333334,522.5695708333333,526.6154166666666,588.1366333333333,586.4451041666666,549.9916666666666,524.6166083333334,537.5673208333333,529.6058333333333,535.7634291666667,544.5109166666666,550.0724999999999,551.8010583333333,516.8600833333333,534.79125,533.7579458333333,517.7222374999999,504.09916666666675,510.05016666666666,525.8577416666667,538.4379166666665,491.2856875,464.62953333333326,493.61541666666665,495.56342500000005,495.02355,496.38,468.9838708333333,481.2049958333333,510.65604166666657,444.6568166666666,424.30432083333335,401.17645833333324,373.77845,306.4186833333334,219.52760416666666,166.34957083333347,134.91032916666666,196.08489583333326,168.4142375,83.65852083333334,2.900729166666707,-65.1034791666666,-121.75392499999998,-147.04343749999975,-290.14457083333343,-338.5875791666666,-391.6083333333331,-481.4612625,-432.03250833333334,-368.7288541666667,-424.6396083333333,-481.50689166666655,-499.1613541666667,-590.7206999999999,-646.2056208333332,-700.9514583333331,-724.8010749999999,-744.7799041666668,-660.3944791666668,-642.3263166666669,-692.5124624999996,-748.6464583333333,-773.5303916666669,-795.0629541666665,-883.2098958333333,-997.0337166666666,-1010.3416791666665,-965.3167708333334,-926.4535583333331,-893.5274208333332,-887.1918750000001,-847.1762166666667,-816.3299625000002,-786.331770833333,-764.1819041666663,-668.8811666666668,-608.79125,-650.5306958333334,-616.5505125,-555.0048958333333,-455.56972916666655,-448.9612458333334,-439.9085416666667,-416.2985666666666,-347.71508333333327,-297.43916666666684,-276.2637666666668,-265.89827499999967,-177.83843749999988,-93.79342083333336,-63.889066666666565,2.1363541666665924,86.11751249999998,141.04883333333328,162.48687500000005,248.86220833333323,279.41025833333316,224.41604166666662,325.3443166666667,393.7589958333332,382.2095833333333,453.93259999999975,496.29221666666655,562.1291666666666,595.1627208333334,661.0216333333333,720.9775,664.3736875,639.6806375,691.6408333333331,659.0587333333333,635.7197041666666,667.6429166666667,665.0054958333332,658.0460583333333,669.4908333333332,673.5078291666666,669.9683041666666,663.8045833333333,666.5112124999998,656.3035874999999,671.2891666666667,681.0689208333333,686.74025,680.2341666666667,683.8439583333333,630.0537416666666,572.5337499999998,557.2163791666667,582.5485291666666,574.9116666666666,540.8195041666668,543.304375,595.7483333333332,577.515075,565.2245291666666,588.4091666666666,550.3191791666666,598.7966041666667,747.8383333333334
737.8788916666666,694.3539249999999,697.3491666666666,712.8609166666668,722.5078374999999,725.2154166666667,754.9748458333333,732.9364541666667,707.6941666666665,703.5291166666667,690.9909083333333,643.21875,681.868375,713.3187125,705.0325,710.7209291666666,682.6969041666666,691.7408333333333,670.9996708333333,664.207225,684.955,701.2436958333333,684.0885166666667,670.8208333333332,671.3342583333333,655.9298375,648.1133333333333,658.2664375,654.6233375,637.8833333333334,633.3740708333332,641.9098708333332,641.6834374999999,601.9477374999999,672.1767291666667,747.8432291666666,750.3918458333333,663.8063958333335,569.0510416666667,556.2999208333334,498.3137875,470.3991666666666,416.05294583333335,343.2481833333333,269.73541666666677,206.28700416666666,250.25194583333337,381.4469791666667,297.5404374999998,255.603675,206.68385416666686,110.52692083333329,89.0557791666667,59.54052083333343,-4.257054166666677,-49.07874583333319,-73.08062499999994,-166.81824583333326,-236.18186249999997,-312.98979166666663,-345.29612499999985,-383.07642083333354,-331.5267708333334,-342.02843333333357,-411.2501999999997,-450.44739583333325,-403.3906416666668,-401.89846666666654,-499.5311458333335,-552.0331458333333,-578.7548333333332,-630.1979166666666,-612.7773541666666,-510.82318333333325,-454.24333333333345,-498.17981666666674,-489.52557500000023,-402.7936458333332,-416.5891916666664,-350.9438166666668,-251.55531249999996,-232.7631958333335,-176.75492500000001,-138.49874999999997,-62.6867708333333,-48.87572916666676,-20.290000000000134,-10.067395833333364,41.19879166666669,92.69645833333303,134.4712874999999,198.38149166666693,319.8621875000001,343.3174375000001,336.35236250000014,430.23947916666657,539.7421666666665,618.4267541666666,644.1181250000001,693.7835374999999,750.4256791666664,778.4804166666665,904.3080874999998,953.5674999999999,947.5886458333332,1072.6314249999996,988.7714541666666,823.8332291666666,838.8424166666666,934.4297291666664,980.7061458333333,940.274475,904.6765250000001,929.8924999999999,931.7827374999999,929.9541291666666,955.0799999999999,972.7069749999998,962.9378083333334,939.2808333333332,923.6490833333332,918.4534,929.07125,963.9969708333333,947.9676666666666,924.2833333333333,922.9555958333333,941.3302583333333,963.6066666666668,997.8158958333332,891.2269083333332,743.4245833333331,735.108675,764.7821375,733.1204166666665,720.4523,727.2213333333334,753.3804166666666,732.1367083333333,725.4253624999999,760.4687499999999,741.6018416666666,717.2924583333333,759.7629166666666
723.2736666666666,704.6442708333332,698.7604166666667,684.1323708333333,693.5058208333332,724.8041666666667,748.9779666666666,730.8008291666665,705.08875,724.2708291666668,709.3045916666666,645.81125,657.2890166666666,680.0293083333333,676.4958333333334,670.6853166666666,674.3375333333333,693.9587499999999,661.0435583333333,661.7064583333332,657.8999999999999,657.6186916666666,654.9906416666666,672.5774999999999,672.7379666666666,694.4793625,713.2016666666666,678.2558666666666,623.0752166666667,638.0704166666666,630.5411166666665,643.7171583333333,643.419375,583.1565208333333,653.5501875,790.4505208333331,761.9016958333333,670.2432833333334,585.0359374999999,585.7355541666667,519.2453499999999,456.89593749999995,405.2099833333333,358.3420791666667,327.1329166666666,243.91540416666666,285.47270000000015,416.48562500000014,319.7306541666665,206.81077916666655,160.38833333333335,173.4248333333333,115.7152166666666,58.136666666666514,48.27958333333328,10.73274166666664,-44.562291666666795,-67.71628333333342,-169.00256666666672,-228.43864583333334,-287.3337791666667,-257.86395833333313,-244.2083333333331,-225.24453750000032,-262.2306999999998,-300.66437500000006,-306.2693791666665,-319.32254166666667,-337.1018749999999,-378.03074166666676,-324.8616916666665,-383.41833333333346,-494.7051041666666,-468.52354999999994,-373.69374999999974,-394.7108041666667,-362.84399166666685,-241.12333333333362,-195.05488750000006,-176.14581250000015,-154.22187499999984,-181.40207916666714,-152.59059583333345,-95.74864583333328,-42.47650833333341,12.333820833333391,24.09364583333314,78.03264583333339,109.00117500000005,205.5373958333333,236.05988749999995,258.32538333333366,324.3477083333333,409.1701,452.77159583333327,495.61875,552.9634749999998,609.4919624999998,673.7005208333334,713.9791916666665,778.6792708333331,845.8140624999999,944.5062874999999,951.8050458333333,957.1330208333334,1074.7533250000001,987.9489708333331,830.6782291666667,844.3214083333335,933.8815999999998,932.6032291666667,886.8515749999999,872.0058666666666,940.4508333333332,932.3174750000001,935.5266791666667,962.8370833333333,926.9047583333332,924.9128333333335,964.2420833333332,955.9020333333333,923.3758833333333,931.5541666666667,947.2060458333333,929.4349458333332,910.4549999999999,926.9835041666665,935.5444624999998,928.9375000000001,970.3721125,897.3476208333333,770.1962499999998,729.2857625,739.0660541666666,733.7854166666666,702.7018874999999,738.0854125,749.9779166666665,766.3791791666666,755.1442124999999,738.4724999999999,719.7953041666666,687.1610125,736.1216666666666
729.2460166666666,695.5136708333332,689.3070833333333,681.0792916666667,687.7810333333333,662.68625,728.1092041666666,708.8260333333333,666.4783333333335,668.4695958333333,662.7748708333332,643.2004166666666,661.0683833333334,701.2754708333332,693.6737499999999,659.0576583333334,646.0148875,664.3375,665.3520666666666,668.9736708333332,655.745,693.1563833333333,691.7861875,660.9625,629.0924458333334,642.7145791666667,660.0858333333333,679.6774333333334,644.2785,639.1800000000001,639.3041999999998,622.7300708333332,618.61625,592.5441833333333,639.0528666666667,726.0806250000002,724.7794333333334,644.7809791666666,553.4189583333333,526.5923166666668,479.276725,386.87583333333316,374.34077916666666,316.1452999999999,268.4736458333334,112.56705833333334,206.09948333333338,368.5779166666668,316.41938333333337,250.6240375000001,201.38468749999996,151.63410833333322,113.81569583333325,70.65114583333343,-16.11150416666686,-50.41421666666679,-34.47458333333344,-57.837541666666766,-94.23656666666676,-133.96739583333334,-219.06203749999997,-212.16152916666607,-169.3358333333332,-156.43227083333358,-191.58387916666675,-203.83895833333315,-172.02647916666677,-203.97635833333334,-302.0872916666668,-380.27769583333327,-374.81961666666655,-441.04000000000013,-527.4703499999998,-478.0867791666667,-380.91239583333333,-376.45244166666686,-400.3569750000003,-317.6106249999999,-330.0142458333335,-303.24219583333337,-217.98979166666675,-241.63381249999998,-236.58485833333316,-150.99416666666679,-59.17441666666673,-2.9827625000002627,-20.98739583333338,56.77006666666671,130.88756666666677,198.2855208333332,199.29947500000011,232.11759166666664,204.60895833333342,310.6861333333334,401.90932916666657,469.2184375,541.4861541666666,600.0536458333332,623.1909375,734.316325,782.9926124999997,808.9538541666666,867.3419666666666,899.9241749999999,910.1289583333333,1017.9241000000002,951.9081749999998,823.0769791666665,803.9115749999999,904.3392708333333,946.3445833333334,906.5759208333334,876.7146333333335,933.9162499999999,933.9031749999999,920.7120708333332,946.00875,960.6624291666665,963.47055,942.0116666666665,970.2832625,913.5547791666665,848.7225,904.3215499999999,914.6278499999999,902.0979166666667,879.3380291666667,899.6999458333333,939.2575,1000.867925,897.0051125,683.36375,712.8599166666667,752.0210291666667,683.9341666666667,666.5712124999999,719.8161458333333,714.1537499999998,680.3479208333333,728.7200083333333,778.7095833333333,727.8375999999998,647.8102416666667,597.3891666666666
642.7042458333332,668.2377666666666,640.1383333333332,621.6106833333333,626.9627541666667,596.1495833333332,634.1379958333333,642.6293333333333,647.7908333333332,631.8231333333334,604.2458291666667,576.19625,587.8331666666667,594.9690666666667,590.3808333333333,591.3429833333333,609.9410125,624.58125,616.4956999999999,623.9656958333333,631.0849999999998,629.5500541666667,592.7811833333333,606.2291666666665,583.4315458333333,590.5414541666667,621.0779166666666,644.0367916666667,623.6563125,609.0525,606.0352333333332,631.5661666666666,656.0788541666667,615.2157708333334,664.9923791666668,787.8996875,727.9133374999999,650.1923083333334,600.1558333333335,519.4252916666667,492.50922499999996,488.90239583333323,390.82660000000004,334.93820416666665,285.7346875,124.11160416666667,241.48514166666675,422.58708333333345,366.68754166666656,292.4448083333334,268.3785416666666,236.4534291666667,193.98607916666657,136.5812500000001,43.42965416666638,24.409533333333115,28.30968749999994,-4.172404166666752,-90.67752083333363,-105.1053124999998,-159.44280416666663,-206.50080000000003,-102.19749999999982,-54.2066750000003,-105.78437083333318,-193.88677083333323,-152.69127500000013,-145.56460416666675,-185.46562500000016,-228.50647083333337,-237.41569583333325,-343.35677083333337,-411.87233333333324,-411.2752875000001,-399.0150000000001,-449.01764999999995,-422.0557041666666,-372.84677083333327,-324.9816583333332,-283.9462375000002,-260.68729166666657,-136.1749583333331,-132.55179166666665,-42.59395833333332,48.24625000000009,86.78403333333318,48.524270833333276,33.367066666666574,99.89804583333313,178.72000000000006,147.16142916666655,126.47139166666639,191.0964583333332,281.1578375,354.9203041666665,375.8842708333332,384.77325416666645,521.5248583333332,606.626875,635.7716041666666,662.5895083333332,712.52625,772.9304124999999,824.4535041666666,877.1753124999998,969.1276833333333,885.9172249999999,759.3142708333332,794.7918833333334,838.7941208333334,802.2518749999998,832.4321958333333,847.3603374999999,821.4458333333333,846.2095291666666,842.2843458333333,801.9016666666665,820.7975583333333,816.8473,821.8041666666668,828.8677958333333,793.9221375,796.7870833333332,813.1540833333331,825.5202499999998,800.4370833333334,848.3478208333333,851.6313458333333,800.4954166666666,800.9072166666667,738.6788874999999,654.8845833333332,668.6956708333333,669.6749083333334,644.6433333333334,640.3197416666667,621.6013791666667,604.0625,639.1728,657.5364041666667,661.0937499999999,623.5002958333333,652.3708124999998,619.9841666666666
647.4034125000001,653.6671208333333,612.27375,608.9946541666666,621.3701458333333,610.9683333333332,626.4554833333333,596.9544666666666,603.7045833333334,588.8261958333333,598.8632333333333,623.5387499999999,644.9382541666666,643.9015249999999,599.0708333333333,620.7142208333333,620.9964875000001,593.9925,605.01505,636.2795291666665,603.5824999999999,597.0703458333334,596.8164125,613.4379166666666,593.9507791666666,605.0343333333333,634.6541666666667,586.2954958333332,576.613375,637.7129166666666,665.7717166666666,634.303925,600.175,582.3672291666668,680.0182541666667,780.5010416666667,688.7886000000001,627.7566125000001,646.0579166666669,571.1234666666667,505.74577916666664,437.4605208333332,354.1703749999999,299.16128749999996,242.17020833333333,165.91127083333322,226.75948333333335,362.83958333333334,354.92393333333314,243.8184625,155.13208333333336,127.08067916666661,70.61525833333337,27.604166666666515,-4.929079166666668,-0.16235416666674496,-14.99562499999982,-23.92321249999992,-38.82465000000002,-62.68208333333297,-86.75000833333337,-120.79788333333329,-118.4870833333332,-106.76024583333316,-135.7778083333332,-212.92270833333316,-172.9663083333333,-199.99655,-263.38031250000006,-322.7779583333336,-372.4028958333334,-412.2548958333332,-385.4373291666666,-419.9625291666668,-423.6295833333335,-405.76512083333336,-396.1625916666665,-396.7477083333333,-306.20029999999997,-252.55764583333365,-294.364375,-211.40731666666647,-235.50350416666657,-190.33447916666654,-138.50086249999998,-56.18244999999996,-49.02177083333339,-48.15457083333342,5.726687499999798,89.47604166666673,123.87340833333323,125.3530749999999,106.30427083333328,207.4539625,295.91719166666644,344.00114583333334,390.9049583333332,470.15338749999995,514.7014583333333,586.5255583333333,655.7577916666664,724.0530208333333,767.8163916666665,821.0490499999999,880.7513541666665,960.3619958333331,862.3947583333334,731.76875,804.2469541666667,837.0505499999999,787.7751041666668,822.3856416666665,850.3017708333333,848.1887499999999,853.3107208333332,834.2256791666666,819.0674999999999,786.5400541666667,821.07905,832.8941666666667,834.6244583333333,793.7152291666666,772.9670833333333,848.1293749999999,832.9869958333331,794.4633333333333,832.5862041666666,823.0652375000001,778.5729166666666,788.3732083333334,739.2097291666665,644.9854166666667,660.1474416666666,653.2348999999999,616.7170833333333,604.4863541666666,636.6163166666666,636.8583333333332,662.0646083333334,622.1057125,609.56375,628.6088791666666,581.1662291666665,401.76874999999995
432.2696833333333,479.5419583333333,458.39999999999986,439.19215416666657,434.8201875,434.09833333333336,413.81849999999986,445.8047374999999,476.3066666666666,445.42327083333333,430.53054583333324,444.0854166666666,432.2657583333333,452.6276374999999,450.4716666666667,428.93084166666665,433.867175,460.47791666666666,455.3043624999999,437.6148458333333,423.7091666666666,412.45465416666667,418.8910333333333,477.9079166666666,467.6723333333333,449.7177416666666,468.05208333333326,474.7716416666666,447.42370833333337,440.26958333333323,436.8821375,435.05909166666675,456.42979166666663,481.22860416666657,456.32225416666677,416.9317708333334,344.8337083333335,303.72697916666664,302.5673958333335,258.6814875,206.47428750000006,167.7665624999999,133.55768750000004,64.24690416666667,-7.110625000000027,-78.30912916666676,-134.3742416666667,-214.77864583333326,-254.18546666666668,-326.8965208333333,-410.05510416666664,-460.6239499999999,-472.0767333333332,-416.2758333333335,-536.3337083333333,-576.4877416666669,-535.2387499999998,-548.7500749999999,-561.5754166666668,-618.2130208333333,-723.0880291666667,-755.092758333333,-750.9183333333332,-697.1610333333334,-728.2857958333334,-736.0791666666667,-781.8057666666664,-773.9856916666668,-749.6761458333331,-787.6002541666669,-849.5329541666669,-928.6614583333333,-931.8472666666665,-933.7871833333334,-873.7678125,-853.2581,-831.5137125,-833.9493749999997,-824.0310250000001,-787.6882291666668,-803.7615625000003,-764.0274041666668,-718.7317666666665,-691.5451041666666,-652.59105,-601.9279999999999,-523.5315624999998,-521.8330208333334,-452.8313125000002,-384.84677083333327,-283.91424583333355,-281.6953041666668,-285.32270833333337,-184.30557083333326,-96.43449166666687,-76.47364583333331,-76.81952500000011,42.77945,169.28010416666672,182.93838333333326,173.14933749999983,182.11135416666673,214.27913749999982,252.77697083333328,298.9778125,342.6071291666666,381.49826250000007,473.75093749999985,556.4041000000001,552.1774791666667,499.4563541666667,522.6207458333333,554.6982708333334,558.9825,547.08365,534.2065208333332,522.3125,493.0321541666667,521.8962458333333,553.4800000000001,567.2107125,536.0028874999999,525.0008333333334,589.4478291666666,571.6669124999999,527.9591666666665,552.875775,538.9328333333333,489.52541666666656,526.8408375,510.53171666666645,448.1399999999999,486.6682374999999,514.8284291666666,477.93125,461.11862083333324,453.5246208333333,458.24750000000006,484.9172666666667,470.6570416666666,450.41499999999996,442.4671125,449.4697958333333,391.9083333333333
462.5618958333334,493.8456125,457.96583333333325,454.23473749999994,443.60018749999995,419.7658333333334,412.89329583333324,437.79015833333324,438.5233333333333,417.66613333333333,440.2525124999999,479.0545833333333,451.2259624999999,457.10574583333323,463.47541666666666,453.19285,444.31338750000003,451.3954166666666,462.29662499999995,434.9882916666666,390.1679166666666,394.3168458333334,417.247,460.8687499999999,421.81129999999996,416.3597583333333,470.01541666666657,468.0763666666666,451.42920416666664,476.8854166666666,463.0603541666666,446.8459416666667,467.00333333333333,479.67671249999995,444.21636250000006,406.17750000000007,340.0415875000001,280.71557083333335,237.89281250000016,164.57167916666674,129.4392416666667,141.59624999999994,137.32859583333337,42.07469166666664,-80.64874999999995,-160.69702083333334,-204.4555916666667,-279.93354166666654,-327.84451250000006,-402.5454249999999,-471.27666666666664,-503.0101166666667,-522.6521374999999,-475.46989583333334,-547.8078375,-554.2921041666668,-528.7853124999998,-574.1396958333333,-597.7210958333335,-624.6688541666666,-674.596925,-702.8992291666664,-732.0472916666665,-663.81295,-686.2079583333333,-720.8777083333334,-796.0775916666666,-777.1094000000002,-735.247395833333,-818.6228250000003,-886.6177083333334,-894.7743749999998,-827.7772874999998,-858.9101999999999,-874.7269791666666,-833.9795583333334,-807.0827208333333,-826.1342708333332,-748.0973416666666,-672.7459208333335,-724.2076041666669,-722.5698208333333,-681.6619958333332,-624.9229166666667,-555.9957625,-535.0030499999999,-509.73645833333336,-490.9904208333335,-417.8134500000001,-398.23666666666657,-346.4202583333335,-334.4317041666668,-301.46125000000006,-220.63929166666662,-133.37820000000022,-72.02416666666659,-56.79405416666674,8.76442499999996,90.05322916666671,183.43301249999985,194.7703583333332,145.67354166666678,201.99591666666663,282.5837541666666,329.5963541666665,345.3679124999999,369.4223500000001,468.0049999999999,554.7277166666668,561.8291833333334,518.4358333333333,526.8536624999999,554.3663624999999,574.77375,574.9933,557.0020874999999,537.0545833333334,517.1571833333334,524.9664624999999,522.0604166666667,554.7969208333333,536.9129083333332,508.87000000000006,563.2487208333332,558.9038374999998,535.6816666666665,559.099925,548.6643166666667,506.7287499999999,527.9627708333334,505.58783749999986,435.18499999999983,454.8595874999999,490.29217083333333,489.2691666666667,469.29466666666656,462.0899958333333,474.0958333333333,476.3746791666666,466.6709333333333,467.1079166666666,435.05314999999996,506.0625083333333,559.8566666666667
606.2600500000001,611.7968791666667,605.4637499999999,609.3363458333333,590.1440166666666,580.8299999999999,560.0903083333333,589.3786833333332,617.0308333333332,588.0414875,579.1736874999999,602.5458333333333,601.6013333333333,616.0519458333332,604.7429166666667,599.931575,601.2337875000001,607.8575,614.7091208333333,592.5202666666667,566.5220833333333,589.5828833333333,586.7988,593.7554166666666,584.5130041666666,588.4867416666666,614.4124999999999,615.4916083333333,593.8066875000001,610.7154166666667,627.5165791666666,596.7891666666667,570.2392708333333,617.6994583333333,692.5037125000001,764.7058333333333,726.7676583333334,657.2526666666666,615.8288541666668,559.6301958333335,485.149825,422.93916666666655,410.7358083333333,346.07649166666664,240.75968750000007,156.58307083333327,204.89373333333333,276.2859375,263.2998166666665,200.59806666666663,162.16072916666667,119.81060416666662,43.77892083333339,14.877604166666657,-112.12622083333343,-117.41421250000019,-56.333437499999775,-88.86269166666676,-107.3384041666668,-140.0263541666667,-228.01106249999998,-277.3751624999998,-311.3947916666665,-279.3269458333334,-331.72948333333346,-358.1358333333334,-398.26085833333326,-388.7528291666668,-371.0260416666665,-398.6933541666669,-436.5174291666668,-483.40770833333323,-455.5705166666666,-467.51131666666674,-442.4458333333333,-421.98018750000006,-383.51347500000014,-367.730625,-335.5006,-290.09515416666693,-312.8115625000004,-280.909,-242.02697499999982,-204.74927083333336,-133.75574999999998,-118.32454583333327,-104.79322916666672,-72.91106250000024,-1.6016416666668079,13.601770833333262,112.10367083333321,159.92422916666646,189.60229166666662,257.19117500000016,327.69862083333305,381.69135416666666,413.56044999999983,490.56619583333327,559.1268749999999,632.7529333333332,688.7679166666665,719.2110416666667,782.7241374999999,837.4960874999999,894.9393749999998,959.2717499999999,850.2879541666667,721.5121874999999,806.6035458333333,849.5668208333334,786.3640625,811.1019208333333,824.2247458333334,808.7558333333333,837.8729166666667,834.1782916666666,801.3683333333333,806.7357375,819.871825,787.9458333333333,806.8635916666666,793.1706791666667,782.6191666666667,860.4478249999999,849.4527749999999,787.2691666666665,778.1626208333332,777.85815,777.4733333333332,813.5991541666667,724.7582416666665,572.8641666666665,618.3137916666667,661.0726041666667,616.06375,581.7015083333332,592.4577541666665,645.3483333333334,643.83995,624.9991041666666,617.6683333333332,619.9096083333334,611.3899875,553.2362499999999
593.4235625,590.529425,569.40375,538.9112916666667,530.5956249999999,568.4183333333333,573.1050124999999,578.3802583333332,573.6216666666666,571.4739916666667,568.551975,562.8716666666667,554.0178541666666,560.4939666666666,566.0616666666667,564.4026666666666,570.9411708333332,582.5216666666666,571.9599666666666,587.8783083333332,583.6837499999999,560.0042333333333,545.4040666666667,591.2854166666666,581.2280374999999,591.9279124999999,624.0741666666665,608.5530749999998,586.2583958333333,602.1524999999999,605.2292583333332,594.3678833333333,612.4756249999999,598.7083541666666,644.0003958333333,756.8571875,720.8658458333334,641.5004583333333,613.6971874999997,596.2123875,513.6935333333333,392.2995833333333,351.0626208333333,309.6077541666666,236.73895833333341,145.76868749999994,182.8635416666667,288.2761458333333,282.0146083333333,213.38773749999996,139.29041666666663,140.29749999999981,69.48628750000006,20.391666666666566,-78.84221666666679,-71.74912916666699,-51.11874999999992,-72.78849166666669,-86.99143750000013,-121.4805208333334,-157.29600833333353,-211.1590375,-231.60375,-273.6447041666666,-338.2527374999999,-370.976145833333,-385.8143791666666,-382.4167750000002,-369.7184374999998,-345.8764708333336,-392.5350583333335,-412.8120833333332,-430.5944916666667,-452.77790416666676,-418.30135416666656,-447.2280666666667,-402.03972083333343,-355.1324999999998,-294.60003333333356,-283.57705833333364,-315.92187500000017,-301.35190833333354,-256.05834583333353,-259.15968749999985,-176.82992500000017,-135.96859583333315,-142.04145833333348,-53.36465416666687,10.004679166666506,5.621979166666904,11.744941666666676,66.78912916666675,106.94572916666661,221.3782625,293.41322916666655,335.55677083333325,357.9324499999998,440.14473333333336,517.6083333333332,562.447725,621.1302208333332,693.0174999999999,761.3482958333334,794.5552874999997,851.5372916666665,929.8266499999999,838.0807958333335,696.5508333333332,740.3716375,792.9283541666665,730.5336458333334,722.5456374999999,755.2715791666667,793.8199999999999,806.7842375,796.0401708333334,771.0933333333334,739.3411333333335,773.7495083333333,794.3429166666667,769.0912291666665,751.8968833333333,755.3941666666667,808.5537041666666,780.14075,774.4449999999999,785.6131958333333,762.1457208333333,716.7591666666666,745.8675541666667,690.5732458333333,584.3195833333333,602.0123916666666,617.4353916666665,556.905,576.8353083333333,564.5637916666666,570.9020833333332,599.8948875000001,593.6092124999999,550.6879166666665,568.4164166666667,589.1675708333332,539.9808333333333
606.9097916666666,604.3950583333333,571.4712499999999,528.5223208333333,540.8774208333333,562.5224999999999,547.5918458333332,559.5951333333333,565.4108333333332,544.2472083333333,572.6394,584.3808333333333,564.0783958333333,559.6491333333333,586.1333333333332,580.5821291666666,569.0064666666666,569.6566666666666,565.1690083333333,572.9994374999999,608.4170833333333,603.876525,580.2940375000001,588.1966666666666,587.9173916666666,584.78755,618.4483333333333,615.7846249999999,602.0534583333333,617.4354166666667,623.9242958333333,625.3664625,624.613125,602.1872,663.6163416666667,752.913125,715.5757374999998,635.3778666666665,580.7934375,531.1266666666666,497.81454583333345,432.7347916666666,388.20125,340.27786666666674,244.89593749999992,144.81535416666668,201.97560416666656,352.5972916666666,366.6938499999999,257.2478499999999,196.0591666666667,161.7384333333332,120.41490416666642,54.744062500000126,68.36897083333355,23.092358333333436,-57.51010416666668,-21.772791666666592,-69.25685416666659,-158.8195833333334,-179.57888750000012,-213.88711249999972,-218.42833333333334,-276.5503375,-265.31484166666655,-266.82812499999966,-350.29956249999987,-375.4539750000001,-397.3313541666667,-435.23381249999966,-511.12116250000014,-572.2422916666665,-556.2276625,-520.5646375000001,-475.0523958333334,-477.6964208333332,-434.32516250000015,-374.5111458333333,-325.6208249999999,-302.3504208333332,-351.07729166666684,-231.90650416666693,-196.84665416666678,-181.13374999999996,-90.75275833333313,-51.00906666666668,-15.449791666666613,-50.52455000000015,3.8446166666666386,36.0109375000001,138.48426249999977,135.84043333333312,177.56958333333333,248.88032500000008,337.91229583333313,396.73968750000006,388.6931625000001,436.46337500000004,521.5039583333332,544.0675208333334,577.8861124999997,672.0433333333333,765.3755583333333,806.9003875,860.5671875,944.7062291666667,855.0581041666667,720.8963541666666,740.8493125,793.0424999999998,763.7375,772.3371708333333,784.528625,796.3262500000001,789.5856958333333,780.3965375000001,784.3916666666667,790.3866333333333,775.1514666666667,801.71875,787.0233791666665,740.6087458333332,700.1195833333334,754.5918125000001,763.5928791666665,773.7079166666665,789.3391458333333,771.8711166666667,729.5345833333332,785.7134541666667,709.1500208333332,560.3416666666666,605.185075,626.8888708333333,564.86,581.6884541666666,587.9485833333333,555.5949999999999,568.3736541666667,585.7985541666667,586.6679166666665,570.0925625,571.6387041666667,532.10375
585.3246583333333,592.8436624999999,598.6666666666666,570.5139333333333,569.6516541666666,597.60375,571.7130541666666,587.5195374999998,597.5683333333332,562.1676708333334,569.5761791666666,587.5608333333332,585.7950249999999,585.3644208333333,597.6841666666667,590.2668291666666,584.0665541666667,600.1720833333334,617.4244208333332,595.5600916666667,575.9204166666666,553.9803583333332,587.598425,607.0704166666666,595.5651583333332,584.5423291666667,604.5262499999999,609.5513291666666,600.2906708333333,610.62625,605.6065291666666,619.8621416666666,654.2608333333334,620.1535833333332,658.310425,768.2754166666667,737.4347916666667,655.8112625,588.8016666666666,551.2768249999999,514.0463958333333,439.53145833333326,388.0524208333333,348.4334041666667,248.33697916666654,128.73164166666666,212.8603541666666,386.76802083333325,380.71716666666657,275.2786583333333,178.8669791666667,128.61920833333323,95.9869166666665,110.7421874999998,15.791866666666778,-27.89768750000019,-82.42187499999989,-107.89580000000018,-169.2715083333332,-251.27510416666672,-280.3510166666668,-284.7156250000003,-265.17437499999966,-287.68332500000014,-248.3034958333331,-221.97854166666679,-247.78888750000004,-254.71092500000026,-258.86864583333335,-289.61486249999984,-372.75762083333353,-447.03052083333307,-492.28676666666644,-476.0090041666667,-452.33624999999995,-469.5296416666666,-443.0026750000001,-359.1555208333333,-360.0170416666665,-325.79452499999996,-294.4678124999998,-170.31763749999988,-125.80312083333348,-137.23968750000006,-61.01847916666662,-15.63862499999999,10.901562500000125,77.94110000000006,96.33912499999997,52.94375000000005,137.2280375,218.77140416666657,252.16864583333336,349.2556416666666,410.94271666666657,400.2477083333332,463.2420874999999,544.6720583333334,597.2215624999999,650.2791749999999,694.8147458333334,746.0311458333332,783.2132624999999,827.1828916666666,921.7095833333331,1024.882095833333,950.9272416666665,750.9542708333331,771.6309291666666,824.3848916666667,782.8932291666666,824.739525,817.5727208333334,800.2962500000001,795.8844750000001,799.4992916666666,798.3120833333335,746.8246833333333,726.6464875,778.0604166666666,823.6596416666665,805.9079,753.9249999999998,772.9442875,796.1585749999999,814.87625,819.2224666666666,818.7463333333333,808.9395833333332,811.12215,718.8413333333333,595.4445833333333,617.7547708333333,602.671275,572.4891666666667,562.1567458333333,599.0813416666666,655.2966666666666,632.343125,608.4658166666667,583.3162500000001,557.9259083333333,583.6496249999999,611.1845833333333
574.1562625,542.6896583333333,558.32625,557.663025,579.8606,593.2395833333334,580.4288624999999,583.474925,571.8929166666665,585.2768124999998,609.4857625,614.6712499999999,594.8130541666666,586.9684749999999,607.4429166666666,618.4700791666667,599.5921791666666,567.4679166666667,602.9922041666666,605.7471875,605.2191666666665,612.0559916666666,610.4757708333334,603.9679166666666,600.7756916666667,608.5396416666667,630.9004166666666,592.7674083333334,567.3523583333333,618.0120833333333,625.2298041666667,627.3440833333332,612.2914583333334,600.8924458333333,665.9938958333333,770.5389583333333,732.4719333333334,665.0152999999999,642.0167708333331,602.2901666666667,539.2869458333332,459.8416666666666,391.6697083333334,339.6362999999999,272.08927083333333,175.2741208333333,263.49085,426.69499999999994,426.8797916666664,270.04072083333324,182.50802083333338,151.99045416666655,123.8988749999998,53.424895833333494,-47.085324999999784,-73.98434583333344,-121.97989583333336,-154.7960000000001,-218.9320333333331,-267.9299999999999,-256.7026458333336,-221.81005833333353,-264.6869791666664,-355.1597333333334,-320.35507083333323,-253.90812500000004,-304.6202875000001,-323.96081666666686,-308.91291666666655,-328.2798041666664,-371.26734583333325,-366.6171874999999,-283.40414166666665,-306.7792291666667,-400.59052083333336,-422.8350958333333,-400.6556291666669,-343.9972916666667,-261.0558374999999,-241.61701250000004,-297.34677083333315,-221.41349999999989,-185.7499375000001,-151.1812499999997,-122.6342375000001,-103.05770416666667,-42.04874999999993,52.20325833333351,55.27193333333332,1.6942708333334053,134.0066375000001,248.5057,280.79499999999996,283.4826458333332,343.7849624999998,406.9111458333333,503.33444166666663,528.3960791666666,535.7072916666666,609.1426083333332,653.1290541666665,733.3018750000001,792.7963249999998,826.7839333333333,904.470520833333,1002.4718374999999,948.8126249999998,784.1407291666667,795.5439666666666,785.094275,728.3301041666666,802.0183624999997,803.7352125,793.2670833333333,794.8686791666667,783.9955916666665,782.3479166666667,823.3842374999999,801.8217,797.3191666666665,822.1386166666666,818.2750958333332,820.9708333333333,810.8369,801.0154166666666,801.5633333333333,802.9452999999999,784.6861041666666,787.6583333333332,809.3719916666666,724.8470124999999,598.1454166666666,624.2907166666666,602.9883749999999,551.8929166666667,538.5369375,589.8042458333332,663.3862499999999,652.243475,593.2953124999999,574.0583333333334,604.9145374999999,574.9895416666666,474.7370833333333
427.83354999999995,422.8929791666666,433.5345833333333,415.64927916666664,417.95732499999997,421.10625,418.9846749999999,444.72979999999995,456.48541666666665,423.775225,438.324125,453.88499999999993,446.9870541666666,434.9860958333333,450.1445833333334,432.71386249999995,422.0642958333333,419.4333333333334,436.50466249999994,445.86461666666673,428.83916666666664,419.55606666666665,414.7950166666666,469.65083333333325,493.81505833333335,468.25885833333336,456.5875,467.18538333333333,450.43471666666653,441.43791666666664,422.41379166666667,440.1737583333333,454.36749999999995,468.0339666666667,438.0603875,419.1937499999999,388.45869166666677,346.2165124999999,304.5227083333332,253.5887541666666,232.0355708333334,196.4510416666667,165.92646666666667,89.84652916666676,9.462916666666729,-75.29387083333336,-103.89925833333336,-167.4105208333334,-212.46803750000015,-289.38620000000014,-376.3748958333333,-414.3523166666665,-410.6029124999999,-384.3132291666667,-389.9547666666665,-488.9695874999999,-555.1904166666668,-567.4605416666667,-614.4823416666667,-690.6017708333331,-754.6373624999998,-734.6030999999999,-729.3484375,-772.6006249999998,-797.7316833333334,-789.9901041666668,-764.9284833333334,-777.7904249999999,-777.6485416666668,-779.8540166666667,-829.9708374999998,-965.4636458333331,-1026.1166416666665,-969.7317833333334,-875.1213541666666,-905.4924958333334,-836.7888041666664,-864.4351041666666,-911.9432416666665,-888.5202375000001,-828.0066666666667,-723.8518958333332,-676.9866083333335,-691.0302083333333,-654.7724041666665,-635.7137124999999,-621.8074999999999,-534.5886750000002,-456.059325,-352.25187500000004,-323.71855000000005,-280.80323750000014,-214.63197916666638,-109.69402083333318,-36.785229166666795,-20.548854166666615,20.272691666666617,78.8545499999999,173.10822916666666,188.01629166666658,164.08118333333312,179.8128125000003,197.77533749999986,223.9167166666665,319.2971875000002,378.88464999999985,411.82250833333325,488.07427083333323,524.2560583333333,488.50727083333334,450.1691666666666,518.6370041666664,536.9198166666667,559.2075,511.2744833333333,507.0154,505.0966666666666,491.86464583333327,509.2910124999999,522.3529166666667,553.4252333333333,551.6318833333332,582.0004166666666,560.501925,533.3722291666667,526.5041666666666,567.2755208333333,575.0790083333333,568.3912499999999,552.0370083333333,491.27733749999993,436.48958333333326,470.54869999999994,482.25161666666656,452.2249999999999,422.19444999999996,433.77040833333325,421.10541666666666,453.9116708333333,455.93327083333327,417.18625,420.51829166666664,449.6578166666667,463.2833333333333
445.51794583333333,434.054125,443.22208333333333,418.0887916666667,415.91584166666655,427.81416666666667,443.1151249999999,447.95954583333327,422.24666666666667,407.15443333333326,449.9569583333333,466.2362499999999,440.68143333333325,436.57292916666665,476.36916666666673,446.51672916666666,414.7963833333333,412.3016666666667,448.1114208333332,445.1607916666667,403.6120833333334,422.18033749999995,428.40442083333323,448.73666666666657,441.01425416666666,437.961625,468.4079166666666,461.28724166666666,450.19765833333315,479.74541666666664,454.17929583333336,452.3730416666666,460.58343749999995,473.98231250000003,439.66229166666665,409.39822916666657,363.2033541666667,303.1775624999999,246.6344791666665,192.6662583333333,186.96033333333344,178.08281250000005,165.01872083333336,87.5822208333334,-8.222499999999854,-107.57495416666663,-140.77222916666665,-194.58687499999996,-222.70392083333354,-311.69881250000026,-420.86406249999993,-434.9968083333333,-403.8911916666666,-361.4003125,-333.3378499999999,-392.88779999999986,-457.90500000000026,-537.0041583333334,-610.5328916666667,-649.3681249999998,-696.0072958333332,-709.2475375,-738.9126041666666,-745.4481624999996,-749.0329375000001,-772.1893750000002,-783.7787875000001,-818.4685624999998,-832.4683333333334,-858.5553833333333,-920.1091374999997,-1022.3448958333331,-1007.0313499999999,-963.1709916666667,-962.9044791666666,-1030.2435541666669,-951.2089999999998,-940.1439583333334,-921.5113583333332,-853.5093666666667,-797.6579166666667,-726.9654583333331,-668.4194333333335,-637.8221875,-606.4657416666666,-610.3172124999999,-603.8280208333333,-510.5297708333335,-444.46860833333324,-378.43552083333327,-384.2420083333333,-334.30915833333347,-244.50864583333305,-155.70424166666658,-67.82211250000012,-8.303541666666604,21.272012500000073,36.298920833333284,114.7425,175.83964166666652,155.79062499999986,136.371041666667,186.44896249999988,262.51982499999997,366.98625000000015,386.86593333333315,398.15201666666667,491.4604166666666,545.5366833333333,515.2333916666668,470.43281249999995,529.0436166666665,539.7513375,555.94625,500.56319583333334,502.6944291666667,522.5337499999999,524.0958083333333,508.59303333333327,481.04166666666663,546.3696083333332,569.2480333333333,572.5858333333333,517.9618208333334,504.7134041666667,537.1045833333333,572.9490708333333,571.0172666666666,571.82625,560.9209958333333,500.1740291666666,432.92624999999987,431.9607,445.01405833333325,447.6312499999999,427.744375,449.8170624999999,440.7783333333333,440.1981791666666,445.08317916666664,432.05791666666664,410.5919208333333,494.2020625,616.24375
595.2555708333333,565.8000958333332,591.34875,567.6377791666666,573.436125,591.9654166666667,598.3605541666666,604.2947374999999,588.6666666666665,567.2293125,599.6287583333333,618.9545833333333,611.6567791666665,601.0941,616.0387500000002,588.3384,562.3490625,556.1858333333334,593.1521624999999,605.473,586.3129166666666,611.6424791666666,585.0394916666667,572.50875,597.1631749999999,609.5359125,615.68625,600.4457416666667,581.6573749999998,606.5541666666667,602.1704958333333,603.4783291666665,589.0875,605.490125,666.1212416666666,771.4846874999998,769.0936416666667,689.4274624999998,618.6077083333331,590.3828833333333,558.7012166666667,480.0469791666667,458.4132041666667,402.5990125000001,305.6489583333335,182.04093333333336,247.2035416666667,360.17635416666656,360.78185416666645,284.5558291666664,212.8315625,167.5435125000001,133.4366666666666,109.77458333333337,77.5576333333334,3.600100000000168,-36.0854166666669,-99.71232083333342,-171.65171666666674,-210.62187499999987,-248.43942083333314,-255.82782916666667,-299.1358333333333,-343.37704166666634,-370.8772375000002,-378.7040625000002,-349.6452375000001,-392.88334166666647,-440.9442708333336,-428.86770416666667,-437.3389708333332,-543.5322916666665,-599.0757291666666,-562.7648625000002,-499.42937500000005,-545.9266416666667,-454.1143416666665,-431.67208333333355,-441.2745916666665,-397.08377500000006,-345.04593750000004,-287.3748166666665,-258.7618041666667,-239.97718750000007,-166.02114583333332,-172.6723833333333,-209.55572916666677,-96.61723750000027,-2.4038583333332326,76.44979166666661,98.58595416666668,154.6675249999999,225.89052083333354,304.59424166666685,365.2050833333331,409.0840625000001,491.96843749999994,526.9174125,567.3686458333333,615.9852958333331,647.3877624999998,703.8188541666668,771.0148041666665,811.8266958333332,910.1136458333334,1002.3865124999998,896.39695,747.6384374999998,780.8587958333333,778.7200583333334,724.1468749999999,821.8230749999998,826.0708708333334,801.3070833333334,781.4280958333334,796.4100375,786.6624999999999,798.3356499999999,790.5172208333332,745.3816666666665,793.7014999999999,813.2347208333333,830.8620833333333,799.9422166666667,785.9011,790.3433333333332,804.6094958333333,813.6075874999999,843.7316666666666,832.0701208333334,710.1881249999999,575.3349999999998,587.0473041666667,599.4701041666665,569.5829166666665,563.2744416666667,604.2624208333332,590.92375,591.8145916666666,596.9683666666666,596.485,587.5002208333333,599.9733916666667,611.7295833333333
585.818225,568.2543541666666,526.1825,516.5803625,533.5734375,561.3320833333333,566.1690416666668,560.5615666666666,555.6470833333333,546.5432375,571.4671666666667,560.9595833333333,568.9936749999998,571.4827791666667,577.77125,566.2691374999999,548.7205875,562.9116666666666,587.94965,589.9866166666666,585.9654166666667,568.5460291666666,548.6688624999999,589.9333333333333,601.3368083333332,594.12365,603.5525,613.9581208333333,605.0320583333332,600.8745833333332,590.1998916666666,607.0928708333332,609.0647916666666,596.9577083333334,655.2909791666667,771.6367708333332,770.9292916666667,699.8035541666665,627.1914583333333,599.5378083333333,537.6249499999999,436.00145833333335,398.9292541666666,352.59605416666676,283.25125,174.33589166666675,208.03603750000005,351.3928125,356.6143791666665,280.0034916666664,197.72750000000002,185.29154166666672,132.23785416666666,72.97156249999998,81.30974583333335,48.581037500000036,-56.56437500000004,-86.34066250000006,-116.29694166666678,-158.2839583333332,-168.4581708333332,-164.76582916666695,-162.86718750000017,-205.62514166666642,-273.4312375000001,-318.8047916666667,-342.4895083333334,-398.6850208333332,-389.39041666666674,-374.83170416666667,-379.30045833333315,-454.6856249999997,-533.7074125,-508.5092000000001,-457.2315625,-557.6133625000001,-470.5128124999999,-396.49885416666683,-369.69976249999996,-346.4290416666667,-298.3917708333333,-209.58310833333326,-170.13094166666673,-142.57499999999987,-65.17725833333344,-1.0458333333333485,28.066458333333372,43.236470833333186,76.66417499999989,152.29395833333345,180.83948750000008,238.56566250000006,293.2979166666667,321.2991666666667,399.74641666666656,458.7782291666666,490.11706250000003,540.2850791666666,623.5053125000002,666.5585625,730.5591208333333,765.3037499999999,780.8915083333334,812.9173999999998,898.5410416666665,986.4406249999998,879.6184374999999,738.9578125,746.3151458333333,787.5027041666667,782.0619791666666,742.4750249999997,742.3463458333333,746.175,781.4930333333333,785.4238875,737.3366666666666,710.5903333333332,736.6335583333333,749.2241666666666,750.2249041666666,766.7231374999999,815.0645833333333,765.7345208333332,748.4265791666667,791.2,799.1589124999999,780.9878541666666,784.8004166666666,783.1163333333333,699.5900166666665,599.8616666666667,593.3651458333334,595.0364958333332,567.7574999999999,552.1686249999999,571.0035833333333,614.7974999999999,632.65565,587.4504583333332,523.8512499999999,526.0994125,575.1616958333333,607.1087499999999
622.0122333333331,583.6973916666666,543.0125,567.65275,566.2163208333333,560.6575,544.4595166666667,546.0319375,569.2904166666667,562.9029125,579.8215624999999,584.5179166666666,565.5485333333334,573.8881666666666,578.1416666666665,589.1806875,575.1245666666666,579.0424999999998,557.6563416666668,570.1465625000001,604.8208333333333,591.701925,554.9555083333332,576.51875,601.2062875,611.8334624999999,617.7620833333333,622.5316208333332,611.0985458333333,596.6129166666666,573.5038,598.9726916666666,626.1001041666667,583.8132666666667,629.1094208333334,751.1335416666666,740.3097375000001,691.9030583333332,627.9652083333333,581.8582416666667,530.9094874999998,464.4815625,407.7672708333332,369.47861666666665,340.0667708333333,237.20035000000016,261.38335416666666,426.9256249999998,433.4799625,312.81287916666645,224.28218750000005,259.35622083333317,191.9279333333332,73.58239583333321,55.50100833333323,-4.306949999999972,-100.57489583333347,-148.6499125000002,-246.47951666666637,-331.1904166666667,-324.2733791666668,-350.9617291666665,-415.63572916666664,-484.1553208333334,-415.5639374999998,-338.34677083333344,-382.2607875,-439.40707500000025,-488.9704166666669,-460.105583333333,-548.386575,-658.4895833333334,-698.5259374999999,-634.6036375000003,-613.1838541666665,-644.44525,-534.0103291666665,-482.3555208333336,-473.41882083333314,-464.1369208333334,-410.6191666666666,-316.5741541666668,-220.48606666666677,-171.56510416666663,-62.41858749999989,-37.826337499999966,-40.82583333333321,-23.725745833333406,38.09233333333316,120.59333333333342,153.15028749999996,210.51095416666672,321.3003125,333.44449166666686,391.80709999999976,447.46677083333327,456.48754166666674,498.5556124999999,586.7708333333335,616.2260291666669,650.8333416666665,724.2088541666668,774.4503083333334,823.1986458333333,906.6097916666668,938.7302416666666,856.6721833333334,748.2122916666667,757.2094916666666,771.0135708333332,769.5793749999999,755.3287374999999,754.2979208333334,761.6683333333332,754.2969625000001,760.6404583333333,754.3570833333332,793.3631041666665,806.9733166666666,761.7341666666666,792.9574041666667,776.9009166666666,753.4458333333333,736.6415791666666,760.6721999999999,778.3491666666666,790.8930916666666,780.3761833333333,792.6120833333333,786.6337958333332,685.6571166666665,573.8924999999999,603.8076249999999,589.9695583333333,579.415,586.6480583333332,596.9186708333332,574.4362499999999,571.1909916666666,567.2168375,540.1941666666667,545.396825,565.5897541666667,596.3504166666667
610.4680958333333,600.7313333333334,589.0441666666667,621.5888458333332,590.3663458333333,578.8258333333333,579.2302500000001,582.8951666666667,583.4791666666665,580.4834208333333,600.5793583333334,579.18,597.7759791666667,596.0829625,582.6220833333332,562.1500958333334,565.454675,595.4508333333333,594.8057875,592.9082375,579.6329166666666,595.4599,601.8480916666666,584.7204166666666,601.6474166666667,593.4232083333332,574.0383333333333,595.8004249999999,600.9519083333332,581.99875,571.4471958333332,604.0204,632.849375,598.2476999999999,678.4552125,793.750625,755.2467916666667,714.5813833333334,670.6785416666664,611.5482083333333,550.2960624999998,528.4300000000001,427.7702458333332,373.94638333333336,345.3763541666666,268.63162083333333,326.29457083333324,491.7808333333333,493.33484166666653,380.07567499999993,321.6969791666665,299.8859041666666,281.88482499999986,228.26635416666662,230.0864374999999,177.96206249999986,64.1734375000002,-48.35938333333354,-109.21740833333342,-139.0969791666667,-204.28703333333317,-221.71524166666677,-215.06802083333338,-209.51486249999988,-239.50069166666668,-227.2190624999999,-282.29271666666665,-312.4690416666666,-304.56166666666684,-308.4181999999999,-407.11153750000005,-513.829270833333,-507.8644250000001,-472.55538333333317,-484.3262500000001,-478.9016166666669,-417.76689583333314,-316.0193749999998,-276.0033375000001,-253.27667083333336,-187.10333333333327,-106.63365416666659,-85.61345833333337,-81.43312500000002,-64.3545416666667,-14.607487499999877,59.81739583333342,63.361641666666515,103.36994999999987,165.11322916666668,155.60386250000005,195.3146958333333,340.09822916666667,367.0760500000001,422.3832041666666,465.875,461.14367083333326,539.3210624999999,612.5608333333334,646.4620749999998,693.0930791666665,742.3165624999999,800.1509,890.7415749999999,985.2870833333334,985.4503041666666,883.5088916666666,784.1590625,773.8446291666666,763.1732625,769.5523958333333,804.4589041666666,813.8615625,779.1558333333332,774.4233958333332,786.5669125,783.9154166666666,765.0196833333332,779.0966999999999,811.5570833333334,820.2839791666665,810.5907666666667,789.8720833333333,773.908025,809.9742708333331,833.2237499999999,821.1712749999999,780.3939041666665,781.3091666666667,841.8003874999999,733.8496666666666,592.1149999999999,608.4835375,632.868025,616.225,562.066075,596.9277666666666,635.3187499999999,609.7321583333332,619.4713583333333,610.7149999999999,583.6545208333332,558.1581166666667,608.1879166666668
617.5667416666668,566.1013916666667,529.8520833333333,560.2037666666666,577.1245958333334,579.2579166666667,581.2735833333334,579.0920625000001,570.6108333333332,574.0075958333332,594.7059416666666,602.2287499999999,594.5299541666667,580.6877416666666,587.2325,609.2841874999999,606.0522958333333,597.7899999999998,594.5160374999999,603.8529833333334,606.8979166666666,596.4523833333333,599.1046791666666,594.0933333333332,606.6344958333333,619.6268958333332,616.3112499999999,591.3497333333333,590.9479791666666,620.2708333333333,620.158175,623.5547375,609.7802083333333,601.9636125,673.2861041666667,772.1104166666667,736.8283958333332,690.9720791666666,679.8453125,616.8228999999999,542.8949166666666,502.6170833333333,386.8499791666665,343.47136250000017,324.11374999999987,265.31995,341.00143333333335,487.65125,456.45422083333324,333.15840833333345,266.4752083333333,238.4586999999999,190.04519999999988,103.04906249999993,131.35239166666668,97.97238333333328,-15.74510416666655,-95.52815833333358,-161.81581666666676,-197.61552083333322,-209.40589166666655,-185.99200000000008,-220.05645833333347,-254.2299791666665,-285.23204583333353,-243.5949999999998,-308.96325833333333,-349.67216666666656,-341.2169791666669,-341.97814583333303,-408.8352041666667,-499.82666666666637,-512.1705916666667,-446.6381208333331,-479.39427083333334,-526.1452416666668,-496.6588291666667,-410.78322916666684,-341.7864375000001,-286.14975416666664,-258.67791666666653,-193.22379999999998,-173.16505,-156.9208333333333,-120.80095833333343,-91.03410833333322,-43.11500000000001,-23.475216666666796,28.57305416666668,73.31916666666666,126.8654833333332,200.6890166666667,257.4185416666668,277.00250416666654,355.2619833333333,448.9626041666666,504.68454583333346,523.7922166666666,539.6891666666666,634.9521208333335,730.1815208333335,785.2915624999997,812.9594416666666,875.6205249999998,956.1548958333333,1012.5731958333332,917.7454333333333,741.0384374999999,813.7445749999999,835.4183333333333,796.0820833333332,796.7152416666667,790.3430291666666,750.3470833333332,792.1878250000001,789.2136708333333,764.4304166666666,763.4677333333332,826.5709708333334,840.08375,824.5016041666668,800.377575,803.28125,816.9468708333333,812.5001708333332,796.4262499999999,799.7403916666665,772.6313749999999,768.6933333333334,828.2025916666666,728.3714124999999,607.3891666666666,618.8623291666667,636.7671,608.5754166666668,588.2131,577.5637874999999,616.3104166666666,600.0220583333332,614.186825,643.4624999999999,625.5128541666666,533.6628708333333,466.7908333333333
442.39615,430.2304,404.53749999999997,441.46372083333335,418.12450416666667,407.965,399.20235416666674,404.92537500000003,423.15958333333333,437.8122291666666,430.99887916666665,421.88666666666654,449.19513333333333,456.66196249999996,414.8329166666666,428.29645416666665,439.24627499999997,446.04499999999996,423.30352083333327,431.9460291666667,431.61958333333325,435.4777708333333,456.68162916666665,491.5804166666667,489.88944583333335,461.89131666666657,449.5841666666666,458.5757833333334,460.3335333333333,437.7125,416.3137458333333,434.42655,464.4241666666667,449.40355,425.39758750000004,453.99364583333335,424.2766041666665,386.3028541666667,355.44166666666655,274.7865291666666,250.17368333333332,267.2713541666667,198.10482500000006,142.93172500000006,109.6259374999998,65.44217083333336,7.225316666666629,-67.16885416666673,-129.42052083333317,-225.6992041666665,-286.40656249999995,-329.7274958333335,-319.9904458333334,-338.40645833333315,-388.8236208333333,-424.87184166666657,-484.84343750000005,-584.7545375000002,-639.6514083333334,-609.2761458333333,-651.61815,-700.0697,-706.2566666666667,-667.6430958333331,-727.3128125000001,-716.6354166666666,-735.348733333333,-735.6867708333334,-767.8111458333334,-805.4307416666668,-825.7618333333335,-780.5361458333333,-775.543595833333,-823.8256458333329,-887.0123958333334,-792.4333791666668,-759.3891124999999,-731.4318749999996,-711.6376750000002,-660.7721499999999,-667.8080208333332,-609.2453541666664,-588.5805666666668,-653.1483333333333,-638.8229249999999,-593.3276166666667,-523.5345833333332,-481.5212833333333,-440.9178041666668,-349.6840625,-295.60039583333327,-196.26437499999992,-144.55166666666662,-127.25580416666662,-60.983850000000075,29.644479166666883,20.859679166666808,76.77024583333332,168.59218749999997,198.52880000000005,236.3397458333335,240.77697916666642,244.84432916666663,278.9978666666666,368.7088541666668,408.19415416666675,467.1661375,510.42458333333326,541.1800458333332,527.7963083333332,526.2360416666666,511.98974583333325,531.4004749999999,535.7529166666666,547.0090833333334,519.6099041666665,509.9041666666666,501.4680749999999,532.2440083333333,527.8070833333334,537.2652166666667,542.6419166666666,567.585,579.7500583333333,558.5786958333332,529.0895833333333,564.8004791666666,561.0362458333332,532.7333333333333,558.1462624999999,532.2028416666667,426.3841666666666,463.0072791666667,489.23450416666674,497.32375,445.91183749999993,419.2489374999999,456.8279166666666,447.07299166666667,462.42029583333334,470.36208333333326,455.2810916666666,427.35956666666664,438.5220833333333
462.38425416666666,446.9734916666667,401.9241666666667,439.90650833333336,429.14347499999997,425.40083333333337,407.73411250000004,402.799625,415.9404166666667,429.9751166666666,438.27945416666665,437.25999999999993,434.1903125,450.39080833333327,443.705,427.9246333333333,410.9105083333333,429.66958333333326,427.57750833333324,427.1972833333333,409.1274999999999,436.0806583333333,448.45090416666665,444.5475,454.4079916666666,458.8534666666666,456.70458333333323,444.1345541666667,454.91379166666667,469.16875,448.90718749999996,455.37784166666665,484.44708333333335,474.50447499999996,429.82074583333326,426.83718749999997,399.1820999999999,356.6776791666667,311.11052083333317,243.54113749999993,231.73382499999997,251.67395833333336,192.73200833333345,139.15177083333333,89.83802083333313,25.11889583333337,-22.124562499999968,-60.3658333333334,-107.35244999999975,-220.91406666666666,-296.9380208333333,-305.79143333333354,-257.2072583333334,-261.75156249999975,-312.39115000000004,-350.8836208333332,-424.4354166666667,-561.6476375000002,-625.7752083333334,-584.1914583333332,-654.2842458333334,-734.4329375,-750.7566666666667,-708.3213499999997,-755.69705,-756.4893749999999,-839.9469999999998,-871.064641666667,-891.4955208333333,-944.9221,-961.7825666666668,-866.921875,-801.3746083333331,-856.5762291666663,-984.8987500000001,-926.0540833333334,-889.942425,-833.7924999999998,-777.0040833333335,-697.0305083333332,-689.6216666666666,-625.0211749999996,-588.9045416666667,-623.2770833333333,-582.1449416666667,-560.3031333333333,-532.0219791666666,-470.2313291666666,-426.1827708333334,-374.35739583333316,-347.5993458333332,-248.63867499999992,-187.30208333333326,-171.74617083333334,-77.53069166666671,56.249479166666845,41.43254583333362,63.56169583333332,139.3758333333334,195.3633291666667,237.01298750000018,222.74458333333314,248.65317916666663,318.0209041666666,415.4859375000001,421.4371583333334,458.18449583333336,509.9870833333333,552.8995166666666,540.9827583333333,530.9418749999999,509.2842541666665,518.5492583333332,513.7408333333333,526.1961458333333,503.53633333333323,506.87874999999985,524.3865083333333,539.458725,505.38,550.6491541666667,559.9875291666666,537.1008333333334,534.35275,542.5318124999999,542.87375,557.8588874999999,541.8647458333332,536.2483333333333,585.7979208333331,555.7659166666667,417.9916666666666,415.373475,433.40207916666674,465.5241666666667,445.68488749999995,442.9158291666666,477.84333333333325,432.7932708333333,446.44911250000007,476.8741666666666,449.7005208333333,486.1755541666666,605.6075
624.648175,581.4234083333333,543.6112499999999,590.6743708333333,580.9078,576.1125,581.4622333333334,570.3527666666666,556.1637499999999,585.4947041666667,604.0890958333333,597.0674999999999,606.0821541666667,611.8812416666666,576.5341666666667,563.6767958333334,557.5682958333333,577.2766666666666,574.6587999999999,586.6390166666666,589.3499999999999,623.0641874999999,615.513525,590.7895833333333,616.9361,621.7623791666665,600.9237499999999,597.2683375,601.5039708333333,593.5629166666666,582.5188708333334,601.8105583333333,620.1858333333333,596.7287875,650.4228541666666,799.7896874999999,792.5557416666664,727.5215625,686.1417708333331,624.5220083333332,580.2400208333333,545.4696875000001,468.4156250000001,425.4976416666667,379.73520833333316,302.5671083333334,359.2630416666667,488.7014583333332,474.5027833333335,353.29195833333335,288.4322916666666,265.7201499999999,263.9367833333331,195.4913541666669,107.33731249999988,64.39622083333347,8.400624999999906,-107.79611666666693,-158.4248166666667,-99.5191666666667,-134.61634583333336,-216.2480541666667,-268.13125,-237.45496249999962,-286.4832541666669,-273.80083333333334,-312.9800791666665,-354.69300000000015,-422.37989583333353,-453.41495416666686,-436.2328666666669,-353.573125,-342.2372083333331,-414.67808333333306,-502.26625,-396.01851250000016,-340.1096958333333,-287.83927083333316,-234.43810833333356,-182.83664166666665,-225.38020833333326,-192.08411249999972,-148.8178125,-148.12374999999997,-78.41684583333341,-63.332341666666764,-60.2877083333334,1.8940999999999235,50.29977916666655,102.11281250000008,139.86691250000004,250.1037291666667,306.541875,293.14549166666666,356.0407041666665,480.51468750000015,485.98874583333344,518.7724458333332,582.2114583333332,633.2892625,729.3909416666668,790.6907291666664,816.2043166666666,856.5213499999999,967.1104166666667,1027.3679333333334,941.1610791666667,769.6793749999998,795.7625874999999,810.5339999999999,790.9102083333332,806.7688791666666,815.7643499999999,776.7391666666665,812.6749208333333,791.9559125,760.5187499999998,777.9440041666666,812.9556791666666,784.6958333333333,805.768175,803.1669291666666,794.9741666666666,808.7370083333333,823.2199166666666,810.18,794.0171999999999,778.2360916666667,800.0658333333333,843.2781666666665,748.1638291666667,547.17,572.8281291666667,616.9930041666667,623.6558333333334,572.0535708333333,567.6366499999999,623.6941666666667,600.2654208333333,622.4274125000001,658.8795833333334,620.6967333333333,577.1837041666666,585.1945833333333
589.0538666666666,540.9117374999998,503.13,548.0124875,546.3350708333332,565.4699999999999,568.8533333333332,541.7078958333333,550.81,558.0284333333333,566.4686541666667,554.895,562.4059458333332,572.8655083333333,548.3279166666666,563.9715583333334,557.0466875,560.2837499999999,547.3803708333332,576.2881041666666,589.0620833333332,583.1481916666665,584.1910333333333,598.4845833333333,600.920875,598.3187666666665,598.0379166666667,593.490775,602.4138875,598.0666666666666,582.6463708333333,594.4411083333333,623.3245833333333,611.2308583333333,685.3218583333334,824.2115625,802.0086458333332,726.5601291666666,694.7705208333332,653.6116625000001,592.0497791666667,519.2426041666666,476.91101249999997,436.9881541666667,367.7855208333332,254.9031541666667,301.51793749999996,447.73958333333337,423.1174625,299.09029166666664,188.47489583333328,205.45440833333328,138.7456291666665,75.68656250000004,46.789658333333136,14.461725000000058,-29.23249999999996,-121.49315000000024,-176.0630416666666,-117.25624999999997,-128.05137916666672,-198.51020416666682,-222.64864583333343,-206.92833333333334,-241.75483750000012,-307.48177083333326,-362.3456166666665,-393.08964583333346,-385.0625,-398.7652666666667,-392.99349583333344,-329.1642708333333,-334.5716625,-398.93063749999965,-495.8479166666667,-440.9415458333334,-378.91893749999997,-276.2129166666663,-211.83874583333363,-174.00024999999994,-191.31041666666644,-148.4201666666665,-172.8158833333331,-162.58750000000003,-106.22523749999999,-44.004029166666584,-13.700833333333236,44.00354166666662,87.11510833333335,133.75885416666665,203.1427708333333,283.60864166666664,295.5719791666668,320.2996875,383.3037249999999,477.28093750000005,475.40449583333344,535.5969208333333,590.9292708333334,645.9575333333333,720.5036166666666,768.9555208333331,794.2839583333333,820.8872499999999,931.0946875000001,1007.2804000000001,933.2898083333332,742.4493749999999,754.5225916666668,755.5359333333332,737.3806249999999,742.4984416666665,770.6318583333334,787.29625,807.7037333333334,784.2784541666665,753.4666666666666,776.466675,776.3719166666667,749.79875,744.7024416666668,760.2442666666666,788.2412499999998,775.4369416666665,769.6183458333333,783.9629166666666,802.2716708333332,777.5324999999999,740.8245833333334,779.3403916666665,733.2233333333334,553.0825,576.7839875,573.5155958333334,556.3829166666667,573.3624791666665,595.6992875000001,589.6212499999999,569.1985416666666,578.5894625,559.9195833333333,549.6993458333333,556.3107166666666,594.0162499999999
615.6421041666666,579.1662541666666,557.9395833333333,562.4465916666667,542.3589499999999,552.7275,547.6196083333333,556.8538166666667,564.9633333333334,560.2772958333333,563.6913458333333,563.0574999999999,559.7901916666666,555.2204041666666,574.42125,608.0011291666666,619.213225,596.1166666666666,569.91815,574.7150958333333,594.2783333333332,585.2133416666666,592.8237041666666,604.9995833333332,614.3795208333332,612.6713208333333,611.4987499999999,597.6613791666666,602.0792708333333,588.865,579.21035,613.1911916666667,640.2408333333333,589.6651458333333,655.8451208333333,802.3182291666666,797.3041374999999,709.0270624999999,646.3222916666665,621.0855916666667,586.2017083333334,529.2141666666669,473.3868541666666,440.77132916666665,383.42270833333316,307.1948083333334,332.74547083333334,452.3480208333334,423.5944958333334,339.5266791666667,278.6065625,207.79982500000006,129.58875416666658,80.86895833333327,70.39727499999998,36.088245833333076,-67.45083333333332,-112.89305833333339,-136.64953749999967,-135.72437499999978,-142.60437083333352,-200.57172500000024,-233.16406250000017,-208.89063750000008,-190.38907499999982,-243.02729166666666,-277.5288250000001,-308.10555833333336,-299.9901041666667,-297.42877500000003,-371.30900000000014,-457.2920833333331,-429.52224999999976,-473.39121666666665,-522.2792708333334,-419.65924583333305,-362.7677124999999,-335.37604166666654,-244.49847083333322,-254.08051666666665,-277.8329166666667,-203.59182083333332,-148.2320083333335,-142.35604166666667,-132.28461666666652,-108.26141249999992,-52.13718749999987,-8.433816666666615,37.66517499999992,75.38635416666654,134.6726541666665,220.17061666666672,297.53979166666676,333.9687541666667,362.8199916666665,421.78145833333343,463.4842791666664,544.3758375,570.0386458333334,600.6215541666666,704.0579458333334,807.1408333333334,821.4004166666664,855.0041749999999,928.1756249999999,988.6572125,916.7784999999999,741.4304166666666,748.6570916666667,779.1196416666667,778.7837499999999,739.4007333333333,737.1851874999999,777.2241666666666,793.8887458333334,791.0581208333332,770.8187499999999,812.7688833333334,805.2199041666668,766.6558333333335,761.2213041666666,757.2824708333333,754.4795833333334,778.1756791666664,763.5154208333333,747.4704166666667,810.2466624999998,797.5972041666668,756.59625,799.1575958333333,743.9128875,606.7833333333333,576.3865083333333,553.0410041666667,558.4045833333332,584.0882041666666,609.5601166666668,601.48875,558.4378416666667,553.3892333333333,566.0649999999999,576.7114291666666,569.5499,589.2045833333332
565.0838458333333,568.7797875,581.2049999999999,597.6482666666666,609.5109333333332,594.0558333333332,593.6342833333333,593.0767416666666,587.2883333333333,592.1147666666666,567.8123374999999,560.0941666666665,602.3438083333333,621.7756541666666,584.45375,594.4573041666666,590.4519875,592.29,578.5238583333332,585.431375,596.2341666666666,608.6334291666666,609.3176958333333,603.605,595.2377916666666,582.8342458333333,575.9616666666666,569.2581458333333,588.6528375,598.8720833333333,589.4950124999999,619.6479791666667,643.1487499999998,586.6706208333334,677.9155666666668,837.7733333333332,811.9134875000001,719.8727166666666,670.0236458333334,615.4011833333334,580.2058958333333,532.0333333333333,465.7892416666665,413.8804666666667,347.5019791666665,247.11380416666674,294.2310541666667,485.4124999999998,476.6529833333334,415.65751666666654,395.16718749999984,290.54529166666657,249.6955750000001,246.32541666666648,202.65512499999997,146.23845416666646,107.69864583333356,16.96912500000002,-5.431254166666577,18.205208333333474,-45.48303750000002,-108.0724125000001,-156.85687500000006,-155.89290000000017,-151.97912916666655,-151.8118750000001,-205.71831250000008,-238.8968666666666,-238.30447916666625,-200.53987083333334,-301.63507083333366,-398.85874999999976,-400.98305416666653,-436.41146666666657,-525.6571875000001,-416.75544999999977,-356.31416666666667,-298.03343749999993,-227.95767083333334,-225.32590833333336,-137.57437499999997,-98.29925833333317,-57.549329166666894,-41.016874999999914,-55.39557083333335,-30.665424999999885,15.338645833333544,29.04876250000001,57.043162499999994,93.64260416666653,131.5515499999999,198.15400416666668,291.7312500000001,343.92957499999994,419.2927708333333,519.3956250000001,550.811275,593.9742833333333,624.1755208333334,696.9367416666666,729.2869249999999,805.5514583333334,815.9984124999999,900.470925,1018.6334375,1036.7979416666667,922.444825,737.8010416666666,745.2017833333332,783.2231291666665,781.5033333333333,770.382625,791.6995208333332,819.69625,794.4115791666667,799.6230874999998,815.15,775.9562291666667,747.8128791666666,778.9137499999999,812.7047291666668,821.8941583333333,771.55375,783.5233125,783.8363541666666,788.1641666666666,830.2489958333332,816.9432208333333,816.7924999999999,874.2353416666665,802.9933500000002,604.2950000000001,556.1929083333333,584.3040208333333,568.4645833333332,583.0259458333333,600.3989291666667,635.42625,581.4380249999999,567.0544374999998,588.9425,596.2149708333332,562.1991125,573.3058333333332
555.3892625,517.69805,514.15625,574.3947666666667,613.7346124999999,580.3749999999999,581.1531666666667,584.0783,574.2812499999999,585.89285,592.7093708333333,588.9695833333333,602.0663,607.2066666666666,589.6966666666665,609.6695,617.9340083333333,601.92,583.0471624999999,595.7767916666667,609.5079166666666,596.0636166666666,604.3388291666665,591.8404166666667,596.2547874999999,604.5924958333333,612.9937499999999,580.7399625,580.8657875,603.1754166666666,629.2539708333333,638.0426875,637.5329166666666,583.8084,648.8637958333334,814.2895833333332,821.1212874999998,768.3713958333333,691.8917708333332,638.3690833333333,595.8278791666667,555.9883333333333,450.65094583333325,406.76155416666677,373.6010416666667,281.74714583333343,331.52162083333326,518.9760416666664,479.2475833333334,413.126625,390.44281249999995,293.0926499999999,221.36106666666672,182.66687499999986,157.61629166666665,115.99975833333312,67.8305208333334,-22.294704166666634,-56.68163333333331,-43.87145833333324,-60.306129166666665,-89.55578333333341,-151.57541666666685,-172.0092958333335,-155.57762916666667,-144.12562499999996,-264.45080416666667,-317.5145958333333,-294.41624999999954,-254.24036666666655,-292.45572916666686,-365.9578125000002,-320.78769583333315,-379.6299916666668,-397.48302083333294,-405.8334874999997,-352.2914458333334,-291.0938541666667,-264.4850083333334,-258.91158750000005,-262.16520833333334,-215.36577916666653,-175.07884166666645,-149.19145833333334,-133.88623749999994,-129.16531249999994,-85.82781249999996,-45.52432499999992,22.247329166666674,80.23458333333332,179.35593750000004,204.70167916666662,228.36052083333357,271.72599166666674,350.43149999999974,478.14322916666674,565.6058041666668,574.9596208333335,567.3046875,678.246725,758.820058333333,841.9557291666665,914.5599916666666,956.8373833333333,1001.8028125,1017.5862374999999,906.1558083333332,748.5420833333333,774.0356666666667,860.9605458333334,847.8212500000001,758.2917916666667,748.4417249999999,779.5345833333333,788.7280541666667,778.8514124999999,758.9066666666666,799.4518416666666,833.6045083333333,829.5929166666666,813.5086583333334,806.0586499999998,814.8058333333331,819.6899624999999,795.9004208333333,781.1404166666665,802.1175583333331,798.1014541666666,805.9712499999999,866.9346624999998,793.8393833333333,588.1191666666666,574.649325,614.6579416666666,564.0779166666666,534.3953708333332,548.2032333333333,610.0233333333333,590.0530791666665,576.0586291666665,585.6191666666666,629.045825,537.4325791666668,422.62166666666656
383.2961291666667,400.32500416666664,435.20166666666665,455.9807916666667,461.7697791666667,434.8737499999999,416.7865791666667,415.0545833333333,430.0104166666667,437.9373791666666,436.6834083333334,436.05958333333336,454.89114166666667,450.28864999999996,409.7691666666666,423.6956083333333,449.50309166666665,453.6616666666667,449.6824083333332,439.2723541666667,430.73666666666657,415.86010833333336,448.8291458333333,465.82041666666663,464.3113291666666,453.11852083333326,455.6791666666667,477.685025,467.755425,444.3641666666666,444.02638333333334,441.49288333333334,427.66875,439.51079166666676,432.3573541666667,465.65729166666665,457.72439166666646,444.7961583333333,401.1307291666667,302.10227916666656,279.6753458333334,314.65385416666663,239.7545374999999,173.69721249999995,150.8202083333333,90.19675416666672,47.70144583333325,1.3295833333332894,-108.29442083333322,-165.42375416666664,-184.25406250000003,-274.58125000000007,-332.2435249999999,-332.93447916666685,-365.2415624999998,-444.2295958333334,-488.8864583333333,-514.8544333333333,-534.2785624999999,-542.6557291666666,-555.6511958333333,-572.6519,-619.5241666666667,-665.0452666666667,-676.5723416666667,-675.7738541666668,-665.2993708333333,-652.9153708333332,-673.0253124999995,-603.9262249999997,-608.8161916666666,-668.7029166666666,-676.942275,-724.9466416666664,-692.5474999999999,-623.0959958333335,-681.0028041666665,-674.4636458333331,-676.9805041666666,-676.1011666666666,-639.6535416666668,-636.8041583333331,-666.0873333333332,-678.5131249999998,-681.9087833333333,-634.9153749999999,-579.6584375,-523.1978791666666,-463.3915958333333,-402.49760416666663,-277.4377374999999,-196.40500416666669,-165.8895833333334,-122.57087916666671,-63.36592499999995,41.47218750000013,84.0970541666668,129.65825,226.8540625,232.10376666666673,258.7902916666666,295.4073958333332,323.8640333333333,354.2152625000001,390.68583333333345,434.4082041666668,506.51459166666655,521.1310416666666,512.5329666666665,525.0576583333334,551.30625,530.9896833333333,510.6592583333333,525.0191666666667,524.3749916666667,489.25244583333324,497.17125,525.12545,517.1044249999998,535.10375,538.2560291666666,547.3433624999999,551.2662499999999,555.2428291666665,534.4658541666666,516.135,556.0635166666666,572.465225,574.1037499999999,539.4161708333332,497.45459583333337,474.04416666666674,416.5638791666666,419.13217916666656,444.6133333333333,464.6160041666666,477.30330833333335,447.5470833333334,436.8706458333333,437.1651958333332,414.57374999999996,436.7451125,420.28889583333336,409.73666666666657
415.4197291666667,416.9059416666667,425.2633333333333,449.652875,473.45379583333334,451.36208333333326,413.56159583333334,409.51526666666666,440.0120833333333,443.13133749999986,441.05788750000005,443.67666666666673,447.1152625,453.4822875,439.4633333333333,434.97311666666667,430.4233458333333,428.8879166666667,447.6494874999999,445.2928291666667,427.8779166666666,420.3761416666667,444.74829166666666,441.71833333333325,450.3737791666665,455.2191041666666,452.7316666666667,449.92274999999995,448.90370416666667,460.71625,462.46107499999994,455.27370833333333,447.1920833333333,460.8152291666667,436.13023749999996,447.166875,438.04022499999985,411.8322875,353.2826041666667,281.34559999999993,271.3559291666667,301.20645833333333,252.86303750000002,188.57320416666653,134.38895833333333,61.72010833333337,20.288212499999986,-11.333020833333364,-84.94974999999982,-135.0693833333334,-173.82979166666667,-257.62810000000013,-291.6808541666666,-279.62541666666687,-325.57057083333314,-404.7937708333335,-449.07124999999996,-523.2220625,-572.192225,-580.3557291666665,-618.0072916666667,-659.8094583333334,-714.2608333333334,-761.0228416666666,-778.8834958333332,-802.9459375000001,-835.9485916666667,-827.16915,-817.7244791666662,-749.716883333333,-760.0341958333332,-802.6911458333334,-778.3728249999999,-829.4322249999998,-834.0094791666666,-781.7584625000002,-828.4027458333333,-782.9848958333332,-728.9504125,-706.6840749999998,-675.9438541666667,-646.4480874999998,-637.7128166666664,-627.0485416666666,-627.4878166666667,-581.4256458333332,-523.7596874999999,-468.48652499999986,-420.12732916666664,-385.2728125,-294.0550666666665,-214.39172500000006,-162.8203125,-123.32617083333338,-57.018270833333304,65.38885416666676,94.13668750000011,117.17188750000003,216.9052083333334,255.54167083333328,269.4331583333334,270.1220833333333,339.10698333333335,412.18724583333346,439.78395833333343,443.7874333333333,500.9484166666666,533.8223958333333,536.6494916666666,542.9061791666668,549.37375,512.0650208333334,492.96541666666656,518.7962500000001,516.2503541666667,474.5143374999999,487.3416666666666,536.6575333333334,531.3496416666665,534.1283333333333,539.2136166666667,556.7488458333332,553.8987499999998,532.7056541666666,531.2866416666667,547.3379166666666,544.7532249999999,531.6307041666666,555.2949999999998,542.8903624999999,505.1591833333334,472.60125000000005,399.1924541666666,390.7327041666666,415.87333333333333,451.6887874999999,477.24660416666666,442.25625,412.76065833333325,420.63090833333325,417.0233333333333,429.45962083333336,480.60274166666665,573.1183333333332
560.4419916666667,539.8264291666667,575.14,607.6600375,617.1914458333333,581.7612499999999,569.5211541666667,566.1832999999999,574.5029166666666,598.6884291666665,609.3651666666667,601.3475,607.474525,607.4964791666666,574.8620833333333,565.3038375,572.4377875,588.9120833333334,616.2019458333332,606.8686291666667,584.5358333333331,595.3188166666666,615.3775958333333,590.1374999999999,609.2540958333332,623.4426374999999,620.3270833333333,628.8969666666667,612.4101541666666,593.75375,605.0743708333333,610.9583791666666,592.0891666666666,597.4886583333334,666.5657541666667,815.3994791666667,819.6943083333331,775.5171083333333,725.8020833333333,650.0877166666666,603.2582500000001,578.3851041666667,497.9678124999999,444.5915249999999,401.23,298.0846541666667,369.92133749999994,533.0332291666666,470.2340166666668,381.06186249999996,347.7818749999999,263.3773583333333,167.73725416666667,103.69343749999987,66.83929166666678,-3.3642583333335097,-44.917083333333295,-44.363537500000064,-31.85132083333326,-26.414479166666524,-54.03166666666664,-99.46742083333339,-176.0217708333334,-240.99745833333333,-225.68535833333345,-198.1284375000002,-243.83085833333337,-251.56555416666657,-243.35010416666628,-196.91059583333316,-195.54721666666677,-220.9795833333334,-254.15789999999996,-316.62804999999986,-262.2721874999999,-178.38750833333353,-215.10362916666656,-171.58072916666669,-139.94126666666665,-151.55936249999996,-167.58718750000008,-199.3988166666665,-211.37564583333307,-167.93562499999985,-129.94175416666684,-100.28783333333325,-90.42875000000004,-34.65738333333337,23.24249583333335,50.77979166666668,131.95060416666675,197.41663749999995,237.43729166666657,280.66115416666673,352.5854791666665,484.76385416666676,538.2742833333334,559.5346708333333,635.0078125,682.9416249999999,764.9670583333333,840.0013541666665,903.3405166666666,947.3584416666667,988.7257291666667,1036.755275,962.3068541666667,772.0578125,763.1556958333332,804.4723750000002,810.8166666666667,818.4258458333334,800.5395958333334,786.7625,801.7213791666667,775.0476416666666,767.7395833333333,794.9162708333333,790.5256791666665,805.5354166666666,801.1338333333333,805.0531208333332,807.2337499999999,811.1117749999999,805.1671166666667,795.935,802.4723791666665,791.7558666666667,813.5991666666666,827.2679499999999,728.9422666666667,593.7287500000001,543.6196041666667,565.2776499999999,561.1875,571.2329458333332,619.4142499999999,618.31375,574.4612374999999,577.9490541666665,603.0620833333334,604.8921625,562.884225,547.3637499999999
560.4537250000001,570.1591375,540.0520833333333,549.38025,568.2165625,565.3666666666667,572.6543916666667,564.2509625,535.7991666666666,572.5900249999999,581.9668083333333,572.7483333333333,591.7528916666666,590.6457999999999,548.9195833333332,566.0951166666667,574.3084833333332,540.6616666666666,564.7894083333333,591.6794708333333,617.87,599.6032124999999,596.0474166666667,565.5845833333333,583.5238916666665,591.2180625,592.61625,601.6662666666666,602.9225916666667,611.7229166666666,602.6100916666667,600.2780041666667,591.75375,591.6523333333333,667.7928416666667,796.7755208333333,806.3918874999999,767.5195375,724.0883333333333,654.0561166666666,608.7908541666667,557.7915625,511.19989166666676,465.8794624999999,395.2540624999999,290.6708625,370.0162958333333,541.8319791666665,481.0273208333333,373.1836833333331,340.4848958333334,267.02477083333315,216.9567125,149.60000000000016,70.27684166666663,32.6388708333331,20.149270833333446,-64.51497499999999,-96.69053333333324,-82.46531249999981,-60.24740416666668,-80.09663750000021,-158.46260416666672,-242.94815833333337,-294.53702916666674,-305.12187500000044,-305.40949583333344,-301.8119791666666,-311.75281249999955,-259.0686541666664,-273.6059875000001,-334.90010416666667,-334.9626291666666,-294.39826666666653,-305.21635416666663,-286.3116958333334,-347.8728999999999,-275.9044791666664,-219.99435833333337,-209.60627083333327,-196.95395833333342,-199.74751249999977,-192.05067499999984,-174.94104166666654,-130.06022500000012,-82.66294166666663,-21.432500000000005,59.401624999999996,125.21060833333343,163.80395833333355,242.29697500000006,293.24542916666655,305.5858333333331,330.7981874999999,373.10503750000004,450.18635416666666,503.15509583333335,580.5648958333333,673.3192708333333,707.9942999999998,735.4550416666665,807.0521875000001,862.0559666666668,916.8744375000001,958.515625,1038.0444499999999,981.3519958333334,742.9903125000001,703.6273249999999,722.3342000000001,769.29375,722.1231458333333,722.8265124999999,755.61875,785.4032166666665,735.1627416666665,698.81,744.4888208333334,767.2185291666665,777.1304166666666,757.01655,770.6972958333332,765.2266666666667,759.5035291666666,747.8494791666666,763.6125,805.92705,797.7799916666668,777.4804166666665,774.0217874999998,696.6642625000001,587.2254166666667,528.1772541666667,529.3264083333332,552.0108333333333,556.6843041666666,530.6371958333333,573.6991666666668,586.9210291666666,585.8336041666668,587.2879166666667,571.2448541666665,554.0235625,558.1495833333333
561.7180333333333,588.8600958333334,591.8466666666667,555.7750916666666,560.4345833333333,567.6366666666667,551.7168333333334,548.3445749999998,542.0,572.5941124999999,563.3207583333333,570.3325,599.1167208333334,595.3708666666666,588.4004166666667,585.6331833333334,588.8619458333333,558.2279166666666,572.4335125,584.3029041666666,573.1154166666665,553.0493124999999,576.7256916666666,600.8116666666667,603.8618999999999,599.16865,612.2591666666666,620.5902791666666,615.2625583333333,621.8374999999999,605.5303208333333,610.1261416666667,597.6970833333332,579.6979416666667,654.3818208333333,807.5737499999999,802.9594375,763.2541166666666,731.5684375,684.0969541666667,648.8090708333334,589.6991666666667,525.1556041666666,484.21042499999993,431.2742708333335,371.46201666666656,409.54156249999994,536.9461458333333,488.54790416666674,411.47823333333326,358.4480208333333,286.7867500000002,193.83847500000016,147.42031250000002,104.70619583333342,85.65214583333335,50.44499999999999,26.4976166666666,-39.475208333333455,-89.66864583333307,-70.93265833333334,-85.0610750000003,-127.68718750000028,-189.85877916666647,-194.84493750000007,-191.60020833333328,-307.80392499999994,-359.4299458333332,-344.1615624999995,-321.9041833333335,-332.9156583333331,-415.5150000000002,-445.8434208333334,-421.2543416666666,-395.92124999999993,-374.35425,-309.6078041666664,-289.5323958333334,-287.68825833333335,-290.93152499999997,-257.1982291666667,-196.98578750000013,-157.52751666666654,-152.34729166666648,-131.74470000000008,-55.6379208333332,38.80916666666664,100.19347916666669,159.37897499999983,173.24885416666672,231.26129583333326,287.6429208333333,346.1826041666664,357.21153333333336,361.01099999999997,433.26458333333335,509.325225,585.6308374999999,656.2232291666667,672.5940041666664,722.6716791666668,802.7013541666666,875.3821833333333,914.1108875,946.2012500000001,1026.6196458333332,968.5949249999999,748.3868750000001,731.3413125000001,756.7768916666666,800.6020833333332,795.9963124999999,769.5739458333333,756.1266666666666,787.1298166666667,783.9174583333333,751.3154166666666,780.2537375000002,759.7626874999999,774.8854166666667,761.7827749999999,786.5316666666666,798.87,771.0190708333332,784.5366416666667,769.1183333333332,800.9094458333333,777.5948625,742.0262499999999,761.4881624999999,695.5509625,600.0291666666667,517.9744,545.8316083333333,601.605,619.9303958333334,535.3441166666667,553.2816666666666,555.70715,549.2504541666666,571.8045833333333,580.2916916666667,572.821925,594.9245833333333
567.9754375,609.4746916666667,624.8166666666666,571.7110208333334,573.0814499999999,618.6004166666667,603.0781791666667,590.845,583.3074999999999,593.8232583333333,555.2893708333332,551.4370833333334,600.2157666666667,637.3705458333333,611.4770833333333,583.7080625000001,596.2339208333333,626.1433333333332,632.2175,610.5280375,609.2979166666667,608.4655291666667,606.4983416666666,591.9470833333334,597.3541833333333,603.9433708333333,588.1491666666666,604.0445916666666,622.9195875,632.90375,608.44645,609.6683166666667,612.4679166666666,567.3953916666666,654.3106624999999,821.0725,802.0731291666666,755.9178083333334,738.7321875,705.4268666666667,647.9297999999998,601.7063541666665,546.4241916666667,501.4673583333332,423.5270833333335,367.6348416666666,424.9116583333333,563.9568749999997,510.4172666666666,469.8893999999999,436.0191666666666,343.5668083333336,287.17881666666653,325.96447916666693,278.8141833333333,195.21101250000007,150.1066666666668,110.12650833333328,45.68503749999985,-12.529062499999952,-19.27707500000014,-32.17965833333329,-79.32812500000017,-165.20432083333316,-192.86560416666674,-163.01395833333305,-277.2482333333333,-303.2700374999999,-260.9766666666668,-283.5404125000004,-331.45520416666653,-345.306875,-305.22416666666675,-366.5072583333333,-339.1451041666668,-263.4352958333335,-205.68887499999985,-230.02989583333357,-222.42526249999992,-175.66723333333346,-145.88395833333348,-120.95294166666676,-110.04500833333319,-117.62604166666654,-87.1771750000002,-26.13173749999993,28.750208333333376,62.00526666666667,107.26856249999997,124.80697916666665,216.12199166666664,274.948975,316.56395833333306,369.77699999999993,426.7686874999999,504.8687500000001,533.0978208333333,579.9495916666665,679.5203125000002,696.3686708333332,742.7492541666667,813.8328125,895.9063375000001,953.1581125,1003.9201041666668,1065.0038875,963.6744541666666,735.0755208333335,727.1959291666667,758.2850999999999,793.9283333333333,785.1198708333334,791.2437958333333,791.7204166666666,800.6653583333333,777.6135083333334,756.0041666666666,764.8960791666668,749.9587791666665,786.3729166666666,795.4211375,804.4958791666666,768.6808333333333,798.8103166666665,811.3741041666666,784.8462499999998,811.6890666666666,805.6069,781.86875,831.23685,728.0901541666667,590.7295833333334,549.2495041666666,563.4417500000001,546.2566666666665,599.7416833333333,635.2788416666667,621.0937499999999,611.9708833333333,585.7753,589.1641666666666,589.3931541666667,615.9609624999999,602.3516666666667
551.1851499999999,547.3132958333333,578.1054166666668,606.3418541666666,579.9143166666665,569.6270833333333,582.3878083333333,594.7736333333334,568.3670833333333,562.8006916666667,563.8482333333333,578.4416666666666,589.4829041666667,605.9946624999999,610.6983333333333,596.1973374999999,605.536525,625.8354166666666,598.4393708333333,595.4364583333333,619.7258333333333,596.6147416666666,591.1960124999999,610.8416666666667,609.0158291666665,617.1287791666666,605.1787499999999,606.8049958333332,601.1097375,617.00875,633.6501833333333,621.5382249999999,586.9420833333334,557.8676,644.6295500000001,794.665,809.7986916666666,770.7989083333333,741.0033333333333,694.4153416666667,643.6931291666667,555.5738541666666,515.2118791666667,476.9114291666667,426.23864583333346,353.60054999999994,420.3475916666665,583.0077083333332,524.9048875,440.4175333333335,385.6695833333334,296.0419291666666,231.53735416666677,191.57322916666692,93.98632916666682,4.721062499999846,-38.8619791666668,-94.93291666666664,-119.13646250000016,-101.4146874999999,-123.17992500000014,-122.61426666666654,-143.6512500000003,-226.6043749999999,-315.5340333333336,-342.2754166666661,-380.07265000000007,-399.2913666666666,-379.7783333333332,-376.0941916666667,-405.77180000000004,-429.2089583333334,-420.9361125000001,-393.8522458333331,-523.1605208333334,-488.05462083333316,-370.7745291666667,-284.3525000000002,-358.4221166666667,-353.795133333333,-251.27593750000014,-226.61483750000022,-173.73363749999993,-120.53885416666662,-129.99314583333347,-83.37493749999993,-17.94166666666652,44.43888749999999,105.11771666666661,121.41239583333336,182.98128333333332,210.14887083333326,258.1763541666667,357.47629583333344,394.7848249999999,497.3661458333332,591.2255416666667,618.5236874999999,637.3704166666665,711.0876041666666,784.4583708333333,810.0561458333334,880.8732916666667,936.4669333333334,966.1130208333334,1037.1960124999998,963.1666291666666,761.3794791666668,727.9797458333334,773.5481916666665,766.5629166666666,740.73405,760.9388749999998,780.4599999999999,766.9767125000001,756.8260083333332,753.2979166666667,756.7631333333331,783.7464791666667,792.2729166666666,798.0509458333333,789.0829291666666,795.7033333333333,822.3403958333331,829.7556416666666,792.4241666666665,795.8495541666666,783.3349374999999,757.1675,776.7295124999999,719.0581124999999,532.97875,541.5746375,585.3999458333333,558.9070833333333,540.4603041666667,540.1846083333332,595.61,589.7215833333332,584.5681916666667,616.0779166666666,632.2820541666666,574.3939833333334,462.1008333333333
405.05700416666656,408.6398416666666,467.2625,418.4157333333334,407.10022083333325,411.2579166666666,417.28465,419.44665833333335,400.66125,412.14815000000004,418.544625,436.2183333333333,448.01463750000005,447.82635416666665,440.52666666666664,439.97676666666655,455.2684791666666,478.8958333333333,452.81786250000005,438.18295,444.69583333333327,422.71111249999996,435.6801458333333,477.07166666666666,466.82438749999994,463.1376875,456.5933333333333,464.6299166666666,461.6125,457.88208333333336,446.0068,436.18657083333323,424.66375,419.1173791666666,448.5331208333332,466.15427083333327,444.5726666666665,428.4740166666666,405.23802083333334,313.56914583333344,298.1852083333334,335.35895833333336,248.6268375,155.5421583333333,106.47604166666656,85.5494041666665,28.53477500000008,-17.25718749999993,-121.12465833333351,-169.20489999999995,-174.67052083333328,-254.05845416666682,-321.87915,-306.77739583333334,-258.62775,-292.8954208333332,-393.83833333333314,-459.0802249999998,-551.6501208333331,-627.8301041666666,-596.2073958333334,-600.3701874999999,-685.1337499999998,-745.807066666667,-746.8167708333333,-762.909375,-757.2530999999999,-747.3182833333335,-752.3172916666666,-774.3113874999997,-820.4972541666665,-843.3464583333333,-827.8004875000001,-800.5911791666668,-834.4988541666664,-875.0471208333332,-851.3127499999999,-857.9666666666664,-841.7625958333333,-793.51695,-736.2577083333335,-691.0970666666666,-636.1017666666667,-604.3366666666666,-644.4660708333331,-632.8042375000001,-546.1947916666664,-427.7431333333333,-363.40175,-347.8458333333333,-325.2936166666666,-243.05070416666678,-183.26354166666664,-191.0697958333335,-135.2328833333333,-13.321249999999964,90.1700666666668,146.2705041666668,180.21354166666657,222.07347499999997,225.99096250000002,258.6463541666668,279.03425416666676,331.59834583333327,370.28093750000005,424.17746666666676,466.95727916666647,461.5853125,448.8199833333333,448.2200833333334,461.7025,435.61602083333327,463.43287916666657,460.37958333333324,427.50643749999983,423.39417499999996,480.2770833333333,491.80779583333316,480.27285416666666,478.4741666666666,461.4977416666667,456.87107916666673,474.48333333333323,457.4655791666666,441.95124166666665,445.8475000000001,466.21773333333334,497.4456791666667,498.9083333333333,495.86173750000006,456.78700833333335,429.82,397.4263208333333,430.87388333333337,443.4529166666667,433.3421083333333,393.8572291666667,423.5858333333333,423.0295041666667,411.5003958333333,405.78666666666663,424.59333333333336,442.34991249999996,434.9508333333333
429.19012499999985,415.55348749999996,441.765,410.1867583333334,425.25784583333325,434.0141666666666,431.2577916666666,430.21212916666667,413.16583333333335,415.30961666666667,410.4705333333333,420.00416666666666,426.6605666666667,444.87931249999997,459.62833333333333,439.0393083333332,425.4585166666666,450.28041666666667,460.91405000000003,452.5028541666667,440.60374999999993,440.0222458333333,457.9494375,471.77458333333334,448.16063749999995,456.5739083333333,459.61875,441.3879874999999,436.4278208333334,462.05500000000006,457.51025,445.4432166666666,437.77791666666667,440.0453124999999,464.4703208333332,467.3469791666666,438.77685416666657,415.8782499999999,398.6017708333333,344.77873333333343,340.62721666666675,363.6160416666668,293.2515250000001,206.6748374999999,136.93947916666662,95.46016249999985,31.417854166666757,-0.3033333333332848,-73.59967916666676,-118.38585416666672,-152.1420833333333,-249.75564583333335,-299.9064833333333,-270.6516666666667,-270.3411208333333,-312.56477499999994,-384.1915624999999,-485.8397333333332,-608.2674374999998,-684.8637499999999,-672.1717000000001,-669.3330208333333,-729.0861458333333,-806.688491666667,-830.6411791666665,-862.1088541666664,-884.7327708333335,-885.9616875000003,-885.0018749999999,-914.9677458333331,-966.1657708333332,-971.9201041666666,-922.0008125000002,-899.6195500000001,-968.5597916666666,-1006.5964333333334,-952.4334833333334,-914.0708333333331,-845.5347375,-783.7426916666666,-740.4705208333334,-677.9962666666668,-593.6097958333332,-546.6086458333333,-590.9363166666665,-578.6279041666668,-484.1437499999997,-373.09625833333325,-336.19325000000003,-350.9680208333333,-335.2023041666665,-241.27014583333357,-167.32604166666658,-168.73100416666682,-92.04574166666657,45.15322916666662,114.47067500000014,146.30467500000015,193.42406250000005,253.83796666666655,246.6527000000001,262.97000000000014,315.6171375000001,385.43558333333334,404.51177083333334,443.4173625000001,483.4205499999998,482.0080208333334,471.359425,466.9027,472.41708333333327,442.03469583333333,465.24101666666655,452.39541666666656,405.5084791666665,399.0633041666666,469.2754166666666,497.1555791666665,489.36884166666664,482.9804166666666,472.81866249999996,485.1225125000001,497.52083333333326,429.9966541666666,426.62420833333334,479.83416666666676,455.9130458333333,457.41093750000005,482.9891666666666,486.33027500000003,442.2881458333334,418.93749999999994,392.0831625,404.24413333333337,392.3675,415.42661666666663,396.5314,412.8820833333333,412.1365916666667,405.9989708333333,397.23374999999993,414.9040875,503.01328749999993,594.5704166666666
594.9000416666665,564.0554749999999,592.9745833333333,558.5904833333334,571.1229541666665,577.4949999999999,581.0053208333334,571.1068124999999,546.5233333333333,583.0639583333334,590.8518458333333,584.67,600.6722458333334,614.1814833333333,606.1741666666667,585.4150916666665,577.4890666666666,600.4604166666667,608.1223833333333,606.4675125,607.5458333333332,610.0344666666665,616.4711958333332,622.6954166666667,617.3796208333333,628.6600416666666,622.9670833333333,624.5763208333333,612.2965166666667,602.7458333333334,597.2435291666667,611.7567374999999,609.8366666666666,573.1700583333333,671.1553124999998,819.9122916666665,803.9872708333331,760.3271249999999,750.5254166666666,686.0972041666666,645.2958500000001,621.3130208333334,520.4220750000001,437.2738958333332,370.0096874999999,301.2403249999998,362.29310416666675,539.7373958333333,488.72773333333316,407.2388083333333,381.0015625,297.02718749999997,181.1467166666666,127.7257291666667,171.52342916666663,140.99489583333337,32.936250000000115,-10.896912499999871,-73.88429583333311,-136.85385416666662,-113.17600416666687,-120.2234416666667,-211.67270833333322,-309.32217916666696,-308.6229083333333,-300.6877083333332,-332.93224583333335,-344.35760833333364,-335.468125,-367.85829583333316,-417.0712791666666,-435.31,-442.0875208333335,-419.2779958333336,-429.02374999999984,-445.90215,-370.29719583333326,-303.7787499999999,-248.10244583333343,-235.43253750000002,-245.44625000000008,-207.3549958333334,-134.2536874999999,-86.21812499999993,-106.08150416666649,-94.37927916666669,-34.528124999999875,48.2527208333332,80.78036666666662,67.71333333333334,61.2399875000001,144.03272083333317,221.9133333333333,208.45643749999988,276.0169125,427.82697916666666,532.2486250000002,567.7726750000002,592.3627083333333,666.4900124999999,722.3653458333333,809.1537500000001,878.6278416666668,941.7131875,980.2433333333333,1058.7692041666667,958.4376374999998,721.2053125,682.3458791666667,710.4122625,719.5158333333333,720.7053625,748.8432041666665,716.8474999999999,689.9039708333332,702.7323458333333,761.9762499999999,762.2954083333332,747.4548291666666,751.9891666666666,733.581425,724.0555041666667,736.7245833333333,716.1799291666666,716.5322958333334,734.6533333333334,725.0037874999999,724.8842583333334,734.1170833333333,766.5150458333334,676.8904833333333,558.9629166666666,544.6894875,590.5580041666667,561.465,540.8723666666666,528.3972958333334,579.7766666666666,568.4468666666667,563.5956041666666,587.6587499999999,593.9851041666666,605.2479,591.6012499999998
611.1675875,588.8865374999999,587.4654166666667,603.0309541666667,614.3725208333333,579.8004166666666,588.9811166666666,593.5776083333334,575.1645833333332,585.3059791666667,585.6738083333332,579.2595833333332,589.6061,592.2999875,599.5429166666665,592.9890999999999,597.617375,622.1683333333333,616.3952916666666,604.9445875,604.3675,612.6749874999999,609.4341916666666,612.6454166666667,621.9186208333333,635.8149791666666,608.0395833333334,624.5064749999999,610.9149083333333,600.1783333333333,598.1574083333333,609.0712041666666,601.0654166666666,586.0675041666666,675.3714666666667,822.1614583333333,837.8883916666665,774.3811499999999,739.0915625,680.041375,647.1280291666667,596.0301041666665,520.6693125,472.66767083333326,395.65135416666664,310.3907583333332,382.1027833333334,560.5909375,475.62925416666656,381.44782083333325,305.29645833333325,245.81572083333307,208.71421249999997,156.03395833333343,134.41353333333325,67.79279166666657,-15.450520833333371,-72.95197083333346,-124.65692083333312,-200.93614583333328,-174.63451250000008,-188.41307499999994,-272.89583333333326,-322.5396875000003,-355.2745416666666,-375.97072916666707,-369.83144583333336,-369.74663750000036,-385.9767708333334,-435.6602374999998,-473.03222916666647,-543.5354166666667,-515.2497708333335,-475.03832916666676,-497.4364583333331,-558.7069625,-483.445325,-376.4403124999997,-295.40574166666676,-257.3189499999999,-243.02364583333346,-227.04526249999986,-234.6900916666665,-138.00572916666664,-96.01620416666648,-77.05036666666678,-17.746458333333408,47.343279166666775,94.5219333333336,138.63812499999983,198.06251666666677,265.7926749999997,311.084375,310.8450624999998,362.7465625000001,445.0009374999999,516.1352083333334,581.3045791666667,657.9649999999998,703.2776541666666,726.0667083333333,798.55375,876.9227708333332,931.4275375,967.3362500000001,1049.8797083333334,967.688720833333,740.4805208333332,678.2069333333332,709.5336166666667,719.2212499999998,714.4737666666666,703.6254958333334,726.0079166666667,706.4033958333332,692.7326874999999,711.6083333333332,736.1952541666667,734.2129541666666,724.0070833333333,733.811275,741.9500083333334,750.8020833333333,714.5023999999999,703.1183166666666,721.0704166666667,742.4024,741.415775,737.79,765.3606291666666,682.0889041666667,548.5504166666666,510.67804583333333,557.9555999999999,572.4816666666667,565.9364416666666,583.2437416666667,591.4541666666667,555.8382666666666,551.3259,588.9979166666666,567.3611708333333,562.4540791666666,607.5495833333334
606.3024333333333,597.0297499999999,603.1016666666666,598.5981874999999,596.1178416666665,579.28,590.2763541666667,590.030225,545.41125,563.8205208333333,590.8464208333332,610.1254166666666,588.7576791666667,592.4043958333334,618.5337499999999,607.1969833333333,603.9082583333333,633.8716666666667,620.0810125,600.3614249999999,603.54125,594.0505541666666,601.0257541666666,627.95,625.9739625,618.2468708333333,624.5283333333333,636.4463458333332,627.0704374999998,612.4508333333333,613.2692041666666,607.5282791666666,596.9054166666666,564.7536041666666,639.0285666666666,782.0161458333333,805.8436041666666,748.6508166666666,729.8888541666665,696.0388791666667,650.1533625,590.1619791666666,529.7748541666666,472.0398583333332,381.69635416666665,321.37897916666657,387.50604166666665,513.3062500000001,423.81821249999996,365.62574583333316,288.6917708333333,214.28170833333317,155.94682083333333,109.31312499999987,101.38923749999992,51.361904166666505,-41.41968750000001,-117.39003333333346,-145.9158666666666,-180.26604166666652,-127.26786666666675,-158.2249666666669,-256.9476041666666,-267.1161625000003,-258.24135,-284.9442708333335,-341.57551249999995,-381.215079166667,-375.00041666666664,-400.80251666666663,-422.03792083333326,-491.1141666666666,-531.1469083333335,-537.7330000000001,-572.419895833333,-623.5910374999999,-540.4818291666667,-418.94260416666657,-371.8345916666668,-341.3644791666667,-299.755,-260.31202916666655,-226.06372916666646,-119.87677083333324,-88.9911249999999,-76.88262083333345,-14.231875000000088,80.91572083333358,130.20365833333352,169.54270833333317,189.7326958333334,263.0902374999998,332.09864583333336,335.6516166666665,347.95006666666677,410.70864583333326,527.500175,617.9066250000001,649.7319791666665,704.3779374999998,747.0593041666668,799.7864583333334,871.4947333333331,913.8075749999999,958.1010416666667,1047.57825,968.9408,734.9961458333332,696.8905,744.6450625,751.8591666666665,729.8114583333333,715.5261333333333,712.9437499999999,703.8535458333333,711.3164125,747.20625,752.0535,732.7978499999998,723.91875,756.1414541666667,766.4774583333335,751.6470833333333,720.1641291666665,721.3012083333333,745.7308333333334,743.4403874999999,737.7641791666667,736.64375,727.4344041666667,664.8930583333333,562.9975000000001,520.4502,548.8538625,575.2833333333333,556.0297541666666,561.0261333333333,555.4012499999999,565.7031583333332,553.4190041666667,573.7258333333333,581.6745916666666,574.4836458333333,571.3529166666667
565.1992666666666,579.0595541666667,604.1783333333333,590.0468666666666,585.8070874999999,593.5229166666666,600.4588625,598.7591791666666,568.64125,588.1666958333333,587.4873375,583.205,596.1977291666667,602.0173458333333,603.0841666666666,591.9123958333333,600.8672041666666,623.2445833333334,601.94115,591.56735,617.5537499999999,623.2674499999999,607.7105833333333,612.2583333333332,592.1460916666666,588.8690708333334,610.1091666666666,612.6242583333333,598.5379124999998,600.7891666666667,615.5645999999999,614.1342749999999,593.4549999999999,560.8363333333333,677.6387791666666,835.3342708333333,813.9238791666667,757.9285458333333,755.7162499999998,689.5313625,635.2047916666667,581.2013541666665,528.0003166666667,463.56904999999995,380.0968749999999,304.2792749999999,372.5483791666666,512.8766666666667,437.17004999999995,377.4507083333333,321.74395833333324,242.5592458333332,190.32880416666669,154.96510416666672,142.09523749999985,72.65015416666651,-26.56458333333336,-105.09675416666676,-141.45538749999997,-183.85833333333335,-142.56899166666688,-168.3768791666667,-258.2292708333332,-331.7029208333336,-351.01743749999997,-349.6160416666667,-436.49782083333326,-467.29357083333366,-413.6840625000001,-446.8597375000001,-487.13065000000006,-544.9428125,-529.1523833333335,-534.0997083333334,-582.0427083333333,-575.4558791666666,-492.5038208333334,-451.7192708333332,-377.35422083333344,-319.78427500000004,-298.9705208333336,-252.7296083333333,-226.54862499999982,-127.6387499999999,-98.8273041666668,-95.46037083333351,-79.2388541666667,-31.908204166666536,6.665329166666908,49.47895833333314,83.93011250000006,148.55385416666633,227.656875,228.3863374999998,294.86253750000003,407.8510416666667,455.3313333333333,517.1253916666666,624.3130208333332,647.1512916666666,680.4368833333334,757.7387500000001,856.7225958333331,906.3389125000001,970.7154166666668,1030.9820041666667,914.3657375,682.6048958333333,646.8876708333335,684.8419875,682.6308333333332,685.6861249999998,701.2922625,704.8020833333331,678.0765333333331,668.4745041666665,698.475,719.6855958333333,713.6862374999998,694.1570833333332,691.0897375000001,707.2963708333334,720.8299999999999,685.8186416666665,670.7757708333332,701.6229166666667,704.8708875000001,717.1278875,741.4637499999999,746.1766125,656.2632416666668,513.6791666666667,524.0329666666667,547.3980791666665,527.6262499999999,547.086725,576.7905208333334,569.8212499999998,547.1339833333333,527.1474291666666,526.8387499999999,551.5827208333334,561.304525,578.5045833333334
584.8060874999999,571.4025333333333,569.3237499999999,572.3288749999999,591.9988624999999,576.7233333333332,583.1182625,566.1084125,582.4025,582.2591041666667,582.6150708333333,600.6175000000001,602.4115375,597.9807291666666,602.1991666666665,609.8412208333332,611.1672583333334,624.1075,601.9051,588.0820666666666,613.2608333333333,596.3488541666666,593.0080291666666,621.3104166666667,592.7033541666666,584.8546583333333,613.6775,613.9566458333334,597.3031125,616.4962499999999,630.4903666666665,612.5410041666667,591.5854166666666,569.4640291666666,672.1595541666667,811.758125,814.7652416666667,783.1603458333333,754.9477083333334,708.6785291666666,634.7618458333333,572.5045833333332,512.9002125000001,459.14735833333333,378.33145833333333,271.57647083333325,341.35418333333325,517.2735416666667,473.5114708333332,390.40780416666684,347.7139583333333,251.7669708333334,169.07185416666664,144.33812499999993,155.2026375000001,96.95859583333322,20.171562499999823,-40.11472083333314,-92.38281666666694,-140.69656250000008,-145.91003749999976,-190.69020416666666,-268.6452083333332,-299.9152666666666,-330.7661208333334,-355.3527083333331,-377.79209999999995,-400.44070000000033,-421.3338541666667,-448.89044583333316,-523.3156875000002,-512.8143749999997,-518.9569166666668,-516.3504375000002,-499.5726041666668,-497.2427083333331,-508.0966500000001,-487.9252083333334,-447.1845208333331,-369.1623875,-330.1938541666667,-343.6925125,-322.7795833333331,-254.83677083333345,-241.65584166666667,-216.07571249999995,-214.96583333333325,-174.35634999999996,-71.52673333333325,67.74614583333334,60.17140833333332,120.39742916666654,201.85531249999994,263.9905583333335,335.52035833333343,396.9471874999999,465.66695416666676,527.0088708333333,620.6075000000001,658.8473291666664,685.2715041666665,756.0998958333334,830.0001874999999,898.9874708333333,955.8567708333334,1017.3968083333332,903.9166250000001,698.3716666666666,676.1256791666666,725.7855,739.8266666666666,697.8480583333333,697.3298,711.1174999999998,682.056425,678.4150083333333,705.4925000000001,715.7767541666665,715.1223333333331,706.0033333333332,678.7969791666667,702.3855333333333,746.1258333333333,728.0975083333333,706.6739458333333,729.0699999999999,727.7631041666667,734.6777999999999,743.6041666666666,752.0432,645.3905541666667,529.3679166666666,537.8506874999998,567.2482958333333,550.13375,543.7175791666666,562.609525,544.6604166666666,544.8604208333333,557.2105958333332,535.6395833333332,565.210775,518.0669625,405.8916666666666
370.19560833333327,414.41715833333336,452.10249999999996,431.58114166666655,414.96799583333336,418.1795833333333,422.2198666666667,388.2483083333333,411.37458333333336,431.05534166666666,436.8220624999999,453.24458333333325,432.80203750000004,411.5276041666666,426.84375,454.90190833333327,467.19140416666676,465.03583333333336,451.2439416666666,426.4164458333333,429.72041666666667,417.59508333333326,433.5859499999999,473.6108333333333,450.81370000000004,440.2796041666666,454.31250000000006,462.8521124999999,465.03834166666667,467.1066666666667,461.40411249999994,438.6583333333333,446.8195833333333,439.2021833333333,457.05915416666664,434.21520833333335,462.05290416666674,466.82585416666666,419.22718750000007,346.9319416666667,311.2162416666667,308.6470833333332,263.73508333333336,204.29766666666654,144.2845833333333,96.91247083333323,45.78474583333326,4.493854166666779,-72.40282083333341,-137.8684374999998,-238.41072916666656,-293.01867916666663,-293.1062166666667,-273.80854166666666,-291.0639374999999,-350.4918291666668,-408.91874999999993,-425.7575291666665,-471.0074375000001,-544.5132291666667,-558.958308333333,-575.5556041666663,-657.3182291666665,-698.5190625,-680.0151333333331,-678.1081249999999,-677.3066624999999,-672.286270833333,-728.5347916666669,-795.0669166666669,-821.9981583333333,-779.2972916666665,-778.9089916666667,-766.3451041666669,-791.6261458333331,-763.0925874999998,-819.9181833333333,-879.785625,-826.6556499999997,-721.7848375000001,-684.3533333333331,-702.1609083333333,-733.2660624999999,-728.7049999999999,-683.0499958333331,-626.3481583333332,-549.4025,-467.52156249999973,-394.71580833333314,-329.57906249999985,-234.7921958333336,-175.00332916666645,-150.15791666666678,-103.90552083333341,-67.49529583333322,-14.809895833333258,35.556525000000136,111.66917083333328,173.84645833333326,233.55545000000012,239.10847083333317,234.13375000000008,288.83809166666674,334.23282083333334,372.32062499999995,433.9587124999998,457.80443749999995,447.8634374999999,437.1508916666666,453.3215333333332,456.71374999999995,423.4712666666666,436.4366541666666,454.07625,442.1809416666666,444.4658208333334,455.03583333333347,453.7876833333333,434.90405,441.6512499999999,424.0343708333333,423.7919999999999,461.3925,484.74787499999996,460.66717500000004,447.3629166666666,457.1366833333334,477.58177916666665,470.2583333333333,479.2829041666667,454.5543124999999,394.1120833333334,387.2314624999999,403.81995833333326,408.5958333333333,416.9609291666667,404.7643541666666,399.2933333333333,385.844075,402.7310999999999,414.0566666666666,387.06112083333335,388.5006458333333,389.68291666666664
412.07167083333326,434.2755083333334,428.6887499999999,424.90942083333323,431.9943291666667,434.41166666666663,433.53976249999994,394.96878333333325,414.08333333333337,430.13207083333333,429.05619166666656,438.33874999999995,419.9009125,414.872825,440.84916666666663,445.70995416666665,433.33546250000006,439.35625000000005,467.8262749999999,446.6946,422.14458333333334,423.6202374999999,442.77916249999987,462.52624999999995,440.7717625,443.68179583333324,458.11416666666673,442.70288333333326,448.12775833333336,479.39541666666673,476.80002499999995,448.7159,455.81125,444.2696041666666,460.8383833333333,443.2225,477.2500500000001,476.51784999999995,425.2423958333334,377.5870666666667,344.966675,330.2630208333332,310.8041958333334,254.50730833333316,160.64104166666664,90.93102916666658,33.75026249999996,5.132291666666788,-38.88743333333332,-89.96638333333323,-212.33187499999997,-303.5718333333332,-305.25666250000006,-276.7735416666667,-340.30830833333323,-417.18775000000016,-453.6675,-483.45883749999973,-543.4292791666668,-619.3787500000001,-642.4583166666664,-636.8010791666663,-684.7811458333332,-744.00575,-753.1109249999997,-763.0687499999998,-772.6035208333334,-772.6024374999997,-820.9121875000002,-868.1474125000003,-895.9854166666667,-857.1581249999998,-819.7243874999999,-799.4021291666669,-845.0413541666663,-790.2818833333333,-806.1643125,-838.5076041666667,-769.4584374999997,-664.0232666666666,-634.5196874999997,-652.0603416666668,-668.9890958333332,-653.3720833333333,-622.7478,-576.0697249999998,-497.03479166666665,-425.4694999999998,-375.2681124999998,-332.71010416666655,-244.36823333333348,-166.87762499999985,-111.75500000000011,-45.10110000000009,5.2840750000001435,62.552395833333435,95.81258333333346,137.16786249999996,185.5426041666667,286.2866791666667,287.6597499999998,243.17656250000005,326.82771249999996,379.2444791666667,381.8992708333333,440.9158249999998,474.16707916666655,465.3510416666667,449.6903625,463.2947583333332,466.8741666666666,431.4178,437.74587916666655,449.2975,438.03608749999995,435.46683750000005,445.9920833333334,469.4514625,452.8839083333333,443.5404166666666,442.7747583333333,461.12217083333326,484.3954166666667,464.9353833333333,452.8373833333334,478.53416666666664,447.62885000000006,442.61929166666664,456.80249999999995,470.3448125,445.5673249999999,392.9816666666667,390.9527708333332,388.2692458333333,373.8095833333333,407.49440000000004,404.19819166666656,383.07374999999996,379.92139166666664,401.0182749999999,399.0283333333333,377.6174458333333,457.9539791666666,555.4504166666666
573.5198166666667,577.338225,584.4395833333333,584.7755833333332,584.2336833333334,580.30125,584.6647375,540.0488708333332,552.0883333333334,591.6551333333333,598.6997208333332,598.4179166666665,593.8354791666667,588.7719249999999,594.8266666666666,596.3474958333333,596.4966916666667,607.4133333333333,614.4171791666665,594.5930291666666,596.7116666666666,601.9855291666665,605.5819749999998,616.3387499999999,610.3310958333333,608.8315499999999,609.9737500000001,623.9002125,629.7496958333334,623.69625,614.0617541666666,606.70615,620.7124999999999,581.4181125,669.4318999999999,783.1601041666667,828.2792875,818.9950249999999,783.4767708333334,715.3151458333333,640.027925,582.7874999999999,533.1337208333333,477.0288624999998,391.5689583333333,318.65681666666654,391.9923166666666,553.4676041666667,516.9412499999999,416.37938750000023,296.1039583333333,233.2048125000001,180.63362916666657,131.04197916666664,112.95766250000005,53.88576249999977,-22.564375000000013,-22.48673749999989,-17.08753750000011,-50.98604166666678,-82.33990833333309,-108.47314166666644,-187.15062499999982,-263.12963749999994,-249.88507499999992,-226.09604166666657,-247.27969999999993,-255.8680916666665,-299.66385416666697,-366.381429166667,-404.6259083333334,-375.2219791666664,-384.5968291666667,-374.5512500000003,-389.46812499999965,-328.8090791666665,-321.2568125000001,-318.64260416666684,-264.4648666666664,-201.2057875000001,-213.74572916666654,-260.9396875,-277.00088333333304,-232.85124999999994,-171.80041666666665,-118.72854583333319,-61.564791666666764,-21.075795833333274,13.963104166666824,57.0291666666667,141.55539583333314,217.6018250000002,267.5068749999998,311.8847916666666,358.54027916666666,438.41104166666673,492.8550500000001,545.1501166666666,591.3870833333333,689.1635875000001,751.0724249999996,794.9715625000001,889.5446708333332,940.8419333333334,978.6416666666665,1063.0499916666663,945.253025,709.9930208333333,675.3413999999999,727.8449541666665,727.1595833333332,691.7459666666667,699.9669708333332,712.1541666666667,708.2466,717.4039375000001,729.7225000000001,733.8397625,712.9261541666667,716.4104166666666,710.2249375,703.9330375,720.84875,747.6450166666666,743.9258500000001,738.2216666666666,719.4381166666667,717.3995583333333,721.00125,753.9713125000001,686.1420708333333,547.0779166666667,539.5524374999999,572.6132875,559.9783333333332,533.1695083333334,529.4606708333332,561.0274999999999,541.2914625,555.7918249999999,580.9075,547.0640916666666,548.9208916666666,569.4537499999999
583.0158833333332,578.7902083333333,577.1308333333332,595.7137708333333,596.2356125,576.2683333333333,578.1051208333333,544.6473374999999,543.7716666666666,602.6898166666667,608.5661083333333,600.9199999999998,591.7147166666666,587.2442958333332,593.3262499999998,604.6333208333333,610.9017166666667,616.8487499999999,618.3882374999998,595.0738791666665,580.3295833333332,598.6760916666666,602.8203541666667,590.9020833333333,606.2960333333333,600.8467208333333,598.6704166666667,594.3167124999999,604.2015791666665,608.21875,612.8081458333332,604.5111291666666,616.9958333333333,602.4967374999999,693.3688125,792.5391666666667,846.7999791666666,837.3420874999999,782.9915625000001,743.4837916666665,660.0679291666665,593.6098958333333,561.1746125000001,528.5574291666667,437.2680208333334,338.28805,417.9059083333333,591.8992708333333,542.3682666666666,450.3687583333334,363.9598958333333,250.8626333333333,233.11929999999984,221.25010416666672,136.16579583333333,49.326670833333395,18.889583333333178,-2.503412499999797,-63.90430416666675,-165.95083333333343,-185.21381666666628,-233.22203333333334,-293.06572916666636,-315.92717916666663,-310.7472833333332,-297.0297916666667,-277.23680833333333,-293.1821333333335,-315.7194791666667,-274.1640791666664,-343.0042916666667,-439.9547916666668,-381.5573041666666,-366.57062916666655,-410.2498958333331,-349.2693375000001,-287.3431916666666,-232.38375000000008,-208.4320208333333,-195.48974583333336,-201.22177083333318,-225.85567083333342,-211.29510416666685,-235.78614583333336,-196.91011666666665,-145.22556666666657,-79.43354166666671,8.3354833333334,84.32063749999998,128.35135416666657,181.60262916666673,229.29669166666662,302.4438541666666,372.5396874999999,413.4788000000001,472.3550000000001,529.6738458333333,570.5645833333333,638.4807291666666,710.3885208333334,747.5868958333332,810.7606249999999,893.84095,947.8096833333333,963.3672916666667,1039.8040291666664,932.1963,738.2382291666667,680.8951583333333,711.6244208333331,718.3283333333334,708.8765125,716.9159916666667,723.6620833333333,724.8801041666666,725.7994666666668,729.0470833333333,738.7814583333333,749.6469291666666,739.9266666666667,717.9958666666666,722.0074166666666,736.8549999999999,749.7724791666666,722.9262749999999,710.5241666666666,729.3528458333333,726.3067874999999,711.4608333333333,764.7433791666667,688.9067166666666,519.90375,515.8352124999999,552.1653958333333,541.1524999999999,549.624275,568.7596208333332,584.9354166666667,549.5359958333333,563.5404624999999,603.9058333333334,557.430875,559.8367624999998,582.0091666666667
572.1397125,584.4818,586.3729166666667,583.762625,574.17345,580.755,601.3827125,568.0921541666667,567.2762499999999,573.5173124999999,583.9263208333334,604.7904166666666,577.7691083333333,571.3033958333333,603.8375000000001,603.0799458333332,619.7353666666666,607.6841666666667,619.1432416666665,587.8989874999999,572.4308333333332,582.1177583333333,592.5254583333333,603.6366666666667,600.9014958333332,600.5857416666665,614.6670833333333,629.5994499999999,629.2286833333333,619.2179166666666,620.208325,602.4013624999999,592.6908333333333,583.1907416666666,674.4594708333333,797.923125,827.0721833333332,804.1385791666665,757.9780208333333,731.2285458333332,678.4391666666667,620.4008333333334,588.1334125,528.7136375,419.17291666666677,353.20255,439.50039583333336,576.4407291666666,522.3523208333334,457.81682083333334,404.2072916666665,334.32672500000007,246.98783750000004,230.58999999999983,189.93422083333337,107.4349791666668,33.71979166666654,0.13082083333353012,-24.463058333333606,-69.69718749999998,-59.56921250000005,-87.21139166666643,-169.54156249999988,-165.27763749999997,-146.45864166666667,-185.0567708333332,-207.68760416666657,-260.69678333333303,-301.3912500000002,-313.1040708333336,-361.11605,-412.98583333333306,-388.2081708333332,-375.30939583333316,-424.8841666666663,-380.8419625,-322.5527791666666,-230.78552083333358,-253.2199500000001,-242.6607625,-228.24041666666645,-228.6503458333334,-182.5910291666668,-189.32677083333337,-180.30646666666672,-126.85882083333323,-24.308020833333472,68.77190000000016,140.15116666666654,189.38770833333325,213.1678208333333,250.34497083333346,314.07645833333333,370.9035124999999,414.22394583333346,463.8841666666668,531.8525041666666,574.7578416666666,622.4612499999998,715.6833291666667,774.3118291666666,817.8199999999999,893.5050041666666,931.0174333333332,953.7766666666666,1063.6896625,955.7185958333332,722.0644791666666,691.6294625,740.7999249999999,740.6695833333332,724.5101125,731.49035,713.9695833333333,717.7549583333333,731.7193500000001,744.4279166666666,732.9952791666666,727.8104249999999,730.7754166666667,726.4038958333333,728.8715791666666,731.5679166666665,752.4472999999999,740.4254624999999,741.9258333333333,735.7081416666667,730.1741666666667,722.31,740.0128958333333,684.1696,564.3554166666667,526.1149958333332,544.7116625,555.3383333333333,547.690075,534.9529,539.6858333333332,565.3189458333334,564.6609874999999,575.0529166666666,557.6476958333333,571.2058,568.3358333333333
552.2173166666666,563.8897875,584.4729166666666,555.023925,541.2448875,586.2966666666666,596.4268333333333,554.3176541666667,570.0233333333333,583.6388458333332,570.4495208333334,571.1529166666667,598.5920583333333,606.6437208333332,598.7825,584.2891166666666,609.151425,601.9124999999999,607.6955125,606.7940083333333,605.8358333333333,616.0133708333333,614.8964041666667,586.4466666666666,586.3496958333333,595.1847416666666,611.2170833333333,610.4246499999999,616.1441,634.4179166666665,618.3026333333332,604.6015375,598.1729166666667,582.580725,668.3778416666667,804.0001041666667,833.0681999999998,806.8113874999999,774.8317708333334,738.8337166666668,687.0311541666666,623.2275000000001,590.9088375,516.5109333333334,416.88541666666663,359.3097583333334,449.64992083333345,564.7529166666666,526.4865916666666,434.2178875000002,351.6164583333332,271.7561583333334,190.8200875,188.04124999999993,108.3664416666667,6.628270833333374,-56.2664583333335,-81.41080416666642,-118.21318333333357,-179.5388541666668,-164.8018125000002,-178.26168749999965,-261.8618749999998,-324.40579166666663,-305.2859624999999,-292.57468749999987,-333.4552499999999,-382.32284583333296,-374.3806250000003,-377.125854166667,-431.4225875000001,-476.3281249999998,-420.36814166666653,-430.3407666666666,-488.8042708333331,-448.69611249999997,-360.5303666666664,-300.07250000000005,-337.9049958333334,-315.7781375,-301.9344791666665,-266.2094750000002,-244.4141625000001,-272.7454166666667,-225.27281666666653,-192.3744166666666,-147.6495833333334,-61.05687499999985,3.7479916666666213,43.157499999999885,99.29302916666671,162.13133750000006,227.59510416666672,291.4299749999999,370.15259583333346,450.49479166666674,497.85521666666654,559.6991333333333,599.5715624999999,665.0619583333335,731.6082,790.1218749999998,902.3123583333333,927.4118083333333,974.9197916666667,1055.0969458333334,938.7698291666667,713.0630208333332,667.4052374999998,708.2317624999998,699.9433333333333,674.6179083333332,692.2746291666667,701.2283333333334,700.172425,698.4340041666667,705.3929166666667,701.315375,716.9257416666666,720.9279166666666,721.5752666666666,717.42125,722.8904166666667,697.5055708333333,674.2370833333334,679.5008333333333,694.838525,716.9640125,736.635,734.7080041666667,651.262925,519.5595833333333,530.8038166666666,559.5810458333333,550.7558333333334,551.1179083333333,552.4653708333334,541.4975,528.9550499999999,534.7497083333333,564.68375,550.0032916666667,563.2090333333333,581.6779166666666
557.0082249999999,542.0382166666667,553.9525,585.4158749999999,577.9044916666667,573.9991666666667,588.6746125,578.6562749999999,600.88875,580.2970166666667,570.8383375000001,591.26,611.2687458333334,616.7713875,596.7483333333333,582.5523916666666,603.6188583333333,600.4295833333333,609.6457708333332,599.6652416666667,588.13,599.3748833333333,607.8955291666667,586.5766666666666,580.3070416666666,598.920875,608.0637499999999,611.1353041666666,616.9102874999999,620.915,595.6436666666666,591.4119333333332,578.9820833333333,589.6582083333332,669.779725,786.8110416666667,826.2111625000002,806.8987208333333,772.745625,750.1174083333334,689.8426666666666,616.0927083333335,581.8489000000001,524.6840833333333,418.4111458333333,346.08137916666675,442.2732791666666,602.8558333333333,522.4310499999999,440.2311250000001,393.4894791666666,303.99535000000003,231.23189583333345,232.20552083333328,151.94913749999992,111.89967916666689,39.67666666666673,15.789650000000108,-72.68197083333354,-136.5527083333335,-151.6380000000001,-165.61640416666665,-232.83291666666662,-267.1573833333335,-239.41266666666667,-226.7521875,-259.98314583333354,-316.6475708333335,-385.5509375000003,-432.7095875000004,-494.320475,-529.3141666666664,-452.69265416666656,-434.7449708333336,-474.9137499999997,-494.3489125,-399.4471749999996,-301.8109374999998,-350.25100000000003,-363.4160958333333,-294.79031250000014,-292.8680875,-252.88671666666667,-193.42416666666662,-153.34851249999997,-133.15070833333345,-118.18843749999988,-10.01181666666676,57.864787500000006,120.48635416666673,132.22731666666655,152.49245833333345,198.29760416666673,278.30846249999996,394.1733666666667,438.03864583333336,500.1197208333333,582.6816333333334,657.9544791666667,720.094845833333,765.4532875,809.7220833333333,875.0237291666667,924.5823749999997,980.2367708333331,1037.6461,930.9103666666667,716.7210416666667,678.3286125000001,705.7412624999998,714.0845833333333,706.7347874999998,725.9307041666666,747.5441666666666,691.9363916666665,695.5555291666667,740.5770833333332,716.6625583333333,704.8877916666665,713.05875,698.6022791666667,716.6651291666666,729.6004166666667,706.2343916666666,700.0935000000001,730.4187499999999,734.1536249999999,712.1060958333333,729.9358333333333,765.4419208333333,663.9864916666667,529.09125,540.4513916666667,578.229025,554.7129166666667,521.698275,543.8507916666666,559.2229166666666,568.8083083333332,557.1267624999999,562.82375,572.1232166666666,515.7212583333334,408.10249999999996
372.65458333333333,409.5742625,417.3095833333333,408.63064999999995,399.7146458333333,422.63749999999993,424.93155416666673,405.1376375,432.4816666666667,425.46483333333333,449.1318625,462.96666666666664,431.3005708333333,411.73406666666665,424.6704166666666,443.04516250000006,463.82014999999996,435.34583333333325,445.96736250000004,440.4834916666666,424.5754166666666,423.4747,436.1486083333334,431.9441666666666,440.87583750000005,447.8214208333334,441.2074999999999,474.02015416666666,466.37144583333327,462.1791666666667,457.9204083333333,432.34443749999997,427.71833333333336,454.73610833333333,461.5791708333333,450.10479166666664,456.7367041666668,469.03198333333324,448.4298958333334,380.1456583333332,351.0722291666665,351.05625,301.66850833333336,214.06082083333348,141.40895833333337,100.06945416666673,65.40354583333323,14.391562500000077,-35.19855000000007,-84.10938749999991,-132.67239583333344,-214.09760833333348,-211.12442499999997,-169.72322916666667,-194.67495000000014,-269.6743541666667,-329.63281250000006,-347.8836,-413.93107083333337,-496.1615624999997,-573.7207041666667,-611.4509708333333,-657.3588541666666,-716.7694958333334,-698.4324291666667,-673.6430208333333,-648.2592375,-674.7242458333334,-741.0860416666668,-753.3184375,-734.6630041666666,-747.0325,-780.6666999999999,-794.4737208333333,-767.5718750000001,-721.2779791666665,-734.6653416666666,-740.6515625000001,-745.2921041666666,-740.1723416666666,-662.2648958333333,-654.3821083333335,-622.0610791666668,-565.5682291666667,-544.0277333333335,-541.6314416666667,-487.9633333333333,-404.6163666666667,-327.1500458333334,-253.53312499999976,-249.8033083333334,-222.59414583333313,-193.6691666666665,-136.411675,-35.931670833333214,-6.250833333333389,114.49520416666655,170.34051250000005,210.40812500000004,289.81882083333335,303.6393416666666,297.28010416666655,316.85816249999993,370.3493791666667,419.78156250000006,445.8757458333332,439.3894625,434.7102083333334,445.8459250000001,451.1275666666667,425.9670833333333,433.36243749999994,458.0519666666666,471.3974999999999,435.5427249999999,457.20411249999995,482.4520833333333,457.6537708333333,451.2981666666666,466.84666666666664,443.4592291666666,440.4789416666666,427.01000000000005,447.61634583333336,452.3636416666667,454.9841666666667,460.3701625000001,462.8800124999999,472.0395833333333,488.7114083333333,455.24934583333334,389.9233333333333,380.00302083333327,412.19745833333326,423.0083333333333,412.9245375,398.5927541666667,389.8845833333333,390.3992458333333,403.02018333333336,406.2029166666667,393.02109999999993,394.8807208333333,412.2104166666667
404.21656666666667,410.84611249999995,399.72125,412.5955375,416.13062499999995,430.2795833333332,434.883725,412.5227791666666,430.96833333333336,424.63514999999995,436.908,435.7008333333333,419.78669583333334,426.4019833333333,447.7470833333333,444.76249166666673,441.75771249999997,417.6158333333333,465.26804166666665,460.75051249999996,416.26041666666663,428.37918749999994,454.6551291666667,440.8708333333333,439.52959583333336,452.4419958333334,449.60958333333326,453.965825,439.93238749999995,460.45208333333335,467.003,443.559825,435.7870833333334,449.9695375,457.9528166666666,461.9311458333333,472.5993208333334,475.3804708333332,452.27885416666663,411.38779583333314,394.3717416666665,386.9745833333333,348.4255875,263.1262916666667,178.95979166666675,133.98043333333342,82.55118333333326,18.323229166666692,-0.48250416666667206,-31.64289166666663,-102.01604166666681,-212.254125,-201.35432500000007,-148.81322916666682,-227.18366250000008,-313.73960000000005,-343.76083333333344,-394.048175,-469.99477500000006,-518.0294791666664,-583.2198833333333,-606.9094208333333,-633.2871874999998,-696.3166541666666,-690.7341374999999,-674.9802083333332,-653.4122916666668,-673.3978416666666,-721.2947916666667,-711.7202166666668,-697.8550874999999,-722.6972916666666,-728.7232291666666,-725.542,-707.6680208333335,-660.0587333333333,-660.6820458333332,-655.6763541666667,-660.1989166666667,-641.1531708333332,-549.7213541666665,-566.7678125000002,-544.8323791666667,-479.41718750000007,-476.29660833333355,-487.99859583333324,-439.6773958333333,-379.1092833333335,-302.90823750000015,-217.28833333333313,-234.2351250000001,-204.46767499999987,-143.00020833333326,-76.01923333333326,20.965108333333433,43.5091666666666,148.79174166666655,185.49421666666666,223.2132291666668,329.51166249999994,331.0984041666666,288.7820833333334,330.07140833333324,395.5334875,424.14520833333336,445.37985833333323,454.11025416666655,462.3260416666667,459.5349083333334,463.009875,447.07458333333324,438.2609458333333,457.75964583333325,485.0241666666666,450.61208333333326,459.98334583333326,479.2370833333333,473.4609875,473.8817874999999,478.32416666666666,458.7710708333333,476.86109999999996,466.3525000000001,438.4756541666667,431.0531875000001,462.74125000000004,459.38636666666673,451.81734166666666,463.25625,468.88162499999993,437.6499666666666,387.33124999999995,373.58938749999993,390.3067416666666,395.38958333333335,401.4893083333333,386.72345,369.58166666666665,395.85168749999997,409.17453750000004,387.99708333333336,396.2813333333333,476.43971666666664,567.7524999999999
552.8786749999999,554.2667124999999,563.5795833333333,568.6423749999999,564.1099583333332,583.8691666666666,588.5307875000001,552.3586208333332,562.21,579.8538916666666,613.4662041666667,613.7249999999999,593.0709708333334,590.7729083333332,603.9954166666666,602.3548208333334,608.264875,583.1079166666666,605.9641083333333,602.3555791666666,585.3974999999999,601.5342166666667,612.4218458333332,588.8058333333332,600.40715,611.4472916666667,597.7270833333332,623.0029875,616.4525624999999,620.20375,621.6816208333332,601.4187166666666,588.2325,591.660075,672.2921291666665,794.8630208333333,833.9532,829.7803875,806.0730208333333,753.5730874999998,691.6095124999998,628.1190624999999,572.3525458333334,490.24390000000005,398.43447916666673,345.9498041666667,435.7132666666666,573.7369791666666,558.4323625,460.9811000000002,376.1632291666665,289.9420208333333,247.77369999999985,211.9723958333332,162.07479583333313,94.26738749999987,37.11635416666661,9.936216666666667,-15.413816666666776,-34.65062499999971,-119.99308333333335,-172.45352083333347,-207.2974999999999,-259.48743333333334,-231.75710416666675,-196.58854166666663,-173.5454333333334,-211.09198333333347,-285.1408333333335,-293.55547083333335,-280.77815,-314.8338541666666,-368.0206958333332,-376.2587125000001,-325.33885416666675,-257.6113708333332,-211.58974583333327,-147.3055208333335,-150.76915416666668,-173.5895,-135.12531249999995,-190.7036750000003,-170.1437166666666,-73.20052083333337,-35.888129166666886,-38.30084583333323,-2.984791666666723,43.80346249999977,87.66021249999991,137.9134375000001,122.3175333333333,154.62399166666685,207.2908333333333,276.0952416666668,377.3919333333333,416.15854166666657,564.2930916666666,607.837325,616.7839583333334,731.0534708333332,804.1462708333331,847.9457291666666,908.5628958333332,967.9318375,1014.7260416666667,1060.9918374999997,921.4506624999999,704.7914583333334,691.8800541666667,725.3660833333333,687.8112499999999,689.034225,721.5195916666665,743.6316666666665,703.6111791666666,726.7240041666666,763.5379166666667,744.5587166666667,730.8348291666666,739.1870833333332,727.2746,721.7330208333333,692.3166666666667,715.942975,718.3486166666667,718.6637499999999,748.3733333333334,740.0321208333332,720.0675,761.3571291666666,700.3731208333334,559.0208333333333,539.215,569.19615,556.3100000000001,538.3752,537.5172458333334,546.3791666666666,546.8446875,557.1353041666666,564.2683333333333,554.2453083333332,554.1175958333333,573.7608333333333
575.7551333333333,592.4596166666665,576.9945833333333,599.3996958333332,599.0250874999999,580.4241666666666,580.0951375,588.8907458333333,583.8841666666667,581.3991291666666,596.1519666666667,593.7058333333333,597.8111291666667,592.2269291666665,589.0133333333333,597.1533833333333,617.9325041666666,599.1054166666667,627.6377291666666,614.3920875,578.0191666666667,591.9124666666667,603.3472708333334,605.7154166666667,596.5322166666665,608.9164083333334,602.5145833333333,617.8131208333333,615.8676166666667,623.5854166666667,619.7755,602.4186666666666,602.3525000000001,608.4921416666666,686.1095124999999,796.0841666666666,831.8879666666667,826.8590041666665,806.3822916666667,748.4263374999998,684.6481791666665,634.4902083333334,585.5300708333332,529.2111166666666,456.9570833333335,388.9963833333335,473.45152499999995,603.8431249999998,585.8113999999997,505.5622000000001,457.7981249999998,345.66946666666666,303.21310000000017,301.4067708333332,192.16744999999983,133.77090833333315,120.1130208333334,84.45177500000011,-12.844325000000083,-90.88739583333313,-139.9112833333333,-155.04059999999998,-200.40187499999996,-224.2341874999998,-235.42520416666684,-256.21864583333337,-254.38834999999995,-268.251925,-305.1168750000002,-309.7952791666667,-368.00557083333314,-420.3516666666666,-394.9189375,-354.8711791666668,-291.9272916666667,-270.66015416666653,-247.807875,-189.89822916666668,-178.07139166666656,-175.3858791666666,-116.3912499999999,-89.20600416666656,-55.91110000000012,-43.77187500000019,-54.535675000000225,-61.156941666666654,-3.282708333333346,91.36027916666657,152.37312916666664,157.74510416666678,219.18262083333335,251.96954583333348,329.14177083333334,389.93957499999993,435.18739583333337,532.2470833333333,588.4069916666667,639.3737958333334,724.7227083333332,764.3881083333331,823.8706500000001,877.7388541666667,937.5800499999999,972.0935958333332,997.5285416666667,1033.5232458333332,916.9282250000001,726.1252083333334,682.2954333333333,720.0928875,724.9058333333332,728.5619208333333,721.0843666666667,719.16,707.8043416666666,728.0362083333333,718.7220833333333,713.7524041666667,739.7157166666667,758.1333333333332,734.9192416666666,737.8022208333333,733.1154166666666,731.5815625,712.3339833333333,721.8437499999999,742.5114083333333,731.8083208333333,723.2375,784.5281666666665,701.6179416666666,542.7337499999999,500.9561458333333,532.7228749999999,553.5395833333333,535.4065583333334,551.0960583333333,565.0487499999999,550.0419499999999,569.27825,584.9729166666666,559.8497,555.9256166666667,566.91375
554.3327625000001,571.5792583333333,545.7754166666666,588.5018,587.5270833333333,588.6883333333333,621.0630791666665,608.1310708333333,578.1916666666666,576.1711416666666,592.9844416666666,584.3458333333333,588.1156125,597.6432416666667,602.5945833333334,615.2229458333333,600.91545,585.5508333333332,609.9321749999999,607.9277500000001,582.7270833333333,591.9112125,609.3843958333333,623.2129166666666,593.5962999999999,586.9768208333332,610.0858333333333,634.5503541666667,636.8841625,626.0704166666667,599.4895791666667,608.4640833333333,617.085,599.3275375,672.9349291666665,778.2495833333332,825.3350541666665,824.9520958333333,800.2051041666667,751.7883833333333,703.5303833333331,652.7993749999999,621.5382541666667,592.7638541666666,536.2783333333333,439.5782833333333,523.4639458333334,658.4604166666666,601.519625,527.9430458333333,483.72281250000003,420.56968333333316,396.72709583333335,345.9815625,256.9404999999999,199.27130416666674,180.13052083333332,126.79776249999986,51.55283749999995,-34.51729166666644,-49.48585833333351,-48.223487499999976,-107.00989583333336,-94.99394999999987,-124.07951250000002,-164.19604166666647,-194.5244874999999,-252.39782083333318,-304.0041666666668,-272.3117791666667,-288.08983750000004,-341.1663541666667,-384.9773208333332,-379.812233333333,-412.7401041666665,-416.3030208333332,-331.70733749999977,-173.37625000000025,-146.26989583333335,-138.80270000000004,-123.58854166666643,-73.16247500000009,-13.48911249999989,37.42260416666639,41.92390833333326,40.95079166666676,84.56104166666674,184.95696666666666,259.8925874999999,300.5927083333335,281.6274958333331,347.2101208333333,421.90260416666683,465.70218750000015,505.58099583333336,544.8298958333332,637.5864666666666,672.0454666666668,725.8665624999999,798.6380458333334,857.0048208333333,889.4505208333334,921.7794624999999,945.0328833333333,993.5672916666666,1058.5314208333332,930.3331375,716.5347916666667,696.3202541666667,744.3621541666668,735.9425,733.8652541666668,742.3529958333332,727.6620833333334,724.3801708333333,721.2883,694.8179166666666,691.8998708333334,724.2337124999999,725.6345833333332,746.902025,749.2363541666667,722.5691666666665,723.0382500000001,724.3464291666667,741.3229166666667,746.0171125,755.3814541666666,744.8533333333332,749.2149874999999,678.6110666666666,558.1308333333333,512.3689625,537.5368458333334,561.2758333333334,532.5902375,526.4568791666667,544.0404166666666,553.2353166666666,567.3916333333333,574.5991666666666,572.137125,563.9019041666667,546.0495833333333
558.9323833333333,567.0683,536.2629166666666,575.9083666666666,574.4330124999999,579.3595833333333,594.9079875,589.2370083333333,570.7879166666667,578.085225,593.0851125,583.1054166666667,586.7154666666667,603.9082708333334,608.9074999999998,608.8813458333332,615.9289749999999,602.5554166666667,614.1562,604.6388916666666,594.5670833333334,628.4861666666667,618.7265333333332,607.8375,604.3175249999999,615.3266416666665,615.2333333333333,623.6085333333333,619.3301666666667,608.05625,591.3722041666667,603.8661625,610.5979166666666,594.6718208333333,674.7639666666665,798.7658333333333,816.2076083333334,811.0629541666666,809.8305208333334,778.3024416666666,713.8224249999998,653.8278124999999,601.5383958333333,563.5293624999999,523.7509374999998,425.1700958333332,496.62267916666667,623.2633333333332,584.7337208333332,485.9580583333334,396.91531250000014,315.17371666666656,301.90306666666675,262.01968750000003,135.57662916666652,68.7580541666666,56.023645833333376,-13.598300000000052,-93.21165000000002,-126.01104166666698,-96.21182500000015,-122.9883541666668,-221.82968750000003,-238.37269583333313,-256.13126250000005,-258.44802083333315,-303.27215833333327,-352.8440624999998,-351.1995833333331,-312.59627083333345,-318.93562083333336,-347.36791666666664,-353.91699166666655,-348.0484916666666,-311.3110416666667,-249.6594125,-240.5964833333336,-188.64135416666682,-134.91492499999993,-88.67491666666677,-152.80427083333336,-125.20860833333327,-69.46803750000001,-21.08260416666684,31.819008333333386,58.68886666666663,46.942291666666506,108.31453333333329,181.44124166666654,232.96708333333342,273.1299375,302.47025833333316,360.43489583333314,407.0496833333332,441.4520083333334,476.8310416666667,560.8682083333333,617.6378458333334,686.5014583333332,713.9274916666668,794.7757,875.0066666666665,925.2206375000001,950.8999041666666,1012.7201041666667,1058.0905125,915.9620416666667,689.4985416666667,662.6753833333335,707.5466124999999,682.6325,683.9091083333333,706.3307041666666,703.66625,692.8254625,685.7164166666666,695.5258333333333,710.0761583333333,724.7437875,709.5379166666664,716.6506541666666,705.9163125,697.9470833333332,703.4685125,695.6448291666666,708.3887500000001,707.8982583333333,721.2641999999998,739.1533333333332,735.1823791666666,643.0786166666667,517.9170833333333,512.7459125,543.0674166666665,550.3583333333333,543.3378416666667,526.6732416666666,529.5525,530.1518708333333,551.9070166666667,562.7329166666667,548.6361416666666,550.6504375000001,579.9516666666666
560.8613499999999,555.4870708333333,558.1583333333333,576.6980791666667,586.7799749999999,581.7541666666666,603.2813708333333,617.3042499999999,595.0254166666666,584.7129499999999,583.3872541666667,579.0591666666667,603.1877999999999,618.0803791666667,608.0920833333334,605.6946333333333,606.3996124999999,591.70875,601.3171041666666,586.7521999999999,576.75625,607.6995916666667,611.0976958333333,596.5295833333333,583.3138124999999,595.2682541666666,623.8425,622.0938416666665,606.9731291666667,613.3629166666666,606.6262416666666,603.6425291666667,586.1775,586.4248875,691.7237083333333,804.3783333333333,819.7818125,797.5690083333334,803.8058333333333,781.1532833333332,713.5116583333331,664.1810416666667,624.2540666666666,597.9488333333334,542.6101041666666,434.4408208333333,494.2153916666666,647.7259375000002,596.3989458333331,535.8827249999999,517.6290624999999,427.6229000000001,343.17788333333317,272.3557291666667,235.15422083333345,142.1298541666666,120.34124999999989,51.23044999999979,-32.16513333333336,-83.7260416666665,-103.0855875000002,-115.31278750000024,-133.32375000000002,-176.5179041666667,-222.9355541666667,-247.5517708333332,-300.73053333333337,-335.2870833333332,-327.5026041666665,-330.27413333333345,-365.8657124999999,-413.5796874999999,-401.51953749999996,-363.8477583333335,-325.20166666666665,-329.4911833333334,-319.3842208333334,-256.40375000000006,-212.89375833333327,-216.49042916666667,-210.68895833333346,-177.85894999999988,-108.71426250000005,-49.50114583333334,-20.164179166666884,0.6656208333333211,47.133958333333396,143.6799333333334,221.86742916666654,295.03093749999994,335.69062916666655,360.8823083333333,361.2215625,414.969975,495.0120416666666,566.5524999999999,593.4289124999998,670.0948875,730.4153124999999,786.5435666666667,835.6261958333333,847.6633333333334,886.9726916666667,938.8218541666666,1019.2979166666664,1046.8286666666665,909.7422458333333,722.9210416666667,691.2954,695.8886958333331,711.1845833333333,744.6067416666665,747.7320958333332,723.7991666666666,680.324875,687.5851,720.1433333333332,708.9603416666665,700.0319583333333,708.6804166666667,710.5177166666666,689.8805541666666,702.2095833333333,716.7746583333333,726.2402416666665,735.9566666666667,719.8157291666666,720.5296375,733.8154166666666,749.6168208333333,652.576825,534.3145833333334,497.063725,523.03535,550.2308333333334,558.727625,558.5313708333333,568.8516666666666,563.0674958333334,554.5696249999999,573.555,567.9401375,516.5034416666666,424.93666666666655
392.00919583333325,402.8037916666667,394.0566666666666,404.97652500000004,403.54821666666663,408.28125000000006,397.16178333333323,407.6589458333333,420.16625,423.4420124999999,429.8777083333333,425.01458333333335,427.5307625,427.6059000000001,431.3991666666667,448.36760833333324,449.21637083333326,414.11125,411.6096583333334,429.05111249999993,440.84875,445.0785666666667,434.5686375,435.1558333333333,445.5313791666667,440.2263833333333,439.7741666666666,453.64091249999996,461.4845250000001,452.85166666666663,437.7534375,444.41269583333326,451.4133333333334,462.4229583333333,469.968175,447.2804166666667,456.4127291666667,456.49716249999994,468.2791666666667,415.91107916666675,385.1884583333334,379.0783333333334,339.2383833333332,292.94511666666665,250.3065624999999,147.62080833333326,80.3015499999999,34.74479166666663,-3.5602625000001353,-71.28841250000005,-97.70614583333327,-84.70002083333338,-123.53513750000002,-138.38333333333333,-110.0268125,-128.44730833333335,-202.19552083333332,-270.14627500000006,-349.05321666666663,-414.98541666666677,-501.4163666666668,-544.2141833333335,-546.1615625,-604.7427333333333,-682.7172291666668,-715.2419791666667,-687.2637041666666,-695.5923291666664,-703.2165625,-717.6609374999999,-743.4271541666667,-740.7414583333334,-762.6247375,-804.4403333333332,-755.3888541666666,-711.8656541666664,-704.1608208333334,-717.0253125,-681.5285291666667,-599.8666958333333,-629.3072916666667,-555.9494666666666,-501.8725833333335,-477.9715625000001,-440.0827708333334,-405.8435833333333,-407.2441666666666,-312.57543333333314,-225.28755416666667,-181.84958333333327,-113.31898749999999,-81.55050000000006,-68.72583333333324,-25.901999999999987,35.391787499999964,92.67124999999999,135.9378875,194.1651791666667,240.64458333333323,327.36655416666673,343.8108875000001,311.71968749999996,317.67241666666666,379.01992916666677,447.32656250000014,461.21622916666684,435.9760875000001,430.44000000000005,450.1515875,430.99333749999994,405.1912500000001,436.29560416666675,452.85795416666656,440.10083333333324,447.4259166666667,475.23480416666666,443.5666666666666,443.5176249999999,442.15039999999993,442.57291666666663,447.45545000000004,436.86083333333335,439.06916666666655,479.5623791666667,485.12745833333327,465.2104166666667,443.92649583333343,440.42359999999985,470.30499999999995,490.0289291666666,454.11673749999994,375.18750000000006,367.5129333333333,387.1022208333333,406.34875,409.7112000000001,396.45402499999994,402.4083333333333,411.44144583333326,415.3158625,439.13874999999996,418.7027291666666,418.05184999999994,415.69583333333327
396.25256249999995,396.989725,394.9120833333333,415.5948458333333,417.5176333333333,421.51875,412.9767333333332,417.1152125,417.6666666666667,419.7222124999999,422.37100000000004,408.73041666666666,412.0988166666666,430.1657291666668,446.59333333333336,441.61979166666663,439.13399999999996,429.39666666666665,434.91380000000004,429.9508833333333,420.57500000000005,448.58422083333335,457.6812875,446.5125,436.44393333333335,439.42632499999996,458.41374999999994,452.5318874999999,450.13923750000004,454.5654166666666,442.4531333333333,459.5473291666666,475.01791666666674,463.20840416666664,466.1357958333333,463.15875000000005,473.08317083333327,466.5977625,479.93500000000006,439.2859458333334,412.10331666666673,401.0266666666667,363.7788041666666,317.66858749999994,272.0736458333332,172.67637499999995,101.84447916666659,52.3344791666666,27.604520833333254,-43.7272250000002,-101.54854166666678,-117.9611083333333,-146.28487500000006,-147.07656250000002,-170.69225833333326,-210.86672083333337,-257.12989583333336,-322.8444125,-397.0611083333334,-443.1295833333336,-515.1558000000001,-536.8407875000001,-516.7680208333333,-573.7968374999998,-649.2979750000002,-679.0384375,-665.4496708333332,-661.3419999999998,-637.0141666666666,-655.0972166666667,-698.5377666666667,-693.4936458333334,-680.2092500000001,-695.0601541666665,-640.1502083333334,-591.5263208333333,-591.270475,-627.2959375,-614.1976249999999,-529.2668375,-540.1434375,-469.5650999999999,-432.73827083333344,-427.1903125,-400.5773875000001,-364.6573333333333,-362.4154166666665,-278.2092166666666,-188.16614583333336,-129.82760416666667,-63.614845833333334,-37.008225000000095,-24.292291666666642,17.2018291666667,83.56752916666653,145.4640624999999,177.47835416666663,230.38236250000006,282.55562499999996,367.94212083333343,370.7936791666668,322.60406249999994,324.96045833333324,385.78390833333344,452.0305208333334,468.28042916666675,452.84007500000007,452.0283333333333,456.76757916666656,446.9690374999999,439.9491666666667,441.7464416666667,445.92509166666656,451.8004166666666,456.1440166666667,469.4090083333333,439.12624999999997,466.88566666666657,462.4654875,438.1358333333334,462.1913208333333,473.70893750000005,458.5070833333332,445.625575,441.0605374999999,459.84375,457.28008333333344,454.62477916666654,477.0587499999999,483.14039999999994,443.70920833333327,369.4533333333334,357.1912166666666,370.9976875,395.6575,415.7848,393.74465416666663,380.8583333333333,410.73476249999993,418.6923208333333,421.715,415.3674333333333,489.84147916666666,571.7024999999999
561.5571166666666,556.6000375000001,557.2970833333334,557.4584083333333,553.7889666666666,579.6554166666667,588.2426708333332,572.4174541666666,546.0645833333333,576.1199958333332,604.6595416666667,587.4129166666667,583.4353916666666,589.5447541666667,601.2816666666668,614.9637666666666,609.6613749999999,573.7341666666666,574.006975,580.6956541666666,587.6891666666667,626.8050708333333,623.7794124999999,594.62375,596.335475,602.2502666666667,607.9275,605.1312041666666,614.3972291666666,624.5866666666666,605.3380916666666,608.8559083333332,607.2529166666667,589.2111333333334,677.35975,799.885,831.9090333333332,817.9549125,839.9278125000001,791.1064875000001,716.3609291666667,650.8240625,611.9245249999999,579.7669374999999,529.5673958333332,429.50334999999995,489.70411666666655,629.0957291666665,630.1406874999998,518.7267541666665,455.00593749999996,463.1192625,394.2335374999999,312.2668749999999,286.4907874999999,258.3425708333333,197.59145833333326,121.80397916666658,70.08585833333319,58.33208333333317,-19.17416666666685,-71.48464166666696,-76.28843749999999,-134.36942916666652,-215.13623333333362,-252.99270833333344,-229.25808749999987,-255.88989583333318,-282.19729166666656,-286.52518333333336,-314.0152916666667,-323.9238541666666,-327.1430250000001,-348.6715208333333,-295.4965625,-245.83955416666646,-192.45318333333347,-139.64166666666688,-84.4543916666666,-33.577570833333425,-114.31541666666672,-71.97279166666661,-18.767320833333372,21.747916666666526,71.63768333333323,111.39355833333335,104.47583333333344,177.05046666666667,246.7058625,281.38124999999997,339.2602708333334,378.9765249999999,412.0047916666666,454.9056208333335,499.6770999999998,547.2784374999999,606.0378458333333,662.9286083333334,687.7597916666666,777.3492458333335,842.4786333333333,876.4464583333332,909.8583958333332,967.8658875000001,1044.4484375,1086.8367958333333,926.1134750000001,701.9137499999999,701.8993416666666,717.5179666666666,675.4720833333333,681.8532791666667,702.5552624999999,713.9883333333332,724.830875,740.3650375,703.74,721.561975,723.0420916666666,715.635,739.4249916666666,724.6968833333333,695.2045833333332,725.2347708333334,733.8998249999999,727.2179166666666,733.0949666666668,729.4591374999999,737.38625,753.5137833333332,682.3515124999999,545.265,523.8584208333333,548.926825,563.83875,550.699875,531.2120416666667,547.07375,567.0671333333332,574.4598791666666,592.7458333333333,564.0550249999999,569.6718708333333,591.1212499999999
595.0437541666665,573.4697708333333,545.415,573.6434125,595.8356916666667,571.6679166666667,559.3612083333333,553.0018,565.9433333333334,585.1177124999999,595.921125,587.7266666666666,592.6819875,603.5836625,597.0104166666665,607.2438541666666,607.5606458333333,596.1904166666666,598.8175666666666,596.4699791666666,603.1716666666666,603.80805,604.7616416666667,593.3545833333333,596.02495,597.4860916666667,610.0020833333333,614.3955249999999,617.1753875,599.4399999999999,568.4216333333334,591.0631999999999,618.7270833333334,624.0640916666666,696.0132583333333,799.5958333333333,832.5523624999998,820.3022833333333,835.4848958333334,784.0574124999999,712.1973916666667,666.8330208333332,622.4777375,588.7516791666667,540.8357291666667,390.0563958333332,459.3478124999998,632.165,593.8525416666668,513.8294666666668,521.7470833333332,498.8262833333333,399.6455375,351.9046875000001,334.9617458333332,308.84959583333335,266.4571874999999,220.65344166666668,141.85802499999988,42.65427083333333,8.13093750000013,3.5807124999999473,-22.269062500000132,-100.85540416666657,-156.70179583333305,-172.60343749999998,-158.74247499999984,-237.58370833333316,-280.1817708333333,-280.7439208333334,-321.61234999999976,-328.86562499999985,-283.48245416666674,-303.08444583333306,-295.31645833333323,-268.4120416666666,-224.28219166666653,-175.55333333333346,-127.80405416666645,-60.56291250000004,-14.223645833333308,-38.91419583333328,-18.38042500000006,16.49541666666653,20.22729999999993,47.52875000000003,60.97072916666684,155.9482375,208.3963041666667,228.57229166666662,289.85262499999976,353.99024166666663,372.20833333333337,425.2798500000001,500.4969791666665,548.9569791666665,614.0944708333334,670.3720541666667,702.5835416666666,776.2476791666668,841.6645583333334,906.6893749999999,927.7032624999999,965.0770541666668,1029.21875,1047.2709416666667,928.2365541666666,740.9704166666666,693.0839833333332,704.2637833333332,702.1537500000001,727.6584083333335,722.0487,712.1637499999999,719.8023458333334,746.7424250000001,753.3662499999999,742.1818958333331,719.8966208333334,709.1512499999999,731.6971833333333,740.9512333333333,732.2379166666667,726.4827458333333,728.9594125000001,719.045,727.8431083333335,711.8661124999999,707.7366666666667,764.1008208333333,697.9995374999999,528.3187499999999,525.3101958333333,541.1263666666666,534.7420833333333,553.7458416666667,573.6027666666668,560.7483333333333,549.4850583333333,561.8859583333333,574.28125,564.9969624999999,585.5048875,587.6291666666666
582.8686916666666,574.2456125,567.0404166666666,579.7195666666667,576.9741291666667,578.4983333333333,568.3973916666666,568.8200541666665,593.8562499999999,597.5708833333333,606.8153416666665,588.0487499999999,577.0502833333333,594.3460708333333,602.1874999999999,607.3883083333333,594.3325,603.1904166666666,591.5701166666666,584.1989416666665,577.8795833333334,610.5959166666667,618.0988375,596.7766666666666,596.0245458333334,604.2427166666666,608.7099999999999,625.7100416666667,637.6341583333333,604.13875,576.8654958333334,614.5782125000001,645.3083333333334,622.0101999999999,685.8358666666666,812.0866666666668,819.0850458333333,798.9449416666666,815.0486458333332,779.0017666666665,723.0168208333332,696.7884375,658.1953749999998,620.8174166666668,569.9653125,458.79938333333337,502.2072583333333,662.0413541666666,614.7281333333333,533.5679916666666,552.3505208333332,528.5875333333333,438.84503333333316,355.95770833333336,383.98390416666666,321.7089416666666,182.3485416666666,168.49944999999983,105.56894166666649,72.43166666666684,68.05166250000013,-6.068833333333487,-133.9829166666667,-147.81082083333325,-158.17598750000008,-200.65802083333313,-211.87777916666664,-222.17249583333364,-226.0705208333335,-180.2065166666667,-217.49833750000013,-256.7277083333333,-230.77033750000004,-304.49038749999977,-335.2939583333332,-291.71974166666666,-244.7088499999998,-150.02604166666663,-147.43173750000017,-111.69587499999997,-39.18885416666663,-26.760312499999884,43.343458333333075,96.16114583333314,91.88776249999984,137.66051249999995,166.01812499999994,179.74224999999987,201.03697499999998,250.20354166666658,323.4724624999998,378.45327083333325,420.9182291666667,502.2724249999999,531.8530916666666,591.1244791666666,603.7488666666668,657.7533666666667,731.8045833333333,781.1750416666669,843.6695333333333,912.7078124999999,939.1699375,958.5942499999999,1019.8363541666666,1066.3416708333334,946.8239208333332,741.9804166666665,704.3136458333332,726.6881625,698.6583333333333,695.8187750000001,704.1738208333335,719.1075000000001,718.1850166666668,716.8844916666668,700.8508333333333,718.6672166666665,712.3123499999999,710.0091666666667,738.9476208333333,736.2176625,697.8962499999999,717.0370708333332,720.4433083333333,727.92625,731.9922791666668,725.8199833333332,724.1504166666666,746.3487833333332,675.6224374999999,533.4045833333332,537.0384499999999,534.8275041666666,520.7779166666666,541.3523541666667,562.3600166666668,554.7333333333333,589.2231916666666,585.6484166666665,554.7258333333333,566.7504166666666,589.6774833333333,562.4254166666666
575.9558999999999,565.6421375,545.5145833333333,560.5943874999999,565.0086124999999,574.3045833333333,566.1562041666666,559.1481208333332,594.09875,613.1315,611.8815416666666,588.0083333333333,582.0652416666667,604.3558708333334,596.5258333333333,594.3027916666665,598.6960708333334,606.8245833333334,576.4022208333333,582.6407041666666,610.9120833333334,629.3639291666666,619.7958166666667,602.8608333333333,607.4892541666667,621.7972958333334,617.9445833333334,597.6484875,599.1294833333333,605.9675,577.0177833333333,598.9092791666667,612.1966666666666,595.7869333333333,661.6541374999999,819.7362499999999,828.5874333333334,793.0400541666666,809.0988541666667,763.1978499999998,722.414425,679.8222916666666,628.8280499999997,589.0814,554.8578124999999,442.2023541666666,479.03924583333344,641.4375,592.5135458333335,487.1445541666666,462.5226041666666,429.6578916666666,362.5063124999999,300.4879166666666,273.58766666666656,202.34896666666648,95.28239583333334,38.762008333333455,-4.044012500000292,-13.982395833333271,-29.797791666666797,-96.82297916666681,-228.65114583333337,-277.85724166666654,-282.63625,-290.2802083333332,-311.9486249999999,-334.53100416666683,-329.0336458333335,-267.29267916666674,-273.22703333333345,-299.02968749999997,-350.17067500000013,-354.1876333333332,-318.9590625000001,-247.9666166666665,-250.05505833333333,-212.75531249999997,-182.6136125000001,-150.10470833333324,-96.15010416666658,-94.10618333333326,-27.596991666666895,15.00989583333319,20.52915416666673,47.48934166666663,69.92093749999998,119.88812916666652,143.16617916666672,160.4160416666666,227.74052083333325,319.1718749999999,376.76124999999996,450.19880416666666,516.2373333333335,540.455,591.1082791666668,655.1570458333333,706.6383333333333,746.7135583333331,806.0728125,887.2539583333332,966.1202499999999,977.1339124999998,1006.4879166666665,1056.1712749999997,917.5852125,692.4008333333334,684.5936458333332,706.8927458333333,675.9279166666666,686.6447125,690.4016166666665,694.4154166666667,679.5449375000001,698.4911166666666,703.4449999999999,701.4873166666666,691.7196583333333,693.7266666666667,707.6616666666666,703.4785875,686.24,685.4204708333333,687.4398249999999,704.1983333333333,708.4171833333334,702.3599208333333,725.8104166666666,741.31185,649.0093458333333,507.88749999999993,515.9215333333333,540.5882124999998,547.2533333333333,524.6725333333334,523.4841875,542.5379166666665,541.1635375,554.2380458333332,544.9941666666666,538.0365416666666,552.4990333333334,571.7116666666666
579.5934333333332,564.1537,558.1741666666666,566.1609916666666,561.9985458333333,559.9675,542.3640041666666,575.0516,614.8179166666666,608.4062375,601.4914624999999,602.7020833333333,598.5400541666667,597.3027416666666,612.27875,621.8744708333334,606.2783916666666,584.3616666666667,582.7065166666666,589.1098333333333,595.7416666666667,622.099375,618.3871708333334,592.6212499999999,583.3429833333333,609.0228041666667,636.3829166666666,617.0247666666667,600.8854999999999,597.2483333333333,582.4005999999999,598.2309541666667,614.1091666666666,602.04365,663.9648166666666,794.9562500000001,824.7331499999999,825.0292125,818.8976041666666,769.9550666666665,737.2809333333333,710.6517708333334,639.5352708333332,593.682975,548.8494791666666,422.3124083333333,484.43608749999987,656.1914583333333,578.6596791666668,498.46704999999974,496.3962499999999,472.9445791666666,375.46939999999995,313.8028125,324.4996749999999,269.8006166666666,140.74375000000003,72.7982208333334,8.221204166666553,-65.82916666666648,-87.66325833333349,-153.83613750000018,-269.64593750000006,-278.0450541666667,-260.38306250000005,-275.6386458333332,-345.5621083333333,-351.87704166666697,-298.5044791666669,-280.65260833333343,-328.5214041666667,-376.9580208333333,-373.4614375000001,-350.8145791666668,-311.64479166666655,-316.0282125,-311.8681708333331,-217.2567708333331,-152.41765833333307,-155.4091875000001,-130.05145833333313,-119.41745833333312,-71.74175000000011,5.423125000000084,15.314808333333076,66.46809999999991,162.9225000000001,173.0115666666667,198.3211458333334,231.62052083333336,317.0344833333333,375.24856250000005,416.0363541666666,447.1079708333332,522.4046291666666,544.5067708333335,591.2932916666667,666.0139208333333,750.0753124999999,785.0309500000001,827.9041416666664,871.2963541666666,959.5868083333334,1005.0763708333332,1017.4211458333332,1049.2005333333332,907.8454916666667,705.7704166666666,692.7575249999999,702.5016625,678.9891666666667,698.1636708333333,704.1340041666666,701.4254166666666,692.4757416666666,690.1890666666667,697.2991666666667,703.7955166666666,698.2063208333333,720.7033333333334,708.1412833333333,710.9880791666667,720.1141666666666,688.8771916666666,683.7028499999999,707.8845833333332,714.0077041666666,703.952125,708.1775,743.7641041666666,653.0445625,513.85,521.4699083333333,564.8987166666666,552.5591666666666,544.5126666666667,556.0306583333333,551.7679166666667,548.4964666666666,538.7632958333332,525.2175,544.6895083333333,507.88356666666664,421.0308333333333
406.7262333333333,401.90403749999996,392.66291666666666,413.32360416666666,414.3311999999999,415.7033333333334,404.2269333333333,417.5942083333333,440.2258333333333,432.43170416666663,429.57479166666667,425.585,414.5452583333332,408.5277125,427.71416666666653,447.7689416666666,413.1968041666666,411.45750000000004,427.1419000000001,446.3124666666667,452.6775,437.6415791666667,441.5055333333334,450.1345833333333,451.5136541666666,428.1501333333333,438.0170833333334,447.2407125000001,456.1772291666666,441.5358333333333,423.29007916666677,433.456975,449.37583333333333,462.55719583333325,454.69692083333337,463.1116666666666,456.1818916666666,473.95006666666666,450.76447916666666,412.1417624999999,406.8010833333333,421.57114583333345,380.84795416666674,323.2235750000001,298.5908333333333,220.42903333333336,159.05170416666658,74.88906250000002,-9.494775000000118,-54.9441333333333,-101.47562500000004,-174.01811250000003,-178.6742333333333,-159.08145833333327,-237.93939583333338,-321.296025,-365.11093749999986,-389.5733875000001,-412.08147499999984,-441.11739583333315,-496.14547083333343,-567.6063833333335,-563.5723958333333,-612.6274249999999,-677.3671083333331,-732.8896875000002,-692.0937333333334,-698.9920833333333,-754.69375,-760.5239916666667,-738.1164083333331,-736.1953125,-807.9348083333333,-841.1069791666664,-788.5323958333333,-744.3440208333333,-752.7382124999997,-705.4285416666664,-691.6366333333333,-644.2863416666667,-555.7264583333331,-521.0331333333329,-502.4150416666668,-452.41229166666653,-392.30921250000006,-337.2497833333335,-279.12666666666684,-291.8703874999999,-230.98639583333335,-129.1655208333334,-97.48749166666664,-58.506383333333304,-6.7258333333332985,41.48592083333324,107.41870833333348,152.1312499999999,198.32952083333333,225.30559999999986,301.1930208333333,383.61890833333337,398.2574875000001,342.12895833333334,395.25445,441.93568749999986,447.7763541666666,455.03769999999986,445.7293625000001,427.34958333333327,432.5721666666666,445.2478,439.4570833333334,461.19067500000006,451.5484875000001,429.45916666666665,450.5606416666667,467.1013291666666,458.78374999999994,430.1280333333333,423.1944208333333,439.29291666666666,445.6263416666667,453.18022916666666,442.9779166666666,464.16077499999994,486.87985833333346,464.54749999999996,459.28042916666664,459.6401291666666,468.29541666666665,476.1573416666666,422.3742958333333,348.81958333333336,367.22990833333324,373.4370499999999,393.3379166666666,406.8841791666666,428.0369666666667,415.42875000000004,403.03803333333326,407.69370833333335,407.5816666666666,409.83436249999994,412.61598333333336,411.7208333333333
403.2640416666666,397.2776708333333,407.01166666666666,418.86145,415.8428374999999,421.8116666666667,394.7962416666667,410.5668083333333,454.0320833333333,444.45998749999995,428.88822500000003,414.1108333333333,397.71821666666654,406.5627791666667,440.55416666666656,440.0832333333333,403.21378749999997,420.83125000000007,426.4842458333334,427.75659583333334,435.1379166666667,442.8294583333334,454.545025,451.5675,451.58649583333323,436.80924999999996,448.9475000000001,442.0350000000001,450.8757041666666,449.6179166666666,424.78447500000004,443.52464166666664,472.43291666666664,456.1737833333333,436.30930416666666,464.1141666666666,461.4426916666665,474.7445583333333,452.5810416666667,425.4397374999999,423.1549875,432.88395833333334,396.29650000000004,337.7195375000001,306.0923958333333,229.40675833333336,169.2422749999999,88.94135416666677,20.37217916666657,-30.896579166666697,-96.70177083333351,-157.55819583333334,-140.53493333333336,-117.6555208333333,-218.75159166666663,-311.8925291666667,-346.8190625,-368.70788333333326,-374.6804625,-378.5098958333332,-429.9421375000001,-501.3159791666668,-494.5573958333332,-549.8637916666664,-615.9000083333332,-675.9525000000001,-660.733225,-658.567775,-666.5804166666667,-648.6540625000001,-669.1394041666665,-712.8559375,-723.8464458333333,-698.7719374999997,-649.7092708333333,-629.0893291666666,-657.3328083333331,-625.6332291666665,-631.1962208333333,-580.4127291666666,-474.33749999999975,-447.955358333333,-452.1336666666667,-419.00166666666655,-359.4194416666667,-300.93840833333337,-248.8197916666668,-277.64538333333326,-213.44383333333332,-96.07822916666669,-72.43578749999995,-40.19353749999999,17.28645833333337,67.5843958333333,125.35629583333343,161.90874999999988,216.04293749999994,250.42448749999983,324.2797916666666,400.81993333333344,405.4046750000001,341.29791666666654,398.1114541666666,450.4863499999999,453.95114583333327,451.28758333333326,446.90546250000006,440.1270833333333,433.4177208333333,449.13537083333335,453.6491666666667,448.8989958333334,436.5233250000001,439.40666666666664,454.8888708333334,460.3880874999999,456.1833333333333,438.60737916666665,432.9397833333333,443.68416666666667,456.5318875,474.49082916666663,456.63833333333326,440.08834999999993,448.6759875000001,451.1645833333333,471.8817624999999,470.11015,460.97541666666666,473.53421249999997,432.18182499999995,358.7541666666667,361.3588916666666,363.0563958333332,395.04458333333326,414.3550208333333,418.94724583333334,389.96583333333336,397.24384999999995,404.1205625,383.6141666666666,400.58549999999997,475.75517083333335,560.5279166666667
575.6170166666666,560.0729208333332,559.7141666666666,567.3471291666666,561.3798125,578.3545833333334,585.824225,582.5851958333333,575.9174999999999,587.6480416666666,605.8674416666667,593.405,562.1180999999999,558.9554375,597.1366666666665,615.0428541666666,579.6118208333332,581.6275,584.3912791666667,591.8994916666667,605.0695833333334,612.8579125,620.0084625,611.4433333333333,608.7148166666666,594.4711374999999,609.2595833333334,604.7031875,611.4582916666666,605.7958333333332,580.5513458333334,598.9339958333333,615.6045833333333,582.56565,640.2674666666667,800.9525,836.9236291666665,846.7979916666667,821.5516666666666,776.3164708333333,725.8677958333333,682.8294791666667,637.9204708333334,599.1462083333334,573.0922916666666,481.6622416666667,550.1386958333333,668.7809374999999,614.2389583333331,520.0658,453.88052083333315,399.6233583333332,368.52897500000006,318.6061458333333,209.51085416666663,115.82381666666657,56.53812500000001,15.933520833333233,13.235329166666588,34.06437500000021,9.209904166666547,-73.83371666666693,-97.62531250000006,-143.59411249999988,-199.8564291666666,-258.80437500000016,-225.53697916666664,-242.64908333333335,-298.30010416666664,-286.29987500000016,-291.0656083333331,-325.23802083333317,-339.75988750000005,-318.2761374999999,-276.9597916666668,-274.3168999999999,-261.63188749999983,-145.37562499999996,-118.34681249999994,-89.68218750000011,-32.44187499999978,-43.391408333333004,-23.57137083333339,62.81260416666669,119.86815833333316,160.3684458333332,211.62593749999985,188.20036249999998,240.8777041666667,333.9288541666666,349.3580208333334,396.5931791666667,471.5019791666666,512.3432416666667,557.8037625000001,597.6590624999999,665.4890624999999,701.4460249999998,758.55625,824.4614875000001,885.2326916666666,910.4312499999999,987.1803749999999,1025.0006749999998,1037.8349999999998,1064.7847041666664,921.8432250000001,698.7745833333333,690.5410416666666,734.9827958333333,708.10875,707.4026333333334,704.6286333333334,703.485,719.6924625,722.0845875,708.1624999999999,684.981725,689.6172958333333,720.7629166666666,741.1250208333333,735.0622416666666,692.3633333333332,700.9213666666666,726.2795291666667,719.0383333333332,741.3146083333332,743.0349083333333,734.4420833333334,745.7554375,661.8563041666666,526.7358333333333,516.2141166666667,517.1472166666665,542.2333333333332,567.1745416666666,579.6139583333334,547.955,542.7646708333332,558.6567708333333,559.3387499999999,559.3984166666667,560.9104541666667,575.5395833333332
585.8660291666665,573.6742541666666,556.0387499999999,562.1742833333333,565.8952708333333,573.04125,553.8201541666666,550.1278083333333,574.1554166666666,572.9110625,585.6260583333334,598.9720833333333,589.1888666666666,578.6924166666665,587.3387499999999,604.1128041666666,568.9213624999999,570.8820833333334,609.7663541666666,604.940975,576.18625,590.3723541666666,598.5716124999999,601.3274999999999,588.5792124999999,588.1316375,611.395,607.8307125,611.3157416666666,609.69125,585.6186416666667,582.7421458333332,602.5941666666666,605.4069833333333,687.5099333333334,798.8820833333332,828.3506249999998,836.4702625000001,815.321875,778.5076541666665,733.6481625000001,686.8980208333334,649.2405625,618.6242291666667,555.1440625,468.8487333333333,532.8984791666666,664.2280208333335,650.2266749999998,561.7223583333334,537.5816666666667,478.2788249999999,389.4842125000002,356.41145833333337,238.3132583333333,170.29682083333333,169.19989583333336,100.65610833333338,45.78400416666665,51.99572916666648,9.45514999999989,-76.81677916666683,-128.90822916666662,-197.6564041666665,-240.57305416666662,-299.77541666666673,-326.33994583333333,-328.9126666666666,-318.84802083333324,-310.2530958333332,-297.57718333333344,-344.6690624999999,-372.49594583333334,-361.8092583333332,-319.8863541666667,-305.63652499999984,-284.1634374999999,-174.17343749999992,-166.52508749999993,-73.23443749999996,2.058333333333451,-14.377912500000008,-14.111791666666761,65.26729166666672,91.59423333333325,168.45439999999994,200.4855208333333,194.65754166666656,263.88058749999993,364.78375000000017,394.1234791666665,411.5394083333334,461.9507291666667,499.0808208333334,576.4055375,643.7394791666666,688.2747458333332,746.7299166666667,781.3383333333335,848.1529250000001,908.9325041666666,968.0507291666664,995.1856583333333,1015.94175,1028.6452083333334,1038.5950374999998,905.3915333333334,692.7974999999999,669.974625,704.6551,709.7433333333333,744.7976583333333,734.08305,708.155,734.8206416666667,738.169825,739.1033333333332,740.1640625,740.0536625,732.3483333333332,728.1464041666667,737.0998541666667,746.4933333333333,726.2163875000001,725.8112166666665,711.7545833333332,731.0169791666666,721.2062333333331,717.54125,746.635375,669.3163125,527.9470833333334,541.5798583333333,551.5043208333333,529.3770833333332,545.1540291666666,556.8234874999999,558.1366666666665,555.9721791666666,562.9021208333334,551.9029166666667,557.4879541666666,566.1943333333334,563.3616666666666
563.812025,567.784275,579.8224999999999,572.4230416666667,569.8444,581.4091666666666,583.075525,577.3946,601.71625,603.7506333333333,592.3647458333334,581.6616666666666,566.7525666666666,566.205025,592.6308333333333,615.0355500000001,602.8859416666666,615.6529166666666,610.3703833333333,592.4333916666667,596.8741666666667,579.8083833333334,592.2644666666666,608.7187499999999,582.0523125,578.3872458333333,600.7254166666665,625.0276791666668,617.9804416666666,602.9620833333333,602.1390583333334,643.1168208333333,636.5683333333333,599.2899541666666,677.7576291666667,814.9066666666668,814.7628541666666,793.9184958333333,813.7255208333333,790.8840083333333,747.5945958333332,716.071875,680.3750833333334,663.1535958333333,592.5346874999999,486.6055625,562.2001708333332,697.2513541666666,696.948495833333,594.3549666666668,561.6788541666666,533.9663916666666,455.0604874999999,393.3309375,362.2811749999999,329.1713666666667,233.2021875,140.87950833333346,83.86886666666629,96.99364583333335,22.92326249999985,-31.869083333333094,-31.29114583333336,-10.03607500000004,-92.3286708333332,-170.28177083333338,-170.12956249999985,-177.29549583333346,-197.54458333333343,-121.05228333333332,-136.35883750000008,-212.62395833333332,-303.7605708333333,-295.40644583333346,-275.3032291666667,-215.76102916666665,-124.97025416666659,-61.336354166666695,-29.336187500000108,-33.521908333333386,-8.996458333333209,5.584129166666742,45.281208333333296,70.46156250000001,73.329133333333,126.49008750000013,192.6808333333332,167.79128333333327,226.83477083333318,328.59989583333345,368.70644583333325,394.60260416666665,496.20343749999995,519.1639583333333,581.2595791666666,658.1516666666665,669.6319208333333,725.3223333333333,775.5960416666668,841.1711583333333,905.1863249999999,963.5162499999999,975.3380708333333,986.9262833333332,1011.6137500000001,1041.3232625,912.1293166666667,698.6324999999999,692.1810166666667,718.5525458333333,701.8220833333334,721.0880749999999,717.9455583333333,703.9779166666667,727.7150958333334,716.4815833333332,718.0699999999999,710.1065125,713.6297,723.4174999999999,720.2877083333333,721.5271458333333,713.67625,734.4846541666667,736.2868374999999,715.3295833333332,721.9755166666666,721.1568541666664,717.2425,747.1135125,660.923575,546.015,538.3963458333333,554.3165666666666,529.3758333333333,544.4940666666666,555.3637875,564.2345833333334,551.6706624999999,549.0294875,548.5354166666666,561.554075,571.533475,574.1391666666666
573.1731,559.3062749999999,548.6495833333333,555.8584458333332,583.8507875,574.6983333333333,552.552025,558.2135083333332,579.4329166666666,590.0394666666666,575.3370166666666,567.0412499999999,572.6228124999999,587.7555333333332,585.7920833333333,599.46035,607.0158499999999,622.3799999999999,578.41865,580.8880541666665,614.5245833333333,604.9606791666668,595.2001916666667,600.8079166666665,610.728875,611.399325,608.7279166666665,613.1084666666667,590.8250458333333,594.2075,599.3245666666667,630.2866958333333,609.1629166666665,592.7184625,672.3425416666666,802.5354166666666,825.9531291666665,825.1333000000001,804.1673958333333,815.0169333333333,778.9692666666667,720.3419791666665,674.2367999999999,652.3761541666665,586.5510416666666,506.5300208333334,562.8421999999999,689.0677083333333,709.2202333333331,594.9933208333334,516.5906249999998,487.72580000000005,441.20271249999985,384.683125,339.0317458333334,335.59126666666657,294.9638541666666,270.6249291666667,243.16188749999995,188.9996874999998,124.80154583333334,81.5448958333335,57.320937499999786,53.60099583333357,8.585041666666825,-61.57541666666651,-48.07780833333317,-80.39234999999991,-140.78895833333326,-80.72020833333346,-96.04359166666652,-137.24729166666663,-220.8694666666667,-210.19828333333334,-198.9296875000001,-205.01502499999987,-159.51992083333346,-76.50572916666678,-97.5143666666666,-59.29350000000005,4.832916666666847,-9.605700000000013,12.985887499999961,49.780729166666646,99.12775833333319,128.34422083333325,134.11802083333353,169.14267916666654,217.2112833333333,286.38906250000014,342.97361250000006,395.7843958333334,458.67635416666667,497.18435416666665,558.5778708333335,642.3815625,653.7246875,709.9908958333334,790.6355208333332,823.1031375,873.1090166666665,934.0528125,987.4633125,1033.8189375,1028.5149999999999,1061.1134041666664,958.4461083333331,741.1058333333334,703.30215,732.4242375,726.86375,730.9473750000002,720.9463541666668,708.7258333333333,718.7163291666667,711.705975,737.4070833333333,740.7528374999999,724.9963291666666,718.5379166666667,720.6499416666666,722.8575166666667,709.6566666666666,727.9500083333332,742.3660208333334,732.7295833333333,719.2753458333332,724.4646249999998,726.5966666666666,721.0335416666666,645.8070374999999,555.6854166666666,553.9878791666666,560.6524791666666,540.9266666666665,528.8448291666666,527.0596583333332,529.0504166666666,542.41725,544.542725,562.41375,566.6822625,573.8401375,578.6458333333333
570.1859416666666,560.3136374999999,562.6870833333332,579.2598083333334,587.8756375,560.9283333333333,570.7736166666666,583.6910125,593.5691666666667,580.8748083333332,565.1590833333332,574.5529166666666,589.0525499999999,618.94765,598.1604166666666,596.7351333333334,590.6597083333332,611.8883333333332,617.4075874999999,605.2002166666666,585.685,591.4853583333334,586.2905583333334,614.1112499999999,597.099975,596.24195,605.5,598.5435208333333,618.0891166666667,606.6508333333333,621.0720166666665,625.3558375,600.3020833333333,588.2304458333333,667.1921541666667,789.4024999999999,829.4107541666665,819.941325,800.940625,831.8324666666665,808.197625,736.6044791666667,678.4111624999999,651.9869291666665,581.3644791666667,508.5034958333335,559.7705374999999,677.0691666666667,677.2142958333332,587.7222291666666,540.0438541666667,483.4706041666666,412.5554041666667,346.09552083333347,285.78268750000007,277.8693666666667,227.385,177.05018750000002,145.15921666666674,58.97239583333317,-34.74440416666664,-77.52269166666656,-120.44864583333339,-47.74844583333339,-45.750349999999855,-145.62291666666658,-163.20784166666658,-189.3903416666667,-219.32718750000004,-181.20610416666682,-213.36984166666656,-269.2122916666667,-303.1484916666667,-252.4980125000002,-247.9520833333332,-317.97665833333326,-260.0204541666667,-137.73572916666663,-160.30635000000007,-111.83209583333331,-85.82947916666649,-60.29197916666669,-30.775158333333394,1.5471875000001774,84.71917499999995,161.37629166666648,210.65562500000004,231.4725666666666,267.0785791666667,339.8015625000001,412.0467708333333,432.7833916666666,459.1369791666668,536.3939625,606.3380958333335,682.1112499999999,711.1575958333334,741.520975,816.051770833333,856.6944958333332,903.1339374999999,940.5666666666665,1003.9367249999999,1024.7961375,1038.048125,1044.8220333333331,914.5197291666665,753.87,683.3411958333334,709.2706208333332,727.6875,732.2308583333335,717.5009458333334,697.36125,700.6975958333333,719.3245749999999,725.5779166666666,732.1133458333334,729.3153916666668,733.30875,711.8108666666666,708.779775,705.9499999999999,708.0376416666666,735.0391666666667,737.5979166666666,713.0746874999998,688.9336708333333,709.1091666666666,727.9047208333333,667.5374833333333,546.1491666666666,530.8769749999999,534.5762208333333,532.1941666666665,542.9000958333334,553.9676875,570.845,548.7707666666666,534.5278125,555.6270833333333,580.8112541666666,491.5917208333333,411.82208333333335
412.3928333333334,418.2581541666666,410.50916666666666,420.62599166666666,436.1938624999999,409.4545833333334,421.3538541666667,425.6427541666667,419.525,445.29303749999997,414.3697666666666,409.94958333333335,416.4297458333333,444.6773833333333,441.2425,447.0596875,444.76730000000003,441.3820833333332,457.5994749999999,443.85243749999995,433.1720833333334,428.16518333333335,430.8894166666666,449.37583333333333,441.41205833333333,430.48440833333336,417.51874999999984,443.8441833333333,451.1216375,444.0537499999999,462.8874624999999,475.29232916666666,450.04083333333335,455.2110208333333,470.6410166666667,464.4954166666666,445.9781874999999,455.2407666666667,457.91499999999996,475.40655833333324,475.11687083333345,465.8122916666666,427.72917916666654,368.88081249999993,309.74395833333324,254.78506249999992,178.99832083333354,126.48520833333339,60.837270833333264,3.5413833333334424,-44.39927083333316,-119.77150000000006,-138.44366666666656,-123.48197916666663,-134.63094166666679,-176.63070833333336,-219.8296875000001,-219.93874166666689,-247.37463749999984,-290.13177083333335,-368.7121625,-450.2623083333331,-484.72729166666676,-461.6512708333331,-491.13609999999983,-510.8896874999999,-466.41088333333323,-500.3509208333334,-573.2231249999999,-577.2750999999998,-590.1845249999999,-655.8905208333333,-721.2792541666666,-706.1701458333331,-641.1361458333333,-649.1832291666668,-602.9429791666664,-602.4289583333333,-581.2182833333334,-601.8092583333332,-565.7131249999998,-505.1406125,-467.6529083333333,-431.32416666666666,-390.0672083333333,-332.69123749999994,-284.8791666666666,-234.96499166666683,-200.24580416666691,-161.46322916666668,-70.11118333333326,-25.1869375,18.987291666666692,81.30640000000005,138.73838333333333,196.55354166666655,252.74265833333317,291.2076208333333,362.55,437.13324583333304,435.4524791666666,407.7108333333332,422.93144166666673,453.7935541666666,452.4295833333333,445.53509583333334,435.0644166666666,464.29833333333335,465.25840833333336,471.0292875,460.1895833333333,481.32200833333343,470.9530666666667,417.15,439.1780041666667,472.9003958333333,470.0337499999998,468.2809541666667,450.0010374999999,428.0654166666667,432.6424374999999,440.25062083333336,454.8833333333334,460.9508666666666,482.1562708333334,477.23833333333334,456.863575,445.3087958333333,466.90541666666655,455.24664999999993,422.7591,361.02,396.95896250000004,423.4199166666666,408.46291666666656,400.4867416666667,406.7884624999999,431.87999999999994,396.03028750000004,384.731175,401.2454166666666,433.2062166666667,397.37766666666664,394.48833333333334
396.3773583333334,401.1327541666666,416.52166666666665,426.7891666666667,436.4388499999999,405.06958333333336,404.9248666666667,420.8528916666667,438.41125,454.98331666666667,414.23358749999994,411.9175,413.73057499999993,443.9147333333333,446.40458333333333,445.71411249999994,448.7574291666667,454.9845833333332,453.2460166666666,432.243025,437.7270833333334,444.5521708333334,440.23125416666653,443.34000000000003,436.43433749999997,438.94320833333336,429.2604166666666,431.38054999999997,432.04909583333335,439.78291666666655,457.4377166666665,476.52048333333335,461.58125,449.5862958333333,455.7573875,457.9716666666666,439.2825958333332,441.0460541666667,440.0008333333333,466.67523749999987,483.1266500000001,479.79635416666656,421.3955749999999,347.9666041666667,295.9851041666666,256.99145833333324,190.11359583333348,138.45093750000012,73.24628333333317,-1.0055916666666462,-63.202708333333135,-110.7336916666668,-114.11613749999998,-119.69187499999987,-154.51054166666665,-190.30422916666657,-213.12354166666677,-219.9510791666669,-234.97829583333316,-244.5816666666667,-316.1804791666666,-391.9708083333331,-424.5643750000001,-432.94463333333306,-481.27040833333314,-505.84145833333315,-489.56456249999997,-515.8971458333334,-545.2859374999998,-538.3553458333332,-577.6198333333333,-663.3262500000001,-690.295075,-618.9846624999998,-528.5188541666666,-560.2910416666668,-548.2955958333331,-566.6336458333333,-550.2357375000001,-564.9645124999998,-520.1061458333331,-459.17512083333327,-437.0923458333333,-409.83604166666663,-342.0438791666666,-275.71597499999984,-253.52458333333323,-226.4100541666669,-186.75552500000015,-128.03520833333334,-37.86576249999996,-9.404929166666648,18.08468750000003,72.46305416666672,122.61524583333335,178.74197916666662,251.92622499999982,303.54774999999995,370.0519791666666,429.5770708333331,427.02859166666656,412.5345833333331,433.21169999999995,465.7913249999999,461.27583333333337,441.82067499999994,436.2118291666666,474.37416666666667,452.08820833333334,461.86878750000005,469.28666666666663,454.6151958333335,447.22270000000003,434.8283333333333,440.59195833333337,456.51287499999995,462.49374999999986,464.88965833333333,446.4000791666665,425.80916666666667,435.9800874999999,454.90835000000004,471.59375000000006,452.7570999999999,457.0505666666667,460.1429166666667,455.2679791666667,439.01777500000003,446.11958333333325,446.61418749999996,432.8044041666667,371.0575,383.9261916666667,403.2867333333333,403.1987499999999,400.66575416666666,397.76394583333325,415.1720833333333,392.38143750000006,389.89407916666664,397.9262499999999,425.30662500000005,449.87565,541.4529166666666
571.1746666666668,563.22415,565.3841666666667,575.6521749999999,584.1693833333333,560.0891666666666,591.5564125,587.2411416666666,557.9375,604.852225,594.4017875,581.97,570.9303041666667,600.8753499999999,614.0425,621.97695,616.936325,610.8079166666665,616.9623499999999,589.6932708333333,578.5295833333333,598.192275,608.6733166666666,609.2104166666667,591.9306416666666,597.6498791666668,597.8595833333331,591.9553,593.4730208333333,612.8970833333333,626.2126374999999,633.9334708333333,600.5570833333334,570.2766958333333,660.9258166666666,806.6799999999998,830.2538083333332,824.6839708333333,818.2744791666667,831.3621541666666,794.5786416666667,731.7751041666666,681.8191833333333,644.0992083333334,593.2340624999998,518.9529333333332,572.0903958333336,726.1515625000001,676.7160416666665,560.7731083333333,502.5556250000001,466.94631666666646,425.26098333333334,355.3615625000001,308.04621666666657,263.0761166666666,223.04802083333314,226.90045833333306,200.31178333333338,166.49854166666663,116.48882916666668,38.597558333333495,-16.294791666666924,7.0810250000001815,-18.12692083333326,-47.18520833333321,-24.9142958333332,-81.14295000000004,-157.45958333333311,-141.69040416666667,-173.80056666666647,-280.26156249999997,-320.57259583333337,-234.64128333333326,-130.2060416666667,-186.0975083333334,-136.27023333333312,-62.71625000000006,-17.966454166666722,-53.505175000000065,-37.66468749999987,14.214858333333382,54.79468333333338,98.15604166666657,139.22814166666666,181.46502500000005,204.15343750000002,234.0698874999997,261.7105458333331,297.29958333333326,375.1995958333334,419.73535,473.6940625,528.0313875000002,574.0784249999999,631.6930208333333,699.2546249999998,747.2270541666667,809.2813541666666,860.7238374999998,909.2930916666664,980.8840624999998,1024.6427625,1039.3705958333333,1035.8344791666666,1046.6843916666667,904.4290249999999,727.1341666666667,711.5518333333333,753.3792416666666,731.00875,732.7153291666667,729.7025958333334,699.4175,720.37295,737.1632666666667,721.5899999999999,725.0390541666667,723.7489624999998,716.3754166666666,720.0954958333332,715.9618125000001,716.5366666666666,712.7620499999999,728.5387791666667,727.8216666666667,722.9571375,702.1753458333334,708.1462499999999,721.4335124999999,665.8241583333333,532.94125,542.6873375,561.2726041666666,540.8433333333332,545.1925666666666,555.8281333333332,574.6254166666666,544.9604791666667,543.1642166666666,563.9208333333332,594.4396916666667,548.5747916666667,546.0470833333334
566.2133583333333,588.1528,584.6233333333333,582.3728541666666,588.7144874999999,565.4395833333333,567.8053625,563.3954791666667,584.2120833333333,586.1918958333332,566.4400583333334,585.5095833333334,589.0781999999999,606.7321374999999,587.8254166666666,609.6295833333332,605.71915,590.3945833333332,604.1740083333333,603.6671916666667,583.1141666666667,580.6915666666666,602.6229458333332,616.3416666666667,606.1811166666666,598.4662500000001,601.7099999999999,603.0644958333332,601.5928708333333,606.9820833333333,612.0477374999999,618.2985083333332,601.0079166666667,598.4458499999998,691.8056666666665,809.2249999999999,812.0563083333334,784.4606958333334,797.8977083333333,826.1904416666665,807.4178541666665,734.306875,677.4245374999999,634.2868374999999,559.3435416666665,482.47995833333323,551.2335666666668,713.06625,637.9704374999999,547.6613041666667,548.3195833333334,496.7983916666664,420.54398749999996,317.03093750000016,305.1276916666665,287.7162166666666,252.4858333333331,264.13813749999974,222.17751666666675,196.90833333333313,152.3463083333333,79.87121666666673,6.277291666666713,-49.140462499999956,-57.47783333333331,-92.88427083333323,-112.43370833333324,-142.59567916666663,-185.28854166666667,-187.8554291666668,-158.7447499999999,-171.64520833333322,-211.73744583333317,-184.36819166666658,-177.62906249999997,-217.9175958333333,-160.29574999999983,-86.94333333333338,-106.48007500000011,-104.6344166666666,-39.40437499999996,-39.10957499999975,-21.74351666666658,59.026250000000005,91.70413750000003,112.71391666666682,157.1947916666667,210.65837499999975,277.79994166666665,332.8459375000002,378.28644999999995,425.2107583333334,458.4917708333335,514.8024291666666,592.0233083333335,663.2947916666667,710.8067083333334,762.0799833333333,818.4140625,872.6703375,927.4761541666666,980.6971874999999,1023.9497916666667,1032.1556291666666,1020.4558333333333,1032.3790541666665,922.6568333333332,742.1283333333333,701.2806416666666,719.8990666666666,704.7316666666667,734.7631500000001,733.3677458333333,688.1170833333332,719.1865166666666,739.1806583333332,719.5649999999999,747.7585791666667,740.8086999999998,712.1220833333332,699.6847541666666,708.9750458333333,723.3533333333332,716.0972666666667,720.1838541666667,718.97375,753.0989791666666,744.4350874999999,696.6399999999999,708.4929666666667,661.3284291666666,535.7716666666668,545.9381458333332,569.7406083333333,563.2241666666666,555.8596791666666,561.1813166666667,557.8133333333334,534.6567333333332,520.9584791666667,555.6162499999999,570.1539541666666,548.1636374999999,567.9654166666667
558.8415833333333,580.3493249999999,602.6183333333333,604.5840916666666,583.1524833333333,549.4849999999999,554.9586041666665,591.0475666666666,587.6658333333334,586.023775,572.0805124999999,565.1387500000001,569.6448166666667,586.8148833333332,593.135,603.1470708333334,609.57505,601.1179166666666,579.5740041666667,584.5525166666666,591.4166666666667,601.1803416666667,627.6276333333333,624.6075,595.0903375,585.4698125,607.32,610.4554374999999,598.7829583333333,598.0795833333333,607.7095791666666,644.0653625,636.10375,615.0109666666667,682.4482583333332,823.0095833333332,828.8683791666665,807.782325,823.5687499999999,834.3763583333333,798.6947249999998,751.0002083333335,692.0355541666667,652.6369583333333,606.3941666666668,531.1910708333332,595.6013166666668,765.9564583333332,704.4315541666664,591.2330041666667,564.7479166666668,525.3215791666667,474.8346583333333,393.51593749999984,342.35024166666665,330.1849041666666,321.5220833333333,267.3133916666667,220.5441333333333,174.80041666666673,142.26674583333312,94.09090000000003,80.27135416666664,25.532212499999957,13.907683333333466,-25.725208333333285,3.084504166666477,-44.463987500000144,-113.81145833333329,-74.81717916666668,-51.46482500000005,-140.4014583333333,-196.94789166666658,-217.2430791666667,-225.99802083333338,-240.08206666666675,-170.22291666666646,-74.22843749999998,-55.17484583333339,-93.22989999999999,-68.05010416666656,2.8702250000002323,45.214354166666794,68.94531249999994,97.7288124999998,151.42920833333307,147.75041666666672,178.56378749999982,263.06424166666665,329.8670833333333,359.2833791666667,395.75969166666664,461.4076041666667,520.7672166666665,609.4494041666667,685.2086458333333,703.6712625000001,761.5255999999999,816.8529166666667,866.1383291666668,932.4565749999999,975.6185416666666,1006.5892791666666,1027.1536875,1016.7046875000001,1062.4790749999997,926.1551,729.7883333333332,720.9489083333334,735.6214,693.2029166666666,731.8373958333334,741.2244499999999,707.3683333333333,720.2518791666666,733.5102916666666,721.9220833333333,719.3816875,712.6060249999998,716.4741666666666,725.9731458333333,740.6804583333335,722.6333333333332,710.9618791666667,723.4304875,747.4899999999999,737.2887208333334,715.5362041666666,703.6716666666666,729.0601708333334,671.8564499999999,508.6604166666667,541.0612458333333,581.0301499999999,542.43625,546.7766541666667,557.7145916666667,553.25125,537.9785458333333,555.834525,572.0316666666666,574.1400958333332,549.0864208333332,554.8558333333333
559.1903,573.3291749999999,586.8266666666666,588.4017875,575.5512624999999,558.8020833333333,574.6421,597.1154833333333,599.8295833333333,607.5397958333333,574.9634583333332,567.5133333333333,579.01785,580.3115625,580.3454166666667,600.2602833333333,618.0878791666667,608.41625,573.9710666666666,572.3989541666666,582.4825,600.3193833333333,615.0745833333332,612.2958333333333,616.0907541666667,615.9938708333334,610.5720833333332,600.2614958333334,595.0134791666666,592.01625,611.1982874999999,629.2671625,609.6033333333334,611.2817583333333,676.4295875,800.4541666666665,811.9947166666667,800.9153791666668,801.9720833333333,825.9873749999998,818.3637083333333,766.4317708333332,694.3028666666667,651.2471041666665,613.8883333333333,543.8961083333334,606.8611125000001,773.9485416666666,729.2335625000001,652.9039125,589.3892708333333,543.7378291666666,519.6574541666666,454.18354166666654,418.7864708333332,402.20901666666657,387.45364583333355,336.1378541666665,253.0864375,204.07072916666675,197.85662499999975,164.58192916666673,72.63687500000003,12.992074999999943,9.88412083333344,-23.850416666666547,-0.5561875000000782,-20.018020833333424,-56.707812500000074,-28.629229166666732,25.945324999999997,-46.25802083333326,-118.66848333333323,-129.1235916666666,-118.29458333333338,-116.17050416666672,-89.23399166666658,-74.9075,-19.050941666666688,2.0097083333332364,13.328749999999786,-19.93352499999986,9.347370833333457,52.138020833333485,96.06957916666656,145.1326125000001,219.24895833333326,297.96109583333305,353.02498750000007,379.16791666666654,407.6076750000001,442.45449583333345,492.3235416666667,574.6261708333334,633.4568708333334,675.3178125,703.4142625000001,751.2290458333334,821.6677083333334,883.8725333333331,927.9517249999999,964.7979166666665,1017.0771208333333,1056.6530333333333,1015.5643749999999,1034.0821541666667,917.6619541666664,728.6070833333333,737.0160208333333,746.8501,701.0479166666667,746.2770083333332,754.8162583333333,701.7558333333333,694.225475,719.4916875,728.9999999999999,737.0866458333333,717.1793374999999,695.6879166666666,697.9338,712.2983708333333,711.3645833333333,697.1892166666667,738.6331041666666,773.7058333333332,724.3348458333335,705.282675,733.8620833333333,749.5885874999999,682.0132291666666,547.1916666666666,535.0963125,574.8980416666666,569.7483333333333,531.2505958333334,529.296025,553.4175,539.4497,550.0753499999998,581.5470833333333,543.052025,526.1253541666666,549.88
555.6945249999999,556.9939916666666,592.9666666666666,569.7297,566.6832416666666,568.0670833333332,577.5647249999998,595.4816583333334,594.4637499999999,595.7991541666667,580.2580124999998,586.9458333333332,580.7924499999999,582.4427499999999,592.7666666666667,598.5728708333334,606.9554291666666,604.7054166666666,580.4066208333334,582.4470416666666,574.8554166666667,603.4253083333333,622.1790541666666,609.9358333333333,605.2672458333334,602.1347166666666,601.0858333333334,606.1178083333334,585.3558208333333,592.8658333333333,614.7168125,624.3112041666667,607.31375,593.7275625,676.2769958333333,790.92625,816.8892625000001,803.1884791666668,803.343125,831.8556791666666,827.9694541666665,791.1372916666667,713.6956291666667,658.6812791666666,640.6809374999999,552.2529333333333,605.5907083333335,758.2660416666665,754.2361083333333,678.9960083333333,640.5136458333332,552.8405333333333,514.8723250000002,517.2567708333333,423.0608208333334,364.1342208333334,343.7328125,276.6703,197.23467916666678,109.86770833333341,54.57027499999984,33.54016250000001,48.146979166666654,57.36401249999989,-4.540616666666779,-93.67343749999992,-141.1104541666666,-116.09689583333324,-124.45739583333346,-112.77578749999998,-112.1876541666669,-143.78677083333343,-143.32454166666668,-130.2075875000001,-137.21864583333328,-142.1709000000001,-111.5593999999999,-96.06708333333336,27.5170374999999,33.67534583333327,16.755624999999952,33.30903333333339,25.075916666666558,32.510729166666636,109.2032333333334,195.0932625000001,259.12208333333314,282.2869625,300.4498083333332,346.58406249999985,395.84731250000004,439.7553416666666,496.2072916666666,574.1461,616.7474125,671.2227083333333,723.6379375,778.54195,827.8796875,871.3775875,927.9727999999999,979.8091666666664,1017.4481791666666,1023.8722125000002,1008.2217708333333,1058.7793208333335,937.9124374999999,734.8991666666665,687.6826125,723.5230583333332,725.0729166666666,745.6072458333333,729.4480541666667,690.4395833333333,698.6781958333333,716.5992916666665,708.7308333333333,726.5975458333332,736.1782208333333,745.4879166666667,746.3744374999999,743.7037500000001,713.3054166666666,688.50695,708.1041583333333,740.7916666666666,724.1824333333332,731.1332666666665,728.0641666666668,776.8793625,694.0317875,523.4454166666666,504.68375833333323,547.1029791666666,561.6674999999999,543.9422541666668,550.3248375,548.9416666666666,565.9955541666667,557.7410416666665,541.1895833333334,552.1293166666667,515.4517958333332,432.9429166666667
401.7049791666667,392.05325416666665,432.5533333333333,410.5297666666666,414.29487500000005,413.0691666666666,433.36417916666664,446.1162166666667,429.2562499999999,428.8603875,418.4352166666665,425.6233333333333,437.45372083333325,420.6569708333334,432.4716666666666,439.96500833333334,448.01524166666667,429.42749999999995,415.43668749999995,435.7214958333333,454.65666666666664,424.21920416666654,427.99454999999995,449.92625,445.3015916666667,439.10654166666666,415.5816666666666,450.3792791666666,459.6209958333334,434.46000000000004,446.35836249999994,459.16875833333336,438.05208333333337,443.988625,460.9822833333333,468.7579166666666,439.8563333333334,452.2779458333334,473.4830208333333,456.1928708333335,488.0008166666666,521.9798958333333,452.37660833333325,380.7170791666666,376.7359375,317.2551291666666,227.50366666666685,162.64791666666656,123.84146666666686,97.72118333333333,14.756770833333348,-51.08204999999987,-45.215024999999855,15.30135416666667,-72.6222791666666,-125.55580416666658,-161.74427083333308,-216.46140833333345,-250.21109166666668,-311.5581249999999,-368.5213791666665,-373.09560416666665,-388.3864583333333,-385.42162499999995,-425.3794541666667,-470.0234374999999,-519.5939791666666,-496.4211708333332,-518.1522916666665,-556.0311291666666,-564.4926416666668,-557.06125,-563.9356458333333,-576.7054374999999,-599.260208333333,-576.0605916666666,-541.5180541666667,-583.4478125,-513.4080708333333,-510.54335416666675,-505.12906250000003,-453.81343749999985,-443.3370416666667,-385.82489583333347,-329.8179749999998,-262.24821249999997,-207.0339583333332,-152.04973333333334,-97.2059333333334,-77.03208333333362,-53.63010416666657,14.080645833333392,96.76333333333338,151.92060416666664,175.36907916666667,211.4271875,274.900975,329.11204583333324,367.71531249999987,437.8244375,457.47781666666674,417.23708333333343,451.0184374999999,476.0767708333333,468.66708333333327,460.1813125000001,454.86022499999996,446.98125,441.0961500000001,445.16874583333333,445.1291666666666,480.81874166666654,460.7426333333333,413.9574999999999,460.6296541666666,476.3207666666666,459.1375,472.8499375,479.0268333333334,470.2320833333333,473.9125666666667,469.7354416666666,457.14083333333326,443.2051458333334,456.14965416666655,467.48791666666665,461.42987499999987,478.59681249999994,459.55666666666673,487.23704166666664,446.71383333333324,381.3949999999999,381.50657083333334,409.1970333333333,393.37166666666656,404.96107916666654,415.9526916666667,401.9054166666666,409.166125,397.52260833333327,373.39916666666664,384.38899166666664,418.6153416666666,417.6741666666667
401.032425,389.5926958333333,438.9112499999999,413.2646958333333,415.430375,415.1674999999999,425.8272833333333,444.4176041666667,443.75583333333327,436.8053958333333,416.10259166666657,421.6283333333333,434.21249583333326,420.6222541666667,432.265,430.9182625,447.08713750000004,445.0787499999999,421.0172083333333,429.7075041666666,451.9683333333333,429.74607916666656,428.5811208333333,437.06666666666666,433.7670625,443.1126291666666,428.62583333333333,446.37661666666656,451.0267666666667,437.7366666666667,445.1616624999999,453.038725,434.0804166666667,439.0849625000001,454.9267791666666,462.77041666666656,431.126025,432.90714583333335,446.3907291666666,441.65650833333336,487.6258791666666,520.1212499999999,436.5346958333332,353.80330000000004,348.4019791666667,293.07936249999995,212.24332083333343,152.29239583333322,100.53700416666675,45.91014166666673,-54.53010416666666,-99.7604,-84.24664999999993,-32.415937499999984,-108.2243708333333,-145.7794833333332,-172.89270833333302,-216.52283750000004,-247.70366666666672,-310.84197916666653,-354.8662333333332,-332.61523750000003,-337.47114583333325,-373.50766249999987,-451.1272541666667,-506.3099999999998,-557.8152375,-537.9120458333332,-550.3136458333331,-554.5796291666665,-581.7083708333336,-615.9411458333334,-577.2761458333333,-533.0752791666666,-544.3757291666665,-538.83805,-506.4141625,-530.3915625,-455.0916541666666,-457.26378750000003,-458.6830208333333,-413.9732333333332,-419.67262500000004,-370.6585416666667,-288.54502916666644,-211.97277499999996,-179.45552083333325,-143.36781250000013,-95.92173750000006,-66.44510416666685,-17.67871249999979,49.482766666666635,106.82343749999995,152.70169583333325,169.94978333333336,202.37635416666666,282.15730416666656,355.62483749999996,395.37677083333324,443.53852916666676,456.25763750000004,429.1641666666667,465.80364166666664,485.77037083333323,471.4063541666666,454.8560541666668,451.3413041666666,443.75624999999997,417.56864166666674,427.27605416666665,443.8995833333333,450.7895749999999,440.80240416666663,434.6470833333332,457.485775,454.64586666666656,452.20375,468.3576625,462.9380625,447.37333333333333,465.71715,471.54493749999995,454.7266666666666,436.47441249999997,445.07752499999987,454.60125,453.9801708333332,472.85058749999996,455.0041666666667,497.0101125,467.05879583333325,397.9970833333333,385.7962166666667,406.38529166666666,391.4699999999999,402.4488583333332,404.42588333333333,381.5483333333333,397.6671083333334,406.31724999999994,384.6166666666667,367.4604708333333,456.8348083333333,565.1941666666667
563.3483916666667,541.1648708333333,596.6966666666666,565.0434833333333,563.6869833333333,575.2562499999999,604.6140875,612.2606666666667,585.7849999999999,589.0750291666666,579.5332208333332,582.2637499999998,597.7778625,582.1842208333334,592.51875,606.6020291666666,617.7540666666666,595.6179166666666,579.0885833333333,592.8887333333332,609.62375,595.0825333333332,604.3431916666666,612.57125,597.7878,609.5081791666667,604.5279166666667,609.1799749999999,607.4457416666667,604.5695833333334,618.1924833333333,620.145025,574.9233333333334,550.3869291666667,658.1134166666666,818.7587499999998,805.5020583333334,799.3325833333334,831.3083333333333,807.5273291666667,802.0909333333332,791.3012499999999,716.1575541666666,671.6059458333334,671.86875,565.6301125,586.9199041666668,732.9580208333332,719.6882916666667,641.1039791666667,548.7721875,518.3223874999999,487.5112416666668,460.30781249999995,369.0220125,328.0339,289.6661458333336,256.60750416666656,210.16639583333327,121.14197916666674,101.69587500000006,117.01901666666663,74.05187499999994,54.3123250000001,0.22668749999985494,-59.45208333333318,-129.75114583333323,-119.54420833333307,-123.72364583333317,-113.4836083333334,-146.1552166666668,-208.46281249999998,-193.42147916666664,-135.61365000000006,-123.48020833333308,-140.54481249999992,-105.02275833333337,-84.3809375000001,18.523195833333375,24.66502916666647,18.833541666666605,52.72570000000019,57.86218749999992,125.55052083333308,192.63390416666684,255.90973750000003,295.3183333333334,342.66836666666654,399.6196458333333,428.3706249999998,460.5899208333335,520.6531416666667,582.4881250000001,624.6344125,644.4828958333333,678.2476041666666,735.2364541666666,799.7474291666666,842.8086458333332,877.7433833333334,937.8536958333333,998.9083333333333,1055.6744541666667,1058.7033833333332,1050.5048958333332,1061.1167708333335,925.5420166666667,710.4549999999999,680.7766708333334,717.222825,713.0670833333334,743.6539874999999,726.6025583333333,686.58125,734.4862958333332,739.4332749999999,708.92625,725.0545875,743.2564583333334,747.6379166666667,759.5173291666667,746.8311583333333,715.9662499999998,695.5743958333333,713.4000333333332,732.8945833333333,728.7547208333332,734.8299916666665,711.5966666666668,761.6851666666665,690.1790916666665,549.5804166666666,523.9476125,552.2268416666666,536.7666666666665,548.4515166666665,556.7997166666667,538.0070833333333,543.8066166666666,541.6229874999999,529.9883333333333,539.4859041666666,568.7742499999999,559.7333333333333
577.4392875,581.5013375,586.7666666666667,557.9023583333333,559.8013416666666,567.2783333333332,582.6485083333333,582.0683999999999,582.7662499999999,546.6374083333333,570.4208291666666,612.7204166666667,595.682375,572.4636791666667,587.70375,597.2217499999999,603.1472458333333,586.8899999999999,572.8796124999999,594.6888999999999,604.9875,573.5082041666666,585.1385916666666,632.8195833333333,618.9355708333333,609.7870375,596.8083333333334,611.9864291666665,622.3840958333333,601.0916666666667,598.9845,600.9500499999999,595.9225,599.8646125,679.7654958333333,817.4716666666666,831.5440666666666,806.7054416666667,801.5348958333333,823.4114833333333,829.6471791666667,787.1535416666667,716.056475,664.1665416666666,644.24375,558.7607458333334,595.6598625000001,748.5702083333333,692.9358208333333,642.6413625,644.8217708333332,569.2820749999998,524.71125,482.49104166666655,421.75998333333337,368.1188666666668,316.9541666666667,270.4878333333332,226.7975541666666,179.79510416666662,132.7176750000001,108.58217916666666,47.093645833333426,65.35610833333334,30.06449583333324,-39.638958333333335,-74.27569166666677,-77.56541666666675,-112.98781249999985,-131.02939583333313,-161.0909583333335,-169.89291666666676,-188.09349999999992,-185.43146249999995,-153.36874999999975,-145.43595833333322,-126.37072916666648,-81.62604166666657,-11.165250000000071,12.634595833333464,41.952708333333135,41.52904583333341,64.41953749999979,107.02218749999989,146.8379958333335,192.50954166666676,258.35968750000006,304.02679999999987,357.6100333333334,428.65354166666657,450.7902125000001,513.0737333333334,567.1228125000001,611.5765916666667,657.4850999999999,685.4302083333333,765.9928166666666,815.6116208333332,860.3872916666664,913.8717916666665,947.5475041666666,997.5889583333334,1057.7807874999999,1037.0176958333334,1029.6087499999999,1050.8169416666667,926.2945333333332,723.9733333333331,673.3232291666667,702.4731625,720.12875,743.2456458333332,728.9170958333333,688.3199999999998,727.2282958333333,736.3257,718.5416666666667,740.0956708333333,756.9210125,746.95625,738.9272208333333,730.8835499999999,718.5366666666667,695.2799083333333,700.7206124999999,722.2116666666667,722.2646166666666,731.1362541666667,730.6841666666667,752.6173,678.74885,563.0558333333333,546.8553416666666,556.1441458333334,534.8908333333333,559.9238083333332,570.2238291666666,548.0762499999998,554.8567958333333,560.4552208333333,548.0266666666666,555.1794333333333,576.0556541666666,557.2391666666666
579.447625,564.9737666666666,582.2633333333333,561.9671083333333,569.37885,576.1070833333333,580.0620833333332,574.3265083333332,564.6795833333333,560.1304416666666,587.7187666666666,598.4129166666667,571.1955875,559.6040708333333,591.43125,593.9615041666667,606.3716499999999,606.8170833333332,572.3447541666666,585.37295,608.80125,603.3841833333332,607.5827041666665,603.6920833333334,582.2705666666666,572.9648708333332,596.12875,616.4187374999999,613.4724375,589.7983333333334,622.8354916666665,636.1054583333333,642.33875,580.1745416666666,652.4292125000001,807.21625,810.0486833333333,797.3901083333333,837.7731249999999,828.7802375,819.0981666666667,789.2320833333333,725.0827458333333,665.8051041666666,655.9947916666667,550.3017583333334,590.4053833333335,761.5722916666666,709.1238291666666,628.5509458333333,604.8109374999997,528.5013666666666,489.54117083333347,461.35927083333314,418.9246833333334,377.31786250000016,340.36718749999983,292.04265416666675,252.4348791666666,228.0362499999998,189.32157499999985,124.53771250000003,85.1577083333334,87.30222499999991,48.373549999999966,-32.05645833333341,-31.042462500000113,-39.76424583333352,-94.10124999999982,-91.93028749999985,-145.86307916666684,-241.518125,-256.38629166666686,-241.05420833333346,-214.9813541666665,-161.89470833333326,-142.43471249999988,-80.96291666666647,10.29849999999999,2.795504166666518,1.709583333333427,72.52303333333344,79.39981666666657,79.73343750000006,148.23805833333327,194.42692083333338,238.83104166666675,261.2724875000001,291.2157374999999,372.26447916666666,408.1341541666669,449.8516208333333,538.4897916666667,564.6461333333332,614.8067333333333,682.9333333333333,742.0265833333333,786.7397874999999,842.5844791666666,907.280575,954.2560833333333,999.8676041666665,1034.7993166666665,1019.9931625,1037.5526041666667,1048.2087583333334,924.6818916666666,712.9545833333334,678.3958999999999,703.3044208333333,708.9712499999999,713.3949291666665,707.0034499999999,693.3920833333332,717.4831458333333,731.9388083333333,728.4462500000002,728.3961166666667,736.2580875,734.29375,725.9700499999999,725.121775,728.7362499999999,721.662425,702.4760249999999,700.1283333333333,723.2201625,742.0459541666667,729.9204166666667,755.1806,663.6047249999999,527.0241666666666,561.2130749999999,580.3503125,553.8920833333333,555.8390416666665,545.153525,527.4549999999999,570.484425,588.645825,557.1383333333333,539.1120416666666,552.4970541666667,562.2979166666667
567.0330333333334,546.3642541666666,572.6108333333334,556.0419,556.9783124999999,582.5433333333333,590.6934416666667,588.6718,578.3654166666665,567.1747958333333,578.8836416666666,570.7366666666667,597.8369458333334,575.4643583333333,553.8275000000001,585.3018291666667,602.7730333333333,590.5175,596.0219833333333,592.5907874999999,595.7562499999999,592.1760958333332,587.5339999999999,603.1775,605.635575,616.8383958333334,611.4954166666666,624.9625624999999,624.0236625,596.8916666666665,626.7405041666666,621.1323625,590.7866666666665,576.4536416666666,638.0465499999999,770.0133333333332,826.0632458333332,804.7072999999999,814.6342708333333,810.7811166666667,820.1061375,784.2412499999999,712.5274458333333,646.5922833333334,637.7341666666666,560.0123083333335,609.0279708333334,755.7774999999999,730.7057416666667,685.6573999999999,635.8621874999999,602.6500458333336,564.6762666666664,503.2826041666666,435.10799583333323,391.7565250000001,374.8775000000001,330.8579249999998,268.6339166666666,233.4398958333334,215.8700874999998,138.83609166666673,116.42187500000011,92.83549583333331,35.38605416666661,-42.56249999999994,-40.065441666666516,-12.018545833333349,2.1280208333334087,-0.15824583333323972,-45.33972500000013,-162.0109375,-198.8357208333335,-199.3321791666667,-195.9099999999999,-176.57537083333315,-178.43800416666642,-123.94552083333329,-20.662400000000048,-26.150216666666466,5.7268750000001205,70.1405458333331,126.1626916666666,147.3356249999999,134.8029958333335,166.61335833333348,214.16614583333347,246.90709166666673,266.28407499999986,319.29927083333337,411.9923625000001,489.6773666666667,518.6029166666667,549.3035166666666,604.4938375,682.0464583333334,738.7958541666666,786.0453583333331,830.3292708333333,916.7301458333332,972.8628208333332,1018.3019791666667,1043.1420458333332,1032.1433291666667,1028.2696874999997,1054.4408958333336,922.7670374999999,718.3925,684.3707083333333,708.7926,712.8033333333334,727.4690625,726.3060208333334,705.0974999999999,696.7460416666667,720.9204791666666,742.4991666666665,742.2866958333334,729.9950791666666,710.2025,705.3305291666666,712.5553625,728.0525,731.1133291666666,714.3254666666667,709.5516666666666,704.1439583333333,728.8527625,735.8062500000001,747.0531958333333,668.574675,563.2120833333333,548.1956083333333,571.4889875,568.0899999999999,556.4618333333333,549.0248208333334,541.9666666666666,552.2547958333333,562.4775791666666,531.9083333333334,525.4655958333333,534.7087499999999,549.0829166666666
571.1733291666666,575.8010916666666,576.7937499999999,576.8069708333334,579.4267458333331,586.5041666666667,584.9481791666667,581.400725,575.9945833333333,558.3045749999999,582.6803624999999,617.4116666666666,603.8275333333333,577.5586041666666,570.9379166666666,580.3038375000001,590.7147958333333,610.2166666666667,608.4480958333334,612.2000499999999,611.4833333333332,580.1857291666665,572.8006333333333,603.8754166666666,607.9615833333334,588.5362499999999,585.9325,613.6669708333334,615.7740333333334,594.0262499999999,626.4187166666666,608.0662749999999,571.6366666666665,580.76735,662.9784791666666,800.1520833333333,816.8693916666667,790.7901166666666,804.9030208333332,821.4256333333335,846.6654916666665,779.4324999999999,710.9215125,678.8181374999999,615.6515625,542.9371666666668,624.2460458333334,771.7784375000001,708.8498625000002,667.5102916666665,615.9176041666666,570.1177125000002,530.4657541666667,466.9991666666666,365.2021583333332,317.07984166666677,299.43385416666683,234.82728333333316,170.08231249999992,136.18104166666663,90.38692916666656,37.00454166666674,88.49416666666673,102.56273750000014,50.33133333333342,-16.02593750000011,-4.141866666666601,-27.83704999999992,-30.83760416666661,-46.04837916666668,-96.05684166666668,-116.78625000000011,-139.48634583333325,-132.94286250000002,-121.97104166666648,-115.84413750000022,-73.15226666666658,-39.00239583333317,-18.293533333333414,11.157433333333643,54.724479166666754,76.99221666666642,109.63646250000005,136.34218750000002,145.01744166666668,189.85438333333332,278.3289583333334,285.0141458333332,318.796375,390.98979166666686,444.1251333333332,474.50930416666665,499.06406249999986,574.4668499999998,626.3431124999998,658.5029166666666,727.6015791666666,788.7074375000002,857.4441666666667,915.4718083333333,963.9887499999999,1010.9155208333332,1042.4775124999999,1021.5317333333332,1019.7651041666666,1064.1401208333334,954.3761208333332,712.0879166666667,651.4987083333334,685.1342249999999,709.5754166666667,711.0496833333333,718.7563749999999,719.7833333333333,728.3023833333332,706.2851291666666,716.0341666666667,728.4706708333333,731.3260583333333,714.6524999999999,725.4471083333333,741.1136958333334,739.9070833333334,712.8729666666666,724.5682833333333,736.42875,718.4281916666666,716.5106125,739.8183333333334,762.4256875,666.6190083333332,532.2133333333333,533.6230875,559.6475458333333,549.5745833333333,556.1950458333332,564.4325999999999,561.9004166666666,596.1965541666666,583.255675,529.3254166666667,544.008525,495.9678374999999,403.99625
399.4051666666667,417.79951249999993,423.4520833333333,419.9725791666667,434.7815833333333,447.3916666666666,435.62042083333336,432.3694791666667,419.63624999999996,400.9690999999999,442.8519583333333,448.9004166666667,437.98920833333335,413.47472916666663,408.81874999999997,436.4474541666667,435.22535416666665,431.7570833333333,440.0123125,462.7367791666666,453.05833333333334,437.567675,416.4879625,438.65291666666667,431.6539708333334,415.78912916666667,429.9483333333332,461.39484999999996,462.2491041666666,430.96791666666655,463.1830041666666,456.0117708333334,445.19833333333327,458.19236666666666,470.8851916666667,445.4308333333333,431.91546666666676,432.9457083333332,465.3608333333333,459.94893750000006,488.88722083333334,502.6059374999999,468.7809624999999,430.5931333333333,374.255,306.02349999999996,251.2648916666667,200.81864583333345,169.07874583333341,146.93481666666645,81.38833333333326,-6.794174999999655,-0.5002625000000762,79.56625000000008,-16.508258333333174,-124.1588499999998,-153.60895833333313,-184.52770833333352,-196.45517083333328,-253.18854166666665,-331.3098375000002,-372.3774333333332,-364.29572916666655,-350.0225708333332,-352.7922124999998,-347.7122916666667,-389.2152624999999,-436.26004999999986,-449.0326041666665,-499.8441166666667,-499.26605000000006,-490.80250000000007,-535.5537291666666,-561.1708249999999,-566.5898958333332,-536.8819083333336,-509.0913416666665,-521.7027083333332,-525.6925333333334,-504.4761249999998,-466.64427083333317,-410.02871250000015,-349.20002499999987,-329.83458333333317,-328.6528083333334,-265.1149958333334,-174.60437499999983,-144.18129166666665,-118.29081666666661,-66.11729166666657,-18.823841666666794,35.52214583333341,89.85416666666663,159.62242916666668,193.74329166666655,214.33249999999992,270.88419999999996,366.9686999999998,424.8030208333332,481.4099416666666,487.1118791666666,446.41791666666677,454.005275,453.4454083333334,457.0723958333332,452.1406999999999,454.86486666666656,453.61041666666654,456.19230833333324,452.5988583333333,456.8591666666666,454.3763791666666,449.69970833333326,446.19583333333327,459.0357916666666,455.08497083333344,467.90541666666667,468.9031583333333,451.09767500000004,434.3429166666667,449.3184999999999,464.0631916666667,459.40999999999997,472.56036250000005,485.8267916666667,459.8791666666667,456.58461666666665,471.3112583333334,475.21375,465.5159458333334,417.1124833333333,384.54499999999996,376.24313333333333,413.0237708333333,407.25874999999996,396.9777166666666,389.1759458333334,401.79333333333335,411.2931749999999,401.70625,387.81874999999997,396.33166666666665,402.2277291666667,405.1216666666666
408.24312083333336,408.70274583333327,414.78666666666663,413.51243333333343,429.5424583333333,442.72374999999994,431.740225,436.3407,437.1695833333333,424.5832083333333,445.29041249999995,425.81958333333336,429.49486250000007,415.6116416666666,402.1675,429.5154291666667,433.35721666666666,433.0808333333333,441.4814,466.88899166666664,463.1820833333333,449.6983875,414.63069999999993,423.94916666666666,435.57585,433.43538749999993,441.23833333333323,465.2838,460.8523041666666,426.8741666666666,458.9549541666666,446.1306541666668,431.10041666666666,455.1554125,468.8345791666667,434.0379166666666,423.1048458333334,412.70552916666645,431.16958333333326,449.9078291666667,498.6797291666667,507.11291666666654,464.5907249999999,412.81273333333337,345.05833333333334,283.34245833333335,244.5180208333333,201.66041666666672,154.87047916666666,106.95720833333326,28.987812500000018,-42.571612499999674,-28.36214166666673,50.95135416666676,-20.729941666666548,-112.99283749999972,-146.85614583333302,-175.52172500000017,-167.47547916666656,-198.42791666666665,-266.7974875000002,-302.2418041666666,-300.07687499999986,-327.0300708333332,-383.69237499999974,-409.76656249999996,-441.38400833333327,-487.72617083333324,-501.34052083333313,-508.9928708333333,-517.5928625000001,-555.5397916666668,-568.1725624999999,-552.5952874999999,-554.3421874999999,-530.863654166667,-480.0057791666666,-448.2767708333332,-432.20759166666676,-413.7468749999998,-392.5166666666664,-361.1790375000003,-324.7717458333333,-309.7015624999998,-283.1030333333333,-224.66996666666677,-172.76041666666652,-158.24593333333337,-131.2944083333332,-67.96541666666656,0.5408333333331257,54.50449583333341,84.0436458333333,134.96988749999997,170.99996666666664,210.22312499999992,282.9322541666666,372.28232499999984,410.8855208333333,466.24852916666663,476.5880208333333,443.1796875000001,468.2398416666666,467.83371666666676,456.2990624999999,448.3118333333333,449.5147333333332,440.5058333333332,435.4484541666666,438.0309208333333,447.76625,426.3890541666666,434.23779166666657,463.9304166666666,462.8842041666667,446.4245375000001,464.9979166666667,457.39080416666656,431.59781250000003,418.66125000000005,443.47854583333327,466.17024583333335,466.0595833333333,482.2820083333333,486.7827375,448.87333333333333,450.23242916666663,463.78188333333344,466.04125,481.2461833333334,445.25990833333327,398.6404166666666,374.718525,406.39043749999996,404.67625,397.92948749999994,389.49900833333334,401.4375,418.3427083333333,422.8984708333333,403.58375,373.4826875,427.082525,541.1866666666665
570.814175,563.98115,571.0337499999999,566.9740750000001,589.3679208333333,614.9658333333332,601.1921500000001,586.0845125,567.8329166666666,560.8895791666666,605.3448208333332,603.19375,596.132475,572.6124666666666,566.1808333333333,604.2452041666667,602.36865,584.0566666666666,587.0366708333333,623.9788333333333,629.60625,602.4816833333333,573.0048791666666,601.655,599.4861958333333,590.2986166666667,607.3687499999999,626.1457583333333,619.1777958333332,592.5666666666666,629.90995,621.1670750000001,586.89375,563.7390875,662.5843291666666,792.4608333333333,802.600725,778.4964624999999,810.5370833333333,813.9419375000001,815.5296666666666,776.1472916666665,727.7060958333332,712.9913458333334,658.0159375,535.7283208333333,601.8189333333335,773.6355208333334,745.5062708333332,675.2297916666664,631.4595833333333,575.3856208333335,530.4160708333333,523.6191666666666,440.3292166666667,343.6026375000001,294.0697916666669,283.77911666666654,279.2332541666667,211.4048958333333,156.01663749999977,129.645125,126.52093749999997,128.13040416666684,111.30132500000022,97.48697916666669,35.663029166666774,-15.236362499999814,-2.9384374999998215,-16.93600000000015,-61.04880833333337,-145.12375000000003,-192.78914166666652,-162.52370000000005,-133.84145833333318,-137.52185000000023,-98.60459999999983,-41.84656249999989,-13.95313333333337,17.702837500000072,56.10489583333339,92.68137083333318,146.7693125000001,177.29510416666673,178.17037499999995,228.11573749999997,298.92385416666673,311.90712916666655,329.33541666666684,392.64822916666674,471.9663833333331,528.325475,548.5737499999999,593.7867041666667,632.5128124999999,671.7061458333333,729.3435041666667,821.6121708333332,870.1169791666666,909.8948916666667,975.7932208333332,1036.3064583333332,1054.3530999999998,1026.2063416666667,1034.6336458333333,1055.9208749999998,937.5773708333332,731.2791666666666,690.7785208333332,706.4755208333333,713.42625,719.1946166666667,716.3391708333332,708.6108333333333,725.819125,719.0943291666667,722.93625,727.4057583333333,717.3603458333334,705.4741666666667,722.6131166666667,734.8639916666667,725.4912499999999,737.9091874999999,755.4112333333334,730.6483333333333,715.2489375,716.1866875000001,725.76875,744.0928416666667,664.8273124999998,554.4808333333333,518.4810541666666,558.6859416666666,560.2958333333332,555.9118749999999,546.2944125,550.6800000000001,554.7299541666666,550.7322791666666,546.735,554.1625083333333,556.8411166666666,565.5729166666667
564.2044375,567.9386708333333,582.3975,564.5307250000001,578.9493791666665,603.7991666666666,586.8681291666666,587.7216208333333,578.3762499999999,556.3149458333334,581.8330374999999,610.1229166666667,609.3736958333334,571.717575,550.6295833333334,572.3271333333332,585.8762958333333,588.4704166666667,605.6343541666666,618.7917083333333,612.9416666666666,591.8396249999998,583.8191041666666,595.1062499999999,612.9672625,590.8036791666666,603.02375,627.1161083333334,638.65415,608.4699999999999,628.2796833333333,609.9623083333333,576.295,578.3710166666667,675.3678416666667,785.3875,807.5256916666667,779.7702916666665,781.8675,811.8630916666666,822.8957958333333,781.148125,744.9627583333332,704.0981625,634.7313541666667,550.2445375,630.0572291666667,788.9877083333334,772.3674666666666,719.6772208333332,649.1797916666666,594.1146875000002,537.1927874999999,490.87125000000015,402.9120333333334,330.539075,294.89270833333353,272.88515416666644,251.68472916666667,198.73927083333328,144.03245833333307,83.62696249999999,65.50187500000007,111.85127500000027,86.99282083333344,42.27239583333329,-15.817599999999914,-31.909770833333027,-23.699062499999798,-60.29888333333332,-90.19003333333336,-124.08270833333319,-156.01142499999995,-149.51570416666667,-139.894375,-112.68469583333331,-32.06104583333337,5.2644791666668596,-24.68244583333353,-45.003924999999896,38.666041666666786,44.67456250000015,51.22312499999981,124.7536458333334,163.51745833333334,207.21187499999996,258.35197916666664,279.38740833333327,315.7555541666667,388.97145833333354,460.3142333333333,532.9987666666667,565.5146874999998,568.5199250000001,634.4459375,700.4017708333332,764.2027375,820.6004416666666,885.1855208333333,928.6835833333332,986.6923666666667,1031.7652083333335,1065.7938458333333,1025.0431416666665,1007.3536458333332,1049.9660416666666,929.7349458333332,715.6304166666665,684.509775,714.5886125,708.6454166666666,713.3288541666666,708.1120500000001,718.3145833333332,749.5365624999998,736.4748,713.4504166666666,722.5787666666666,723.5380041666666,706.1116666666667,708.1973624999998,706.78815,703.7195833333333,733.1390541666667,742.4742416666667,746.9266666666666,745.4817583333332,712.2585166666668,722.3204166666667,735.5624625,666.6086416666667,560.52625,531.9532249999999,567.8738999999999,562.27875,558.3390625,542.2064958333332,544.8016666666666,562.8658624999999,563.7967208333333,551.9741666666666,575.316075,548.2365374999999,537.5995833333333
594.7678708333333,601.2986375,567.7254166666667,567.5977708333332,586.8716875,582.4179166666665,583.7235749999999,590.3588916666666,597.4533333333333,590.6561624999999,579.1148041666665,580.2245833333334,576.6222625,568.3286166666667,561.7283333333332,586.4664124999999,592.4883,594.85,589.5956333333334,596.5468791666667,631.8625,619.3150166666666,595.6256624999999,581.46625,586.0740874999999,577.647925,608.08125,623.3755125,622.2975208333332,604.3445833333333,608.2376124999998,619.1190166666667,593.7229166666666,568.3854375,672.0289833333334,828.49125,812.7241208333332,798.9713708333334,800.3504166666665,804.8792666666668,810.3610416666667,796.5991666666666,752.4879541666667,719.2385625,642.3257291666666,521.6234833333333,610.2629166666668,801.9205208333333,762.2540125,657.3540374999999,595.1563541666666,550.9262125,518.6206374999999,473.06822916666675,390.0687583333334,324.4286750000001,291.63760416666685,249.9379249999999,234.06814583333332,163.61072916666666,117.93966666666668,83.21649999999997,91.9262500000001,66.36726250000004,60.30250000000001,59.08749999999992,-3.9794833333332917,-24.481870833333062,-39.15062499999982,-27.978920833333518,-66.08269583333336,-156.39093749999978,-153.06170833333323,-157.09147916666655,-155.2822916666666,-119.26347083333312,-56.96660833333334,4.773750000000149,36.691537500000095,52.96977500000011,43.74656249999998,83.92705416666658,89.4813416666668,121.35822916666675,208.40026666666662,253.6048333333331,277.3751041666666,320.53537083333333,381.267425,439.96708333333345,459.4499749999999,497.86625,559.71,609.7608291666667,652.0558291666665,710.3477083333332,768.4525208333333,831.2584624999998,875.0113541666665,925.2696791666666,972.1260875,987.8232291666668,1026.7456916666667,1010.0417791666666,1015.8899999999999,1036.4061416666666,913.5712916666666,726.5604166666666,686.9621333333332,718.0721333333333,700.6429166666667,705.7742000000001,716.9166874999999,731.82625,750.6518416666665,732.4598541666666,705.9695833333333,708.3883708333332,705.2495208333332,712.6700000000001,732.2883291666666,726.386575,703.3595833333333,724.6344791666667,747.514225,752.9320833333334,771.4916999999998,739.1610374999999,722.3920833333334,729.1238666666667,645.8988416666666,527.2220833333333,535.8001499999999,559.7648416666667,567.4329166666666,563.6617958333334,549.2911958333334,542.1804166666666,549.1618874999999,555.0629833333334,553.4716666666667,563.5610541666667,591.651075,570.4704166666668
566.378625,565.9075083333333,579.8329166666666,559.2761499999999,563.7015291666667,584.0291666666666,573.2027708333334,580.7398541666666,600.4762499999999,592.5160375,580.7479958333332,582.68625,593.0008291666667,590.6854624999999,561.7170833333332,586.2996374999999,586.8407249999999,585.26125,611.5565458333333,614.0711833333332,613.9266666666666,611.0330708333332,619.0126624999999,621.9125,596.6838916666667,589.1589624999999,627.7429166666666,626.8401458333333,628.782525,625.2679166666667,610.062825,608.3722208333332,620.8029166666665,585.67065,649.5900333333332,785.1520833333333,804.4899791666666,801.1234708333334,808.9949999999999,808.8709166666667,822.4193125,816.428125,755.8482750000001,697.3231541666665,644.2385416666666,562.7525916666666,632.2551541666664,798.22625,793.4575916666666,710.7806458333332,624.3530208333334,574.8366583333333,586.018,560.0544791666666,441.4878166666668,361.4418958333331,365.19354166666665,348.0809541666666,296.01474166666674,263.1872916666666,169.72908749999996,109.0749166666667,107.77250000000004,88.22214999999991,79.74802083333327,76.53062499999999,-0.4230125000000271,-1.1523041666666245,-0.5209374999998602,11.951179166666577,-11.794025000000062,-82.43343749999974,-106.15810833333322,-148.33804583333318,-168.30906249999995,-156.97307916666648,-105.41932916666661,-34.41562499999992,24.895791666666526,42.87943333333337,47.46500000000009,91.53087916666647,93.59867083333344,145.32218750000007,211.07946250000006,213.8366666666667,273.97729166666664,288.08910416666663,334.5172208333334,389.8349999999999,447.3734249999999,476.62537499999996,531.2219791666666,608.9503583333332,660.7665458333332,701.3857291666666,746.25185,815.736333333333,863.0445833333333,922.6723083333333,971.0025666666667,990.7561458333333,1000.861575,1010.7644708333332,1032.669583333333,1054.2703625000001,920.8369374999999,729.4683333333332,701.9149125,725.9543833333332,717.9441666666668,714.9894041666666,724.8547416666667,735.3416666666667,729.0073666666665,713.8248249999999,705.7108333333332,722.1696916666667,718.3599125,708.1870833333334,717.4870416666665,719.9956874999999,727.5999999999999,744.6455708333333,759.7672625,752.9274999999999,733.3480458333333,721.1307083333334,720.1645833333333,738.9104625,664.5120208333333,543.8462499999999,529.6164166666665,551.8818208333333,572.32875,560.8826875,541.6274208333333,542.1958333333333,554.0709791666666,557.2262666666666,552.9291666666667,550.6151833333333,576.3354791666667,574.1841666666667
559.7822249999999,570.1108166666666,588.2029166666666,558.2742708333333,558.1237666666666,598.8154166666666,588.3381208333333,573.7622416666666,574.2283333333332,571.2719333333333,571.7991583333333,576.6924999999999,590.7840625,588.8401124999999,562.9445833333332,577.0895333333333,606.7454499999999,608.8741666666667,600.2467791666666,601.2454458333333,622.9070833333333,614.9976708333334,609.4636375,599.6554166666667,611.9077666666667,605.4057958333333,592.0495833333332,610.5430875,631.2427875,614.14625,596.4710333333333,600.5491958333332,630.6333333333333,598.1649958333334,650.0462249999998,776.0595833333332,819.4001166666666,796.8690666666666,778.9637499999999,804.1138791666667,820.6288083333334,791.5094791666668,744.6684958333334,689.0430333333331,633.0013541666666,557.7538333333333,651.6397249999999,823.4971875000001,805.4460625,713.1476166666665,610.2983333333333,539.9676749999999,548.3032666666668,527.8697916666666,390.4475625000001,281.8031874999998,279.1515625,277.79832499999986,233.71955000000003,188.39374999999993,73.03796250000002,36.666041666666615,96.87687500000013,47.19267916666661,13.874529166666491,20.83093749999989,-26.222362499999974,-24.090575,-42.54020833333328,-50.949550000000045,-29.859904166666553,-45.736666666666764,-55.22596666666655,-36.82886250000013,-51.50843749999987,-24.253445833333302,-15.106870833333375,-10.736458333333388,23.1259083333332,103.93482083333339,127.1397916666663,125.08894999999981,90.59085416666676,129.56156249999998,219.61655000000016,214.8097625,252.33854166666654,279.49149166666655,328.93595000000005,380.7981249999999,456.26394166666677,491.7666708333334,524.163125,610.7887708333333,653.3377624999999,687.9922916666666,759.0789083333332,827.6336416666666,858.7167708333332,912.7253291666666,989.1348291666666,1022.8553125,998.66485,992.6840708333333,1031.6154166666665,1064.7465208333333,940.2515375,708.9329166666666,686.8293958333334,718.8890916666666,722.0520833333334,710.3358958333333,727.4159833333333,758.3216666666667,728.9618499999999,697.6049499999999,694.7308333333333,704.1876041666667,702.6260333333332,693.7558333333334,726.5448666666666,731.3518166666665,720.0366666666666,729.3594166666667,735.0875916666664,750.9704166666667,741.0813583333334,736.6224291666666,743.7229166666666,749.5110249999999,665.8407708333334,533.6783333333333,513.9302416666666,522.222225,544.6116666666667,555.2788333333333,538.2478499999999,531.1408333333333,581.6381458333333,585.96065,581.9125,577.3983,537.8856374999999,412.34125000000006
380.11302083333334,405.30055833333336,436.6704166666667,411.71442916666655,422.56429166666663,418.3633333333333,400.4142624999999,408.37340833333326,444.4395833333333,424.60839166666665,425.7080625,446.50666666666666,434.03195,436.7738999999999,442.61875000000003,435.26853333333327,441.7285166666667,431.46291666666673,446.2256249999999,453.3610333333333,452.87458333333336,461.18866249999996,449.10802916666665,434.6291666666667,427.53648333333336,426.7942833333334,430.6495833333332,448.20812916666665,468.77321249999994,449.44375,446.66477499999996,462.3815333333333,488.5654166666667,470.97565000000003,442.5511124999999,470.70875,442.38716666666664,451.9414583333333,469.8458333333334,449.43464583333326,465.9045166666665,521.2112500000001,501.89838333333336,446.35865416666655,396.51072916666664,345.99335416666656,271.35800416666643,225.27593749999994,197.85930000000008,134.7728166666667,50.666875000000005,-14.186812499999974,33.11986666666667,108.5790624999999,36.861766666666824,-34.3670708333334,-81.06177083333347,-129.2872791666668,-167.33045000000004,-235.53041666666684,-321.55938750000007,-327.98457916666666,-288.3133333333333,-373.48370833333337,-409.2801416666666,-352.5753124999999,-326.02615416666663,-343.7957541666667,-386.95541666666657,-426.3125791666667,-442.65762499999994,-429.50239583333337,-414.51571249999995,-417.0508000000001,-481.77760416666655,-437.0090916666666,-442.29268750000006,-503.7678125000001,-488.33887916666663,-418.0546916666666,-437.2263541666666,-361.5745375,-367.80669166666655,-344.45031249999994,-278.9907791666666,-266.0727791666667,-210.51520833333336,-155.20967083333335,-115.2300583333332,-95.25250000000017,-33.9091416666667,26.818291666666823,95.47385416666651,165.92095416666666,215.7792374999998,262.3178125,305.2904791666666,351.3546666666666,411.7418749999999,483.6106208333333,484.1145958333333,419.65156249999995,411.1488708333335,432.13038749999987,450.2841666666666,454.6948166666666,452.8563916666667,437.635,466.7628958333333,469.23999583333324,454.93708333333325,439.6556958333333,441.1512083333334,465.56125,447.6224791666667,432.9001833333333,432.0725,453.7079458333334,449.94599999999997,427.79625,453.0141166666666,455.73767083333325,465.1499999999999,470.27773333333334,435.94087083333324,453.51416666666654,467.53393749999987,477.4398875,458.2395833333333,457.61701666666664,425.82452083333334,370.22458333333327,383.36272500000007,390.9882916666667,380.5783333333333,398.59085,388.28802499999995,374.73041666666666,401.21642916666656,399.0584958333333,391.66,410.5609374999999,440.0684583333333,415.0887500000001
399.83057916666667,399.11001666666664,416.8329166666667,405.67378333333323,418.9805,404.46,397.6805499999999,414.3800041666666,445.61958333333325,419.39369583333337,406.58040416666665,418.74375,425.11745,441.2532749999999,439.33500000000004,420.40609583333327,434.57576666666665,446.1379166666667,468.4015208333333,465.2370375,453.0491666666667,465.62435416666665,444.1118333333333,418.45875,439.5608541666667,452.8816083333333,442.04708333333326,453.6953625,471.42292083333325,449.48958333333337,450.43526249999996,461.5003958333333,476.1333333333333,458.3183708333334,439.8108208333332,476.20166666666665,441.8286458333333,437.6669999999999,447.37750000000005,434.99241249999994,469.7811583333332,535.2194791666667,503.6615666666667,430.0896249999999,376.95572916666663,346.0591375,288.9860791666664,240.69708333333324,194.00704166666662,116.20267916666671,30.753541666666706,-30.96695416666671,14.402062500000056,90.87312499999996,38.57327500000008,-18.826416666666717,-69.39562500000005,-124.1157750000001,-137.75192916666663,-172.42177083333343,-269.2854458333335,-276.03088333333346,-222.49093749999997,-335.44859166666674,-418.92826249999996,-390.65208333333317,-355.1000583333333,-377.6167416666667,-438.9932291666665,-463.32750833333324,-471.86227916666667,-471.06427083333335,-459.0877916666666,-455.9071625,-511.23822916666666,-449.89835833333336,-410.6570916666667,-425.72989583333333,-414.99920416666674,-358.64729166666666,-382.2689583333332,-322.2879791666668,-344.3071083333333,-321.99302083333316,-242.68829166666654,-238.99712916666675,-219.91885416666662,-193.51485416666662,-157.27183333333323,-109.30718750000017,-2.565708333333305,52.281312500000126,75.72656249999983,140.30157499999996,194.6617708333331,247.97052083333335,321.9384458333333,373.1398625,410.4907291666665,480.46320833333334,491.06123749999995,430.45843749999995,414.22331250000013,435.3304375,458.52083333333337,449.2984666666666,433.9812375,414.9575,443.242625,455.96247083333327,452.4366666666666,429.1303,437.4742625,477.5354166666666,444.780025,423.56522499999994,434.8954166666666,456.548425,440.19464999999997,412.3991666666667,456.47756666666663,466.50736666666654,467.62458333333325,478.6706833333333,448.21006249999994,454.80666666666656,450.02094999999986,456.7188541666667,452.56416666666667,466.9805666666666,446.63827083333337,388.8354166666667,378.82148750000005,385.08847916666673,388.42999999999995,390.5162125,382.5748916666666,392.56416666666667,417.69782499999997,420.1052833333333,407.49625000000003,377.4011833333333,462.66234999999995,561.8129166666668
548.4803416666666,538.9317208333333,584.73375,570.7026374999999,585.1377666666666,581.7087499999999,560.7041874999999,561.4223333333332,586.7287499999999,557.1079708333333,564.8573958333333,601.5691666666667,590.0931083333334,587.9764124999999,594.3279166666667,593.9386124999999,600.7681125,583.9391666666667,598.2603333333333,612.6817333333332,617.4841666666667,616.5390791666666,590.1667666666666,576.2525,596.4908624999999,612.2699541666667,605.7462499999999,606.2843083333333,631.5676874999999,631.4870833333333,627.9549833333333,627.5763708333333,625.89875,586.2442833333333,651.5445749999999,825.1745833333333,805.6879624999999,786.2097291666666,809.7370833333334,799.9324541666666,794.8103916666665,803.8053125,764.7755666666667,732.8109249999999,693.7661458333333,594.5140291666667,640.7525541666665,817.1430208333333,799.7807583333333,695.9566666666667,630.4331249999999,578.5799291666665,570.6339041666666,563.8922916666666,484.7109416666667,421.4269708333333,376.44468749999993,361.2283666666666,347.5002083333334,280.5813541666664,196.30689583333321,184.2857416666666,214.8930208333333,132.25062083333324,90.90572916666665,122.15572916666682,115.71205416666669,97.50005000000004,85.28489583333342,59.821329166666544,-2.5888874999999416,-76.50010416666672,-116.88359583333323,-98.89357500000017,-113.5368749999999,-74.72218749999993,-58.828083333333325,-64.24208333333348,-36.32862499999999,50.238195833333265,54.21947916666659,111.20435833333323,94.48968750000006,133.96708333333336,210.35786666666678,224.44347916666663,266.2080208333333,290.05578749999995,319.0976041666669,367.4720833333332,472.3076041666667,518.3848625,531.3688541666666,594.958475,659.7558874999999,717.8994791666667,772.0575916666667,815.8002166666668,859.1323958333331,924.8391916666667,992.9947791666666,1022.5037499999999,1013.5339375,1001.4269374999999,1023.3199999999999,1050.477025,924.7113666666667,707.6029166666667,705.5106583333333,737.0009916666666,726.0716666666666,712.9563625,712.5667666666667,735.2029166666666,725.8971083333333,706.3108374999999,693.6287500000001,726.4881083333333,726.5959083333333,694.8704166666666,721.8606249999999,727.2056416666666,737.4658333333332,750.9547124999999,721.3429999999998,734.4062499999999,738.4537833333331,731.6668583333333,706.2041666666667,724.2320916666666,665.0259833333333,542.6254166666666,532.4685666666667,550.9438916666667,548.1349999999999,546.9191791666666,534.9822374999999,536.0358333333334,550.0758583333333,546.0897124999999,549.83,557.9937166666666,593.5150041666666,596.6404166666666
555.4629791666666,555.3328375,583.8099999999998,556.9131458333333,571.8342208333332,588.2862499999999,588.3677833333334,583.6778458333333,599.7637499999998,587.9245583333333,583.4742708333332,602.40375,584.6394375,575.416075,589.9954166666666,570.708475,584.8012,582.6645833333332,596.0575374999999,595.2643041666665,606.7270833333333,602.7247499999999,605.1578291666667,625.7366666666667,607.9373666666667,600.0598125,595.1654166666666,615.3647124999999,606.0224708333333,624.1104166666667,614.7855666666667,623.9963250000001,626.4370833333334,583.7727125,639.4528499999999,797.4720833333333,816.1385124999999,800.0414499999997,784.2629166666667,797.9115666666667,807.2590583333333,799.8677083333334,769.4691750000002,709.2676541666665,653.2005208333334,586.5176999999999,648.3068791666665,800.0083333333332,778.1090583333332,680.4758333333333,609.4757291666666,578.1259874999998,571.0505249999999,531.9807291666666,459.63941666666676,411.9022624999998,359.2470833333332,341.0443166666664,310.6450458333333,224.91354166666656,143.27139999999991,125.69220833333327,162.36864583333335,114.56414583333333,58.453608333333364,77.03677083333349,119.27489166666646,115.84075416666656,56.87656250000009,39.804424999999924,-21.446966666666697,-58.32114583333333,-35.416608333333386,-43.482474999999965,-75.6289583333332,-14.06760000000014,43.93369999999982,21.718958333333234,8.414700000000039,87.57335416666669,171.72572916666672,110.62964999999991,105.15097916666673,189.64104166666664,224.74971249999984,277.9525166666665,283.5537500000001,304.1724583333332,352.5124958333331,409.5855208333333,462.80903750000004,531.9013708333334,578.6569791666667,632.7803874999998,699.3801833333332,767.3895833333333,805.9799166666666,840.9289833333333,883.1023958333333,936.8898208333331,998.6266916666666,1000.349375,1007.1564083333334,995.5100375,1005.985,1052.8614708333332,925.9253541666667,692.8975,682.946025,722.7503333333334,724.1629166666665,716.4730583333333,714.7986958333332,733.4749999999999,737.7300791666667,715.6957124999999,684.7987499999999,711.0996416666667,721.6352208333333,715.5737499999999,714.2674583333333,721.4790541666665,736.6183333333333,735.3043458333333,709.366725,730.3966666666666,704.1177875000001,709.8524625,742.3475,743.642375,686.0031291666667,568.1099999999999,538.8180833333333,530.3069250000001,533.56,550.2411166666666,562.0463083333334,547.8375,588.1130333333333,591.411175,577.6279166666667,591.5321666666666,593.4745250000001,565.2674999999999
562.5583041666666,571.1602333333333,568.6579166666666,551.5055833333332,570.4761791666666,556.4020833333333,570.5179041666668,570.4321041666666,586.4883333333332,602.2181458333333,600.4371249999999,577.2158333333333,569.3470541666666,599.1791708333333,617.03,608.20235,592.0932041666667,574.4695833333333,580.0733083333332,576.3248624999999,610.55125,641.6226333333334,637.8529541666666,625.6454166666666,603.1230041666666,610.391275,606.33375,606.8085999999998,593.3178583333333,618.3170833333332,618.5832624999998,617.1495333333332,628.895,596.2343166666667,668.9289333333334,798.9608333333333,818.8325416666667,823.0517374999997,821.7095833333333,794.9253541666666,791.6108,793.1616666666667,766.8179083333333,705.0771166666665,653.8055208333333,602.4397125,682.9802833333333,825.0105208333333,773.460375,708.4362791666664,697.6780208333332,640.9749500000001,563.3602958333333,517.0547916666668,469.2457916666667,418.36207083333335,349.78,335.52116666666655,298.04122916666654,259.06260416666646,244.70730833333334,246.48021666666634,187.10156249999997,117.89409166666678,101.30706666666669,97.07989583333347,136.27039583333323,108.52454999999986,54.60843749999998,31.215433333333465,-11.090920833333314,-50.61343750000012,-46.082179166666606,-73.37344999999982,-100.84583333333322,-69.6170333333333,-13.430391666666708,54.69593750000004,61.138554166666665,77.58956666666668,155.6734375,110.00958333333324,141.68111250000007,238.00020833333338,282.07100833333345,266.39738333333327,254.95250000000007,309.29790416666657,383.5559708333332,460.4892708333332,502.4726333333334,529.4814250000001,565.4994791666667,631.1538333333332,705.0462374999998,745.1324999999999,802.7721041666666,841.9576958333333,896.4961458333333,955.3914124999999,992.7641499999999,1003.4340625000001,1009.5226,1001.2272791666666,1011.3341666666665,1039.3843416666664,922.6010458333332,727.51625,693.7018375,725.3185583333332,718.3299999999999,702.9101166666667,711.0519166666666,737.4291666666666,744.3913666666666,730.4323708333333,710.8325,699.46685,702.5405916666666,718.0745833333333,727.7428916666667,723.7024249999998,740.5524999999999,703.7542666666666,695.1599291666666,707.20125,727.6423041666667,742.6582708333333,753.6587499999998,768.5377875,667.1007041666666,528.9770833333332,552.3116916666667,578.7119416666667,532.91,550.5984833333333,559.8439416666668,539.3924999999999,571.3023208333333,579.4843541666667,576.8154166666666,584.7470375,592.3667166666667,591.9987500000001
545.9846583333333,545.7594833333333,570.2066666666666,576.3489333333332,576.3863249999999,580.6779166666666,579.7780916666666,567.1747791666667,593.7837499999998,605.5703583333334,599.6605708333334,581.12875,595.2235125,614.532525,620.8666666666667,612.0091541666666,589.4414791666667,565.1691666666667,601.6673083333333,589.9772916666666,585.4649999999999,619.5651,636.3913458333332,626.2454166666666,598.2230500000001,607.1025791666666,620.1324999999999,596.8690291666666,589.1698166666667,633.6258333333333,625.5128166666666,623.2848375,638.4937499999999,599.2194083333334,685.2968208333334,836.7879166666665,855.3933750000001,849.9864958333333,845.935,798.3428958333332,795.8756749999999,837.7016666666666,785.7746124999999,713.6027208333333,664.5159375,593.872325,676.3848333333333,819.3048958333333,792.6633333333334,740.9816375,744.1866666666666,661.8382,583.5783583333334,551.7046875000001,476.25312083333336,429.6742250000001,421.20718749999975,350.4721791666667,307.69273750000013,295.92135416666645,290.46260000000007,236.2680291666666,174.62156249999984,179.91603749999993,136.0077249999998,69.37968750000016,100.25717499999979,70.9900083333331,23.519374999999997,31.13231250000024,60.575866666666855,51.63572916666678,3.8579000000001997,-12.096495833333165,7.802291666666889,-20.224808333333243,-21.76209583333312,34.78031250000009,109.91798333333315,142.00959583333332,141.6414583333335,112.17629166666654,192.48339166666653,254.90447916666673,291.54220416666647,317.6180583333331,303.56687499999975,357.5248458333334,425.6984916666664,457.9020833333332,505.4216666666665,558.3205958333332,634.6808333333332,669.0591416666667,722.2249583333332,760.5019791666667,817.2549333333334,859.0373083333333,893.2906250000001,947.0324833333332,996.3322999999998,1041.3682291666667,1028.2762958333333,992.1213166666665,1005.1433333333332,1018.4132750000001,889.0000916666667,722.7979166666667,693.4104083333334,723.4176166666666,713.7929166666667,724.6041541666666,726.5829375000001,713.9845833333333,713.6027375,708.3359541666666,699.1091666666666,707.5472083333333,715.7092625,724.1991666666667,719.8743833333333,722.1449375,746.7241666666665,713.1445958333334,700.0475208333332,717.2808333333332,732.7683458333332,731.5337750000001,729.8999999999999,760.8013874999999,678.3363791666666,531.0337499999999,539.4084791666666,567.9118708333333,540.5579166666666,557.6580958333333,544.088625,538.4791666666665,583.2898875000001,590.0612624999999,569.8995833333332,557.0492916666666,568.1531916666667,593.59
575.8508041666666,565.0297708333333,605.26125,596.4617708333333,570.2627708333333,577.9254166666667,582.3920333333333,591.2179333333333,599.1104166666667,625.956025,626.7400541666666,590.8091666666667,588.3867875,598.1689708333333,613.0429166666667,610.9366875,596.9344208333333,581.2675,600.9751083333333,609.0368791666666,605.0233333333333,632.9289249999999,655.1869541666666,641.3716666666667,639.3392749999999,607.7324041666667,624.3970833333333,601.8653583333332,641.7524250000001,652.5862500000001,636.4370708333333,628.1738624999999,629.4233333333333,633.7538208333332,697.9540166666666,822.2245833333332,847.5968916666667,837.6738916666666,830.9920833333334,813.6105624999998,851.0392249999999,859.2066666666666,768.0528791666666,687.4480249999999,651.8571874999999,606.0535833333333,694.08255,844.9423958333333,852.6567708333333,778.6582374999998,687.9441666666665,620.7275583333331,581.1247958333335,554.0508333333332,530.7806374999999,470.1527708333332,400.0177083333332,345.51348749999977,327.89727916666664,324.7596874999999,284.07067500000005,238.89915416666662,212.83104166666675,146.27154583333328,105.57603749999976,114.51312500000012,126.84056666666666,88.32399999999967,48.97072916666667,80.63280416666669,100.23965833333324,65.14156249999988,108.10809583333335,125.31533333333354,76.44000000000003,112.87428750000007,142.11613749999984,160.26302083333346,191.13715416666662,189.2959041666666,179.57999999999993,175.0172541666665,258.84469166666656,334.9471874999999,305.5604874999999,310.4764999999999,375.0218749999999,441.44125416666674,497.3158791666666,542.1603124999999,554.7733791666667,618.1392708333332,670.4026041666668,686.4621874999999,720.180875,727.2643750000002,808.3162791666666,879.0412083333331,925.4321875,938.7688708333333,994.3425166666666,1063.5311458333333,1007.4134916666666,976.5546624999998,1012.3679166666666,1061.4083833333332,953.0275833333333,738.6250000000001,687.0055666666667,722.0415791666666,738.4254166666666,707.8906499999999,715.4492333333333,735.7887499999999,718.263175,698.0722208333333,714.3399999999999,701.2452,704.3612333333333,722.6316666666665,725.9826708333333,732.8098791666666,763.8687500000001,722.9409541666666,701.0210458333332,733.6049999999999,739.0601458333332,740.4507416666668,765.2133333333331,789.2929583333333,679.5878208333332,535.9520833333333,538.478925,554.0337583333334,510.0204166666666,559.0740999999999,562.1552291666666,544.2725,599.8220625,606.6969124999999,568.2679166666666,594.3163416666666,530.7513916666667,417.8933333333334
419.0894874999999,465.7669625,431.27291666666656,440.5407791666666,451.61650416666663,446.32583333333326,431.36400833333335,448.0978041666667,491.54999999999995,482.756625,487.7449833333333,497.6633333333332,491.0864458333333,490.416625,517.625,503.9399833333332,488.34532083333323,498.53458333333333,499.81787916666667,478.3970749999999,488.9929166666666,515.5359333333333,530.3966833333334,529.66625,528.8842708333333,503.11649166666666,491.9070833333334,526.2132916666667,543.1217375000001,522.0487499999999,492.9568583333333,506.87019583333324,524.1133333333333,532.5217416666667,562.3864958333334,569.0604166666667,536.6099624999999,539.5316208333332,579.2445833333334,544.7440750000001,558.8044208333333,612.85375,586.4178125000001,559.7687374999999,515.2098958333333,466.26109999999994,408.3600374999999,347.8087499999998,317.3317791666666,277.87900416666673,229.43562500000007,135.21249166666666,155.43432499999994,204.15645833333315,170.16393749999997,105.97121666666669,64.74791666666653,-3.313479166666582,-47.43308750000017,-85.14281249999999,-144.54972500000008,-172.90916666666675,-188.16697916666686,-268.94194583333365,-301.87840833333337,-296.5753125000001,-327.01540416666654,-332.17330000000015,-328.7463541666667,-339.36736666666656,-325.98747499999996,-295.6137500000001,-269.4340833333334,-273.6606541666665,-310.5838541666666,-308.7867791666667,-351.5111166666668,-390.38739583333324,-377.8315083333333,-334.3208125,-304.5198958333334,-299.91218333333336,-228.735225,-185.5752083333333,-159.40875833333325,-131.00113333333348,-105.35791666666671,-37.19241249999999,29.2742833333333,69.98989583333321,71.72959583333312,145.16678749999983,212.35333333333335,217.51996250000002,265.6688833333334,338.62145833333324,356.0456208333333,387.21186249999994,463.7166666666667,506.0860666666666,494.79745833333317,460.39458333333323,449.0476,446.22247916666663,442.95875,450.77044166666656,471.1696083333333,468.29958333333343,462.6243541666666,458.73807499999987,474.2087499999999,435.6987875,443.63902499999995,491.1237500000001,452.1286291666666,432.35664166666663,466.2725000000001,448.6802666666666,458.68799166666673,464.5795833333333,461.3925374999999,455.9115291666666,473.36916666666673,456.0958750000001,452.7872333333333,454.10916666666674,468.6880041666667,477.8938875,471.72291666666655,489.0066291666667,436.0311375,382.94000000000005,387.1555666666667,385.0326749999999,352.33708333333334,397.1728166666667,421.19747083333334,402.84749999999997,428.89214166666665,421.9824041666666,409.3433333333333,429.8376666666666,434.9014000000001,438.0137500000001
448.3297624999999,455.5114625,403.01458333333323,428.6523333333333,443.46864999999997,428.4579166666666,430.4738291666667,454.36887083333335,486.6920833333333,476.4545,473.3697958333333,472.9449999999999,479.04863750000004,494.4037166666667,518.1149999999999,480.36526666666657,469.8234208333332,510.2833333333333,513.1529333333333,475.3267416666666,476.91916666666657,514.4141208333333,531.7292791666666,523.9291666666666,532.9422541666667,519.8555833333332,513.0862500000001,544.1744,545.1844583333334,511.35416666666663,495.5398083333333,512.3988833333333,516.6466666666668,525.4134458333333,555.6015458333333,559.9683333333334,534.311825,535.7397041666666,570.6654166666667,550.6204875000001,575.1339416666667,624.1694791666666,591.1173458333334,557.2319666666666,505.12895833333323,453.3689958333333,409.11374999999987,362.3791666666665,315.3339874999999,258.75153333333344,211.7990625000001,128.64564999999993,152.97489166666662,206.82687499999986,197.55877499999997,136.56788749999998,75.73010416666659,10.33260833333344,0.12147499999986167,-8.40322916666662,-88.50926250000009,-131.08501666666677,-137.7010416666668,-225.9427708333336,-279.52035833333343,-288.82656250000014,-312.4835541666666,-308.88162083333356,-302.35135416666674,-308.30195833333323,-303.0731833333334,-288.9054166666667,-264.40149583333334,-260.7310166666665,-285.02239583333335,-261.03082500000005,-259.36325833333353,-256.89239583333324,-252.60064583333337,-240.41562500000003,-232.95114583333338,-231.99107916666685,-170.92331250000007,-139.46562499999993,-100.65696666666656,-77.18079583333349,-83.05677083333342,-37.35897499999999,28.396004166666614,87.9345833333332,111.14485833333322,170.32006666666655,203.2758333333333,208.39721666666662,262.3169333333334,333.66062499999987,358.67460416666665,396.9402791666666,474.01395833333333,514.4639166666666,500.47266249999984,459.02229166666655,434.4525208333333,434.0514291666667,445.12041666666664,449.59496249999995,453.36153333333334,441.08291666666673,449.45901666666657,452.39784999999995,463.0629166666665,432.7997541666666,450.9903958333333,498.3745833333334,449.91324999999995,432.09029999999996,473.7254166666668,444.42841666666664,444.2856333333334,456.78583333333324,470.0631666666666,467.4147458333333,474.0958333333334,454.9172416666667,460.34811249999996,461.67166666666674,450.5966125000001,461.0178291666667,481.80624999999986,500.2154541666667,451.65006250000005,405.74166666666673,389.5392875,388.58349999999996,372.22208333333333,395.32059166666664,419.4195,425.63125,443.01418333333334,436.8578416666666,425.8325,408.3842375,467.7431291666667,582.4529166666666
589.5469041666665,593.6805833333333,575.8024999999999,593.4210249999999,608.8900083333333,607.8399999999999,586.0253958333333,596.4736958333333,636.8970833333333,621.5265333333333,629.98075,649.1399999999999,638.2592541666667,632.1459625,660.7458333333333,650.3937333333332,634.3935916666666,639.7654166666666,638.5412208333333,631.6013583333332,659.1412499999999,674.2452666666666,676.6195291666666,679.9087499999999,692.0329583333332,678.4305666666667,668.9562500000001,690.6271875,698.417675,683.8233333333333,671.7773708333333,685.9201125,677.0054166666666,664.4910958333332,774.7334249999999,910.58375,896.8451708333333,876.8211999999999,918.0854166666668,902.2802,903.3850958333333,909.0971874999999,849.4633833333334,828.5083749999999,786.504375,698.9056333333333,758.7052375,913.7646874999998,922.7336249999998,866.1845000000001,830.5404166666667,731.5156583333332,690.02735,666.7226041666663,637.7391624999999,580.6339833333334,525.8132291666666,475.65707916666673,459.16641249999986,438.79791666666665,384.8100374999999,338.1260333333332,299.4321874999998,225.80681249999964,202.62219583333328,198.6770833333332,151.2777916666668,170.37025416666646,222.9823958333332,210.3967833333334,154.94493333333332,99.64656249999987,98.42120416666671,101.92951666666676,77.46802083333338,91.82987916666664,86.81617916666653,92.80072916666671,109.6416083333333,149.3734999999999,177.74843749999985,165.98507916666654,245.84601666666657,316.73177083333337,343.5770541666667,379.85400833333324,416.35239583333333,458.9831041666667,517.4233541666667,581.6015624999999,593.7482708333332,643.0924583333331,674.3739583333333,676.0717166666666,734.0308666666667,816.8198958333331,846.3246041666666,868.7102249999998,919.3520833333333,959.4765708333333,1019.2247166666664,1069.4669791666665,1038.2962958333333,1001.1584333333333,1015.4879166666666,1046.4485375,943.4479541666667,746.2970833333335,713.7594249999999,727.2263708333332,734.1616666666665,713.485875,724.7904916666666,757.1104166666668,724.8273541666666,706.8083458333333,728.6645833333334,706.2788874999999,717.7407875000001,725.6887499999999,722.4755624999999,718.7817291666665,742.77625,734.81585,732.9408166666666,728.6104166666667,741.2458,749.049325,744.1724999999999,764.7663708333333,672.5551541666666,557.4658333333333,548.8023916666666,561.8348666666666,533.93625,556.3008041666666,570.3766333333333,558.84625,577.8141833333333,576.1029666666666,574.0533333333333,577.5524083333332,588.5610166666667,622.09875
618.820475,622.3557000000001,616.4195833333332,601.6863208333334,614.9179208333334,626.2749999999999,613.4905708333333,627.621275,671.0270833333334,656.8142625,646.3957416666666,666.9524999999999,660.53625,646.3881791666666,652.3366666666666,652.5645875,666.3868583333333,681.4649999999999,680.00665,672.8087541666666,666.5249999999999,674.0127833333332,691.9845166666667,712.9174999999999,716.346175,688.4224666666667,707.1583333333333,741.1809291666666,746.7221791666667,704.02375,722.5535833333333,743.9114416666666,710.5233333333333,668.76875,788.2388625000001,952.2008333333333,928.2865875,901.5029583333331,929.7875,928.6836166666667,933.1353916666667,937.108125,889.3382708333334,871.2137166666666,825.6980208333332,744.002125,813.1184333333333,960.6963541666664,942.8291458333331,868.7852,831.7386458333334,766.0882499999999,728.9849083333334,683.7827083333332,641.9027458333334,589.0916083333332,537.3713541666666,486.82609583333334,453.9204291666665,409.45385416666653,403.39974999999976,355.5957541666667,306.6386458333334,288.74654999999996,234.50349583333303,136.90531249999987,115.49408750000015,162.96784583333317,172.43843750000013,164.5705374999999,114.4064249999999,46.02843749999974,49.27004166666657,96.91333333333344,146.3921874999998,130.94272499999963,152.74617916666634,235.1161458333333,267.7244375,245.0435,241.6716666666667,309.5861083333333,325.5288958333333,303.33187499999985,367.65387499999986,400.9155499999999,422.01458333333323,481.34005833333333,515.9090791666667,565.2244791666665,609.9520541666666,657.215020833333,697.155625,745.5290875000001,737.3062416666667,801.9289583333333,843.3815333333332,898.6066541666667,934.3568750000001,984.2484833333332,1028.1417291666667,1038.3704166666666,1023.0376583333333,992.9426374999999,1000.8070833333331,1052.1357916666666,943.88175,720.1079166666666,709.9040208333332,739.4598708333332,743.3249999999998,712.255225,725.9689000000001,727.22875,726.6237124999998,709.8748125,726.9779166666667,706.7602291666667,725.7192916666668,726.1816666666666,736.0166624999998,744.2294708333334,750.63625,710.1315916666666,728.1388208333333,740.8454166666666,707.5917791666668,703.8517541666666,748.9595833333332,771.10615,691.5866833333333,590.0604166666666,555.9130625,540.6024041666666,511.48833333333323,548.1394499999999,558.3879458333332,577.1295833333332,607.0067916666667,611.6632124999999,596.1554166666666,617.9066083333332,618.4587166666665,590.3770833333333
606.9930083333333,626.0571791666667,589.2558333333334,591.0636666666667,605.5371041666667,603.7954166666666,617.0095583333333,640.3022541666667,659.6212499999999,658.9762625,650.1581791666667,655.2891666666666,653.7016833333333,667.0710624999999,685.2533333333333,676.9852041666667,680.0262958333334,671.9341666666667,666.9593291666667,649.568925,664.5424999999999,691.0068291666666,701.0611458333333,711.0120833333333,705.3323708333332,686.3954708333333,671.3954166666666,729.2439541666666,740.4878125,708.2645833333333,734.3521083333333,743.8510624999999,695.0537499999999,662.7895041666667,785.3037708333334,936.4833333333333,917.736425,897.1776375,942.9766666666668,932.6839583333334,930.8404875000001,917.981875,878.6123291666667,866.2503541666666,813.3717708333332,735.0786499999999,812.251325,965.8740625,940.4689916666665,873.2687333333333,810.8711458333333,734.2557958333333,669.6169375000001,618.1884375,601.1182333333331,586.9822166666665,547.6267708333332,497.6463999999998,453.1736708333332,425.9977083333331,443.38592083333356,417.96699166666656,350.4854166666667,326.27677083333333,278.5521333333333,244.08739583333352,244.4633375,216.38182500000022,222.70666666666662,225.1864124999999,160.28282916666657,76.62104166666666,89.37147916666675,150.75699583333332,201.7859375,185.7781125000002,214.1087458333331,226.87791666666652,257.54954999999995,240.04555833333328,228.93124999999995,291.01839166666673,319.7372458333333,309.0872916666665,360.7844666666665,412.81489583333337,442.95229166666667,505.2394458333332,551.4948000000002,589.8379166666667,624.2354166666664,675.9814375,706.3069791666667,726.8899500000001,740.4023916666666,805.4367708333332,897.6323041666667,925.5158083333334,938.294375,982.5478499999999,1027.7794,1024.5784375,1023.1782375,1030.8159166666667,1020.4329166666665,1020.9127625,902.7432916666667,736.2733333333334,719.6325999999999,726.7925708333332,736.3020833333333,715.3781125,729.8038458333334,722.7454166666666,727.0767666666666,721.5872374999999,728.7575,696.0985999999999,709.4732125,728.3379166666666,733.5154583333333,701.1172916666666,732.6141666666667,720.371675,737.7355791666665,717.2254166666667,724.8304208333334,738.7197416666666,764.5579166666666,766.4901666666666,674.5161708333334,564.7866666666666,555.4651000000001,578.4698749999999,570.50125,553.9953541666666,550.7274833333333,565.5074999999999,578.7926,592.8130874999999,607.0975,625.3569124999999,615.9949583333332,588.9341666666667
587.9244249999999,604.347675,579.0004166666668,594.9539500000001,622.9140333333332,646.5666666666666,622.4026125,617.0917374999999,638.3916666666665,652.4983458333334,643.6810166666667,634.4987499999999,660.1611625,689.3257666666666,673.845,671.9772499999999,664.748325,653.4020833333334,676.2332666666666,679.2906666666667,645.3191666666665,670.7909083333333,699.6407708333332,708.2449999999999,703.6135958333333,691.4685416666666,708.2329166666666,721.4887624999999,728.2945333333333,712.2783333333334,699.2064375,717.6325416666666,726.1854166666667,678.9278583333333,787.7730708333333,939.1904166666667,914.8156375,896.4545291666667,958.7025,933.652125,917.5932624999999,914.4344791666666,881.4789083333333,874.1416166666666,813.1316666666665,722.1243458333332,787.9877249999998,947.2349999999999,937.8703124999998,859.5875291666667,814.8835416666667,740.0281749999999,676.0429000000001,627.1398958333334,593.8183666666664,581.0742708333332,540.2891666666665,484.54797083333347,479.53392916666644,468.6046874999998,366.37069999999994,311.61546249999986,303.4279166666663,243.8964499999997,192.61999166666658,194.2654166666669,160.86674166666674,181.55475416666644,202.22979166666678,187.95236666666665,133.5059291666666,90.48291666666674,76.15448750000002,95.27265416666651,135.9528124999998,110.42048749999972,128.84724166666666,195.15135416666666,262.64349583333325,221.13154999999995,224.19020833333346,310.65924583333333,366.00175416666673,367.1401041666667,370.7098083333333,417.7503416666665,450.5992708333332,469.6410499999999,505.39887916666675,580.13625,598.7445583333333,594.9203624999999,638.6310416666666,675.7378791666667,720.7532166666667,801.7968749999998,853.8195708333333,907.4628250000001,941.2538541666668,985.9611666666665,1003.9047333333332,1020.4842708333333,1012.1377041666666,1009.6310958333333,1006.8116666666665,1044.8563875,942.4743166666666,731.62875,709.1933291666667,726.0000833333334,739.3045833333332,712.5409875,710.6425666666668,693.38,719.2491166666666,716.200525,709.2354166666667,694.4853291666666,712.8045458333333,707.98,719.9517041666666,743.9141041666667,757.5170833333334,742.0573291666668,732.586475,729.0545833333334,740.761575,723.2075249999999,724.11875,750.0139375,669.5717374999999,549.39625,545.0536708333333,566.8614208333332,553.6320833333334,551.3043875,545.8160666666665,552.2204166666666,572.3274624999999,591.6469666666666,573.9829166666666,599.0689125,606.2745458333331,611.0825
593.9427541666665,606.1187583333334,581.9308333333333,588.1466583333333,610.5755416666666,654.3508333333333,618.3864458333333,610.6833416666667,652.4962499999999,646.1305125,629.2172708333333,632.80625,668.9010041666666,679.5981541666666,645.1895833333332,676.1653583333333,685.5848333333333,666.6345833333334,677.9814083333333,694.3366916666666,690.8399999999999,676.3107666666665,683.917775,709.0749999999999,720.5931541666666,692.7828625,678.0083333333332,727.0203333333332,732.2964416666666,712.9170833333333,709.7197166666666,722.9949583333333,697.87375,676.7351833333333,786.9299083333333,926.8220833333332,917.4186249999998,882.5377083333334,939.25875,927.4936583333333,914.9888625,906.7976041666666,897.4074125000001,850.8326999999999,775.3207291666665,704.6553624999999,797.4747541666667,949.8152083333333,919.06135,827.7989208333333,749.5561458333334,669.1266374999999,629.7266333333332,574.6176041666668,531.3415749999998,506.3026499999999,468.42458333333315,433.02059583333335,440.5725583333333,429.86645833333307,320.61323333333337,277.4413708333335,280.5781250000001,239.41609166666657,190.60586249999992,180.75947916666667,201.7469208333333,189.03695833333296,192.55281250000013,147.29159166666665,101.95439583333331,48.71458333333351,58.12684166666665,93.88830416666667,160.81781249999977,122.51639166666641,101.80163333333343,171.03635416666677,241.19443333333328,168.0716958333333,161.98479166666675,263.14303333333334,360.40565416666664,375.15083333333325,390.6170000000001,430.2908208333332,411.05177083333325,489.0085666666665,537.7868208333334,563.8171874999999,622.2352833333332,643.9486291666665,696.6056250000001,757.0075125000001,763.9460374999999,793.0198958333332,875.1597291666667,924.0584624999998,931.4690625000001,981.6415208333332,1028.8517541666665,1061.8038541666667,1032.4409791666667,1027.5432208333332,1028.4937499999999,1071.3398999999997,936.8059833333333,727.3708333333332,713.0588958333333,719.6805958333333,701.8704166666666,708.401475,736.5539750000002,756.3604166666665,720.5723874999999,711.3840166666666,718.1229166666667,707.3422041666665,720.8135541666666,725.5345833333333,715.0760166666666,718.3338041666666,761.64375,757.7916708333333,738.7487125,728.9212500000001,732.3539666666667,736.1511750000001,744.2875,751.0930166666667,664.3244583333333,551.7612499999999,554.1493166666667,552.4937375,521.4695833333334,552.9447708333333,555.6542999999999,546.5166666666665,576.7985833333332,598.6134416666666,577.2245833333333,607.1428708333333,536.6442958333333,415.34749999999997
412.04345833333326,466.7379791666667,458.3079166666667,454.5841916666667,452.49065833333333,482.6420833333334,457.7736791666667,453.48583333333335,462.2779166666667,479.7711333333333,467.8715083333334,481.9583333333333,486.60159583333325,502.1884625,481.4679166666666,504.4712041666666,516.03405,501.6729166666667,512.555175,510.7597875000001,500.71374999999995,517.4461125,538.97645,503.74916666666667,502.8884916666667,508.57480833333335,530.3691666666666,519.5628958333333,522.9352999999999,547.355,540.6309249999999,549.7821708333331,552.1229166666666,544.2852416666666,549.4839958333333,557.0483333333334,546.1835249999999,528.3972625000001,547.5466666666666,549.5123833333332,570.466025,606.1183333333332,606.3153875,556.3346791666667,477.7258333333333,486.23234166666657,447.85665833333337,363.56343749999996,306.9919083333332,267.2832000000001,199.55520833333344,111.18177500000002,103.9816291666665,109.01500000000004,93.26521249999973,81.93409999999994,64.40854166666657,-10.77283333333321,-73.61511666666672,-99.46333333333348,-143.24374583333315,-155.27335833333314,-175.67562499999985,-203.6008333333334,-219.06411666666685,-241.1407291666667,-255.78509583333351,-304.3531208333337,-291.61145833333325,-309.05699583333336,-302.35156666666677,-291.9697916666666,-274.27702083333344,-264.57638333333324,-275.4298958333332,-290.1018583333334,-332.2355749999998,-314.2953124999999,-237.32147083333336,-224.70479166666655,-210.92229166666675,-178.41864583333313,-101.97273333333328,-94.13489583333342,-114.62647083333354,-64.15031666666675,-43.68354166666677,27.24071249999986,49.70207083333338,105.26874999999995,147.10002916666667,154.81943749999982,224.91395833333337,262.7359416666667,300.15388749999994,345.6886458333332,387.1751500000001,435.53977499999985,477.4570833333333,500.93511666666666,485.61359166666654,459.0359374999998,452.3859083333334,480.26840416666664,458.90458333333333,455.1123166666664,449.3702458333333,453.8545833333332,478.0288791666666,467.9392458333333,443.53749999999997,447.7348375,465.54182499999996,444.3258333333332,437.47242916666664,439.0392791666667,457.4495833333333,475.1929416666666,467.7481958333333,455.72124999999994,445.1398374999999,437.5318833333333,423.67833333333334,464.34369999999996,464.0020708333333,446.2291666666665,459.32874166666664,463.4519791666668,464.0266666666667,475.7055041666666,440.41842499999996,390.2354166666666,382.50030000000004,395.57323333333335,403.2216666666667,389.1873125000001,393.0035416666666,397.79583333333323,396.0943583333333,397.74907499999995,418.60541666666666,446.1150124999999,446.42679166666665,438.20375
438.8315374999999,454.06661666666673,433.9391666666667,452.10936250000003,456.04397916666665,471.8741666666667,452.3527125,458.7431041666667,468.29375000000005,476.8321041666667,455.1355708333333,471.61249999999995,495.7304958333333,513.3941791666666,471.5912499999999,479.62624166666666,496.50589583333334,497.66666666666674,512.1619875,511.5950083333334,508.2354166666666,533.102975,552.8231708333333,510.39,512.312675,519.6239583333333,543.3479166666666,544.1117624999999,534.3747416666665,534.8183333333334,542.0784416666667,557.4883333333332,544.6504166666666,533.5211166666667,543.8914416666667,554.6800000000001,541.7009333333333,529.0036916666668,557.9454166666666,559.4339791666666,579.8138541666665,621.2908333333332,625.49485,564.23855,469.7918749999999,483.59158749999995,455.4053541666667,375.865,324.04404166666654,290.5555916666667,222.44333333333338,120.26686666666671,116.00251666666657,144.75822916666664,144.86604166666638,125.15974999999997,91.70197916666655,30.293904166666834,10.796412499999974,15.974479166666583,-56.58110416666659,-100.76547499999981,-120.5794791666666,-130.86791250000005,-146.38795416666682,-186.318125,-205.2023333333335,-243.239529166667,-229.23239583333327,-274.62099583333327,-264.09070000000014,-233.65739583333328,-253.60563333333332,-262.8483208333332,-248.21781249999992,-242.06354166666677,-260.55704583333323,-225.32770833333325,-166.53087083333332,-189.3806166666667,-196.6239583333333,-153.84534999999994,-81.1531541666667,-87.93510416666663,-89.14586250000013,-28.58300416666674,-28.83406250000013,14.877154166666628,33.805908333333264,113.39822916666657,180.4511583333333,178.68690416666652,219.03031250000004,255.08339583333327,294.1317333333333,338.1086458333333,393.54324583333346,445.8273583333332,484.74499999999995,523.8294458333332,500.1200124999999,440.9906249999999,424.94635000000005,463.9760041666667,455.0375,448.79169583333305,434.73170416666665,437.5183333333332,471.5898333333333,469.7774166666667,444.2691666666666,442.5597875,462.89590416666664,448.0295833333333,436.72161666666665,446.07905416666665,473.8258333333333,467.4269958333333,442.08671250000003,443.3483333333333,462.88077916666657,467.8200791666667,440.4770833333333,464.1169583333333,465.94101666666666,459.4712499999999,463.73717083333327,461.33830833333343,461.535,463.30764999999997,440.1131791666666,413.1954166666666,395.03353333333337,399.0346833333333,410.25708333333336,391.3512166666667,406.6389375,432.19708333333324,424.31549583333333,413.61435416666666,419.6033333333333,426.0028541666666,486.4584583333333,581.2770833333333
593.0527,599.45505,594.0529166666666,621.4825625000001,635.5615708333332,652.8304166666667,607.0279958333333,603.0448833333332,623.1566666666668,628.1384208333334,609.8068125,632.2041666666667,637.6014291666667,651.4820625,631.7712499999999,654.425925,653.0994916666667,626.6566666666666,653.2844249999999,672.4071,665.7129166666666,666.3144374999999,681.70935,655.58875,658.8369333333334,668.8242708333333,698.1679166666667,690.9916791666666,682.7343791666665,698.7366666666667,716.4022791666666,735.6883958333332,710.2595833333332,675.9751875,766.8291708333334,911.6133333333333,909.8656291666666,867.5976250000001,898.1329166666666,916.2156583333333,909.6197749999999,889.9524999999999,867.8821333333334,824.3434,740.33625,721.8894666666666,809.8035750000001,936.7772916666667,917.2035374999998,867.7517291666667,814.3066666666667,697.2215624999999,627.4202791666665,582.5458333333332,567.7289499999996,549.2097958333334,513.3202083333333,464.9117958333335,446.94536249999993,450.1416666666664,403.77700000000004,356.79914583333345,312.79729166666675,324.43427499999996,335.78887083333325,293.64947916666654,252.97522083333317,214.1918333333329,251.42593749999995,207.7828624999999,144.83732916666656,82.66166666666666,68.85590833333333,87.1742875000001,96.51375000000002,87.82197916666664,83.87294583333355,153.67833333333337,221.72842499999996,198.46357916666668,197.53604166666665,255.72251666666676,358.0107916666667,369.0491666666666,341.85294999999985,400.11603749999983,426.3371874999999,468.10385416666657,497.6566125,592.5380208333333,628.7501041666667,621.1075541666664,689.0106250000001,723.76235,761.1471541666666,815.9624999999999,872.6732291666667,912.6050583333332,932.0308333333332,967.9884041666666,1020.7747416666665,1058.5172916666666,1025.2735041666667,1025.8256791666668,1032.4258333333332,1061.3579124999997,928.5791875,729.1662499999999,730.7741541666666,745.65955,713.4116666666666,729.3294541666667,746.3931875,709.88375,709.6191291666667,719.9072083333333,731.2416666666667,729.6924999999999,713.5027875000001,706.2254166666667,699.8126374999999,710.0669625,720.0495833333333,762.4960041666666,749.8191166666666,718.3816666666665,724.1846833333333,732.0295208333334,738.7045833333333,738.0720249999999,655.1666541666666,556.1566666666665,555.7451875,584.956025,584.1033333333334,548.6715875,546.9244749999999,563.2075,566.6082791666665,569.5656541666666,584.57375,593.7185208333333,598.5445749999999,609.0091666666666
601.4081583333332,579.9418958333334,582.02,597.7371875,620.9943541666667,650.1020833333333,633.605875,626.0294458333333,621.08875,623.7598166666667,631.37205,645.2616666666667,653.607475,653.5471416666667,620.4012499999999,646.1986999999999,671.395925,672.27125,680.6573791666666,697.5314958333333,682.9420833333332,686.4971333333333,680.5143333333333,672.7437500000001,683.3764958333334,676.4019791666666,688.05,724.5523625,737.8276249999999,710.01125,723.4330458333333,735.7623291666666,722.8029166666666,686.8989916666667,777.1207874999999,933.4558333333332,936.7833791666666,894.8967583333333,903.9912499999999,925.8004666666667,925.3550583333332,900.3603124999998,905.1317458333333,857.89765,754.3082291666666,731.7122666666666,826.6350541666667,945.7976041666666,921.9381708333331,860.1950875,807.1368750000001,758.5885041666666,652.3771500000001,612.5639583333334,572.0990166666666,564.1041874999999,533.5052083333333,514.8731458333333,456.9504291666667,416.9011458333333,345.6854416666668,306.5680375000002,282.12885416666677,272.0836666666666,241.5676416666666,198.09906249999992,202.82107083333312,195.96015833333325,189.18145833333327,155.6816291666665,111.57443749999987,92.7846874999999,134.96008749999993,102.3906499999998,101.27458333333351,107.93803333333315,144.5361,214.504375,284.73660416666667,315.1531208333332,355.7663541666666,354.8732874999997,344.05082500000015,343.4527083333333,370.7917749999999,430.44416249999983,463.4084374999999,457.8885541666666,475.1837541666665,566.2316666666666,622.6736083333333,624.5153333333333,690.4742708333334,714.4027125,739.2527791666666,783.4060416666665,844.1248208333334,888.1081583333331,942.073125,967.8038583333332,1014.8054374999998,1051.9256249999999,1037.3479541666666,1018.8794375,1019.7312499999998,1056.351008333333,910.8047208333332,691.8758333333332,704.8500666666666,735.0473458333332,701.2866666666665,692.5396541666665,735.9455583333333,751.8495833333332,721.44445,709.53135,710.5004166666666,730.3132791666667,737.9381958333333,732.415,706.6287874999998,710.9162791666666,718.5462499999999,725.9742291666666,735.2388333333332,717.0266666666666,720.8804166666666,722.4035083333332,724.3466666666667,745.7873666666667,688.5346708333332,587.8195833333333,558.9763708333334,568.0771083333334,568.3079166666666,547.9618041666668,552.8047374999999,570.8420833333332,576.6409791666665,563.1372624999999,563.0783333333333,573.4190458333333,599.6035625,589.5370833333334
593.6202916666666,601.7349458333333,610.5441666666667,619.2780541666666,609.8754624999999,622.8879166666666,621.7343166666667,619.7056583333333,613.5475,614.8416374999999,626.4401624999999,636.4425,637.4058375,648.3152041666667,642.1112499999999,666.7640916666667,690.8250416666667,677.8608333333333,670.4882583333333,681.5605541666666,686.6991666666665,692.9071375,676.8859541666666,667.4725,701.0111708333334,708.4395333333333,688.1570833333333,706.6072083333333,732.8143833333332,703.8320833333332,725.9737333333333,723.3679791666666,693.7633333333333,679.2666666666668,769.3259541666666,913.9541666666667,940.1004416666666,928.5163875000001,911.9120833333334,920.6239875,899.4011666666667,914.6820833333334,881.5515999999999,846.1422583333333,813.9546875000001,734.7882583333331,826.6425750000001,985.2471875,961.6993791666666,859.2829416666665,809.59125,793.1824666666668,751.6635041666665,690.6803125,656.0472999999998,596.4689416666668,523.4938541666667,496.68727083333323,445.2456833333333,412.3280208333334,354.7413791666668,351.7038666666668,382.0965624999998,323.73141250000003,271.86745416666656,274.3335416666666,256.07215833333316,232.98676249999988,234.9548958333333,196.95526249999986,147.7539583333332,137.20916666666665,204.13345833333358,157.5513999999997,152.66604166666684,131.44735833333303,136.02733750000007,181.8532291666666,248.50980833333324,289.2966624999998,311.73156249999965,320.40572083333325,339.85122500000006,356.829895833333,379.6366124999999,422.67754999999994,435.4216666666666,512.1885666666666,574.8467041666667,613.4053125,621.4780083333333,629.1124208333332,694.5036458333334,745.8463374999999,769.3813124999999,817.6978125,860.9446208333334,907.4502041666667,957.0413541666668,986.0897583333331,1006.8844958333332,1030.2121874999998,1045.3987833333333,1040.9693125,1049.9995833333335,1052.9959625000001,920.8569666666666,703.0762499999998,723.5744791666666,744.7778916666666,710.8679166666667,707.7398333333332,749.3584958333333,753.3495833333333,715.9905166666666,721.5025625,748.0320833333333,730.5669208333333,717.8071583333333,725.6249999999999,716.0237083333333,734.0041833333332,698.29875,714.7101125,738.3139041666666,730.1866666666666,730.9401416666666,748.3570291666665,752.3445833333334,746.7403583333333,677.8903874999999,578.4804166666665,547.0194,561.0555791666666,588.5433333333333,562.1752208333332,559.7629708333333,578.5741666666665,549.7360791666665,558.2254416666666,577.4779166666666,588.225725,595.3491875,560.4845833333334
575.1338458333332,589.3733166666666,598.6441666666667,627.8395583333332,619.646675,597.2554166666665,621.2590291666666,627.9341208333333,629.0908333333333,611.3755874999999,620.2886833333333,646.0624999999999,671.0543166666665,673.1116875,661.1916666666666,655.401575,659.790075,668.4929166666666,661.4477041666667,676.4292958333333,675.9949999999999,668.4640583333334,660.9042458333333,680.0166666666667,694.9916625000001,709.5228083333333,711.59125,692.4204208333333,710.9257541666666,709.8883333333333,703.858525,698.3870583333334,705.9991666666666,691.9476916666667,790.3315791666668,934.5383333333333,938.0525041666666,929.3112625000001,924.0333333333333,910.1542583333332,874.9016291666667,904.6422916666668,905.6404208333332,874.2193666666666,810.5797916666668,712.6521666666665,799.7774541666666,958.4703125000001,924.8733541666667,819.8628083333332,800.4002083333331,764.3785083333333,720.0024708333333,682.6179166666668,644.3869374999998,601.7440000000001,598.229375,511.2344625000002,464.39487916666667,444.0078125,361.8503208333334,340.1774624999998,373.9339583333332,378.49250833333326,345.8581833333334,285.77687499999996,298.7919583333331,260.58537083333346,244.75489583333317,242.9168249999999,234.99935416666665,232.03770833333323,233.00422500000008,240.6289749999999,226.80177083333345,188.78765416666673,247.66379583333327,295.8001041666664,269.1949166666666,283.48789583333314,322.1029166666665,339.2132624999998,319.0494625000001,325.6484374999998,356.1057874999999,390.6380499999999,464.1120833333333,468.7077875000001,502.94288333333316,535.092916666667,565.5222916666665,613.0217916666668,662.0935416666666,722.551825,788.7022291666667,851.1540625,854.3724208333333,887.2989125,954.4257291666665,973.7851541666665,994.6010833333335,1010.3049999999998,1022.7564791666666,1013.2175416666666,1037.5929166666665,1054.4101291666666,920.5304291666666,695.1566666666665,736.8514124999999,748.6874666666666,692.3479166666666,688.1043624999998,721.6022291666667,720.8558333333332,736.7752583333335,742.8181916666666,711.0420833333333,710.4334958333333,717.9047791666666,720.7904166666666,718.2355458333334,731.7592041666667,704.25375,701.7204750000001,732.9520249999999,750.9870833333333,746.4738291666666,727.4289708333332,713.5241666666666,749.1016041666667,685.2749249999999,545.6108333333333,550.3513458333333,585.8949458333333,592.0720833333332,552.0049791666667,547.6453583333332,580.9591666666665,592.2155208333334,596.0462166666666,591.5266666666666,565.4212375,593.6674208333333,624.6495833333332
598.0561416666666,584.1260416666667,585.61,602.8901166666667,610.7438500000001,616.4062499999999,615.5499624999999,606.5951333333334,624.2333333333333,635.0842416666666,643.603575,644.9283333333334,661.1746666666666,666.1585,656.0591666666667,632.3153416666667,654.5349041666667,677.3804166666666,646.6712708333333,650.084025,681.6708333333332,683.6390916666667,664.3174124999999,679.145,689.7855166666667,684.8842958333333,677.0049999999999,697.2712833333333,697.5991083333333,696.47875,694.6884791666666,716.8786333333331,726.0050000000001,687.7497333333334,783.9373458333334,933.4087499999999,922.3709958333332,902.8984625,900.2874999999999,903.0011458333332,883.7237083333333,930.4548958333334,908.2429458333334,843.9926666666665,774.4591666666665,707.9306666666666,789.2966541666667,947.3044791666666,952.8174041666666,855.5718999999998,773.3923958333336,748.3400708333334,714.6316916666667,671.8133333333334,623.9545750000002,577.3535166666667,560.9263541666664,502.055575,464.18112083333347,431.66812500000003,371.49642916666676,335.3484291666667,319.0414583333335,283.85632499999986,234.9393125,251.9366666666667,244.2608166666666,233.71805833333332,239.61927083333322,211.6005875000001,203.79120833333332,187.4930208333333,172.86343749999995,155.70065416666662,154.3523958333334,108.43060000000014,129.40904166666672,189.56999999999988,217.90297083333337,222.9267541666664,223.02999999999983,247.89039583333343,273.7820750000001,302.3805208333331,356.0830958333336,361.3069916666667,368.25291666666675,445.68897500000014,486.8259541666665,466.35177083333355,535.5414333333331,625.1924208333332,691.4973958333333,736.1331291666667,778.7379625000001,834.6901041666667,848.6891583333332,887.9747125,931.3396875,942.6671583333332,987.16985,1043.453125,1049.2664541666666,1030.2622708333333,1059.9020833333332,1070.2995333333333,949.0047541666667,735.2070833333333,709.3944333333333,739.6480999999999,710.3320833333332,709.9784124999999,711.6114041666666,700.40875,703.2813333333334,720.9792124999998,736.84375,710.6890833333332,685.3222583333333,707.1904166666666,736.9671291666667,744.60835,708.9895833333333,727.678,737.7805000000001,723.2258333333332,726.0962416666666,737.4493791666665,741.7599999999999,766.618475,686.3507874999999,552.9641666666666,547.5022874999999,560.2783791666666,564.7966666666666,548.3734166666666,547.4832458333333,554.7637499999998,575.7745208333333,587.9655166666666,591.0366666666666,611.6466833333334,535.6775166666666,397.7675
395.7427291666667,427.1977541666667,468.8104166666667,470.2139791666666,445.1494333333334,442.21791666666667,436.9595458333333,459.8700958333334,470.2116666666667,465.00246249999987,475.10794999999996,493.03,497.1244499999999,482.71746666666667,486.52374999999995,491.4282708333333,512.8955375,510.12999999999994,509.87115833333337,509.01212083333337,496.6691666666667,507.90909166666665,506.17982916666665,514.5216666666665,523.5641666666666,536.7741791666667,532.4533333333333,525.0082583333334,517.524075,529.1345833333334,532.0640291666667,537.5652166666665,549.5008333333333,546.5243708333333,545.0439250000001,544.9299999999998,552.6744000000001,562.6649583333334,535.2304166666667,525.8217541666667,548.5881666666667,648.5387499999999,631.6086791666668,569.8090624999999,526.911875,503.2955125,445.9064333333332,386.7939583333333,324.3731833333334,281.23095,222.31437499999993,191.38596666666672,187.8281208333334,197.24114583333346,173.54682083333336,159.97817500000002,135.67395833333308,55.366070833333424,-45.110283333333314,-77.48989583333332,-35.29312916666663,-55.17040416666646,-139.1489583333331,-145.4291791666667,-176.0716250000002,-182.69583333333316,-231.23897916666675,-271.10109583333355,-275.8670833333333,-234.32398333333316,-234.27517083333322,-212.7847916666667,-152.9695999999999,-158.60642916666677,-178.19364583333333,-248.80574999999976,-251.7928916666666,-220.6287500000002,-224.22080833333325,-189.15183333333334,-138.00541666666686,-156.73847083333305,-161.38114583333356,-157.4202083333334,-108.53372916666677,-82.55199166666682,-42.15864583333337,10.877208333333442,38.372191666666765,60.67291666666682,109.12786666666659,175.3005749999998,231.75833333333316,269.67364166666664,301.9929666666666,346.68604166666677,364.8301416666666,390.3604750000002,454.3758333333333,521.2957541666667,505.02362916666664,448.3507291666666,484.55672916666674,501.95879583333317,474.20041666666657,454.9540374999999,456.18314583333324,448.83250000000004,453.38531249999994,468.9224416666667,445.13958333333335,439.3919291666665,433.5099708333332,440.7691666666666,442.2862458333333,443.08637083333326,460.42249999999996,483.3814291666667,468.33742916666665,432.8920833333332,469.3661083333334,474.79881249999994,429.58124999999995,435.2953958333334,461.24667916666664,465.0875,474.2318083333334,455.2377499999999,446.89041666666674,481.0124666666667,458.30078749999996,386.2579166666667,385.5779874999999,389.46520416666664,389.4366666666667,397.8381083333333,411.321225,410.1912499999999,416.2687125,419.2629375,416.12166666666667,415.3582458333334,434.46461249999993,426.7704166666667
438.28260000000006,431.97512916666665,459.3604166666667,479.3011041666666,454.9867666666667,433.7570833333333,435.993225,467.7883166666667,470.8095833333333,452.1256374999999,462.9837416666666,496.3791666666666,512.1222541666666,499.45345000000003,488.29625,463.21119999999996,488.3721125,513.1729166666667,506.98693333333335,498.7508416666667,495.0104166666667,514.1289708333334,516.9873708333333,521.4283333333333,514.9698583333331,530.8222958333333,544.2270833333333,535.3848750000001,513.1209666666666,516.6183333333333,531.432275,541.1286291666665,542.0274999999999,533.7776583333333,545.1338541666668,562.26875,565.9214916666667,569.7250000000001,542.4862499999999,530.6870291666667,557.94715,661.9916666666666,629.3727750000002,560.8570916666665,526.7225,505.2205833333333,443.41639999999995,385.2310416666668,338.66161666666653,304.40312916666664,239.239375,199.7909166666667,195.3614,211.87958333333336,196.09261666666657,188.54075416666672,167.16010416666643,90.33055833333344,13.929300000000069,6.926666666666733,33.7376666666666,-3.35395416666654,-84.27624999999983,-80.55916666666667,-99.30718333333357,-100.3138541666666,-157.0687916666667,-202.76360416666682,-215.68364583333346,-201.0055458333332,-205.1035916666666,-178.67135416666667,-157.01842916666652,-174.72536250000007,-161.71375,-205.77198333333308,-189.8832625,-151.7221875000002,-173.87027499999994,-171.12149166666677,-138.40302083333347,-138.98484583333322,-121.91666250000026,-105.89177083333334,-42.62074166666673,-21.50178750000009,-9.676145833333408,14.186412500000074,40.21729166666671,82.8787500000002,138.00089166666658,185.23612499999984,220.37885416666643,266.397275,290.3309291666666,322.3126041666668,379.53297916666656,421.01095416666675,469.8607291666666,552.8756833333332,528.9416041666666,431.64010416666656,449.3659333333335,477.13195416666656,467.1504166666666,447.0833541666666,442.36786249999994,437.71375000000006,453.71425,474.6332083333334,447.43249999999995,440.1110541666666,435.61838749999987,440.8870833333333,434.3102958333333,449.6551458333332,480.69624999999996,465.4536416666667,435.6404875,429.94374999999985,486.7373500000001,495.07739999999995,440.47416666666663,433.1673708333334,461.28460416666667,473.195,471.7270125,457.7328249999998,463.1866666666667,480.24989166666666,459.91246666666666,408.23749999999995,392.60628333333324,382.7989125,385.36791666666676,392.2778083333333,416.01372916666674,429.0658333333333,426.89835833333336,429.3754208333333,430.23375,415.83498750000007,490.6709916666666,574.5770833333333
584.7809083333334,563.7293625,608.7375,644.8378499999999,631.7095166666667,608.0262499999999,585.1787208333333,611.3824333333333,629.4320833333334,607.1920874999998,610.1852208333332,639.44875,648.1004624999999,639.7537583333333,646.4399999999999,635.2865708333333,647.7251000000001,651.1795833333333,657.004,665.2514625,657.03375,654.2927083333333,649.5376124999999,664.9916666666666,664.7458291666666,683.2846958333333,700.0458333333333,695.1459125,674.9820541666667,681.8416666666667,705.4954958333334,714.5111166666666,700.2924999999998,685.4450499999998,767.9045250000001,890.2333333333332,910.5752166666667,898.6596875000001,877.46875,885.9966999999999,889.3410583333333,936.6039583333333,885.7563625,825.7851333333332,787.5172916666667,745.6218416666667,799.3169458333333,936.1691666666667,937.6985416666666,884.0569833333333,808.8673958333333,756.7349833333333,699.78895,649.0592708333334,618.0438374999999,611.8216166666666,588.7816666666664,519.4244125,432.2003791666667,418.03645833333337,488.0985999999999,456.83853750000014,339.93041666666693,351.56747916666666,360.34874583333317,363.4382291666667,274.00178749999986,220.9392541666663,235.2659374999998,254.37094166666677,197.05487083333335,161.39291666666657,197.28773750000022,195.9566999999999,190.68145833333324,133.1051916666669,170.0007958333334,240.9903124999998,214.94074583333344,219.34194166666654,267.89979166666643,264.9374208333335,290.1832999999998,318.3246874999999,363.35000833333316,392.57540416666654,438.4708333333333,466.33982083333336,506.26801250000005,565.8745833333335,592.5208666666666,633.7152083333331,694.7520833333332,742.0621916666666,772.5044666666665,814.1761458333334,847.4087624999999,870.6000041666667,917.6163541666666,998.8530083333333,1036.0964374999999,1027.0841666666665,1048.0803708333333,1052.5218125,1055.8545833333333,1067.6881041666666,932.5832708333332,714.52125,707.6705458333333,752.7673250000001,712.4091666666666,714.4438791666665,713.6470124999998,712.2466666666666,716.3325,729.6843916666666,745.3275,733.2807124999999,711.7946416666666,700.1533333333332,734.2948791666668,743.0048333333333,715.1104166666667,722.1480958333334,734.6396083333333,726.0604166666666,739.2959500000001,730.1470124999998,727.0862500000001,753.3542833333333,682.5010458333334,553.8195833333333,554.2288749999999,568.3832124999999,557.9358333333334,551.9312749999999,557.5366875,560.8379166666666,582.7677916666667,596.5878958333333,589.6370833333333,575.7144791666667,593.1456208333333,585.7541666666666
595.9076166666666,611.9218125,612.3791666666667,619.7303458333333,616.3598875,635.3741666666667,607.0359249999999,624.7461583333334,651.0729166666666,638.7393374999999,631.3699250000001,664.7366666666666,682.9147041666666,659.1337249999999,633.2604166666667,638.9180208333332,652.1521041666666,673.3699999999999,696.1046666666666,695.2801583333334,671.3237499999999,687.791975,715.6163291666667,688.6012499999999,693.9757708333333,693.5453041666666,678.9975,714.491975,716.1768791666666,697.6770833333334,722.1817999999998,742.2056749999999,729.2712499999999,691.1243583333332,780.8494708333334,952.5933333333332,946.6316791666666,931.5022124999999,921.2212499999999,917.0701416666666,898.6154791666667,937.3648958333333,916.2138958333335,875.5635583333333,801.9183333333334,735.9593583333333,819.5783791666667,960.43,929.9196208333333,852.7761958333333,805.4918749999998,789.5738833333334,735.908875,642.1567708333333,613.5222208333333,612.0219166666666,600.6236458333332,556.9847875,492.7127874999999,435.32177083333335,435.9919625000002,421.3128374999999,316.06145833333346,308.6365333333332,278.0849666666665,279.839375,261.6893541666667,255.46400833333357,249.62979166666645,227.59579583333334,182.81250000000006,151.68041666666645,174.48183749999995,197.7348875,151.34833333333347,181.62485833333344,239.64226249999976,259.28979166666636,265.1072791666667,313.4548833333332,319.0965625,320.02622499999984,335.6416416666665,320.39135416666664,373.1247125000002,398.13837916666665,449.5480208333332,462.5150625,499.8187791666667,560.7433333333333,602.1109374999999,648.8493833333332,705.6727083333333,735.9459833333333,756.1414458333333,794.5201041666667,832.6622625,857.6960749999998,913.6188541666666,981.5597124999998,1009.7907666666665,1024.7344791666665,1023.8120708333333,1035.3026916666665,1049.8962499999998,1059.7443916666666,914.2480958333332,687.1033333333334,681.3102124999999,735.6263916666667,701.8345833333333,710.7401083333334,732.6668791666666,734.8458333333332,713.2626666666667,697.7119499999999,715.7662499999999,734.5655166666666,734.1345,713.7333333333332,733.9416458333334,739.5854166666666,726.0229166666666,733.9499708333332,725.7349375,716.585,699.417025,712.3126666666666,710.3491666666666,755.7907958333333,687.1713124999999,555.8216666666667,544.0067916666666,547.0715874999999,544.745,560.0502958333333,576.6724666666667,578.6633333333332,588.95255,584.7288958333334,575.7716666666666,598.4044541666667,603.5462583333333,577.9533333333333
578.9609,615.5237875,619.6595833333333,612.5993791666666,600.3493541666666,611.545,593.181425,612.3708541666667,637.0870833333332,634.7799333333334,641.3642791666666,662.3370833333332,659.9807833333333,655.2904291666666,653.2858333333334,645.5997625,656.9406958333333,664.685,695.6848125,703.0323333333332,675.88,683.8792,705.2668625000001,705.3070833333334,708.8263583333332,696.4247166666667,693.3899999999999,719.8748666666665,711.7789541666666,690.9770833333333,732.3385166666666,735.3351833333332,711.4775,673.6015166666666,757.7028458333333,922.4037500000001,942.8172083333333,906.0859041666665,909.59125,902.4944958333332,901.3191166666666,930.7114583333332,885.5650500000002,854.7946791666666,819.1467708333334,750.7472749999998,831.5697124999999,1006.4366666666665,999.8293666666666,904.919625,853.0359375,804.2625708333334,763.1066999999998,730.6213541666666,693.9936166666665,632.2097916666665,594.4385416666664,539.4020666666667,505.9833666666666,450.11458333333337,438.1474166666666,414.97473333333335,345.58281250000016,307.19356249999987,299.46854583333334,346.5331249999998,291.1527083333334,269.9567000000002,291.6107291666665,270.36417083333345,200.23992083333334,142.46833333333322,147.26034583333333,182.3970541666664,156.5951041666668,173.76026666666655,208.42025833333327,194.0448958333332,269.8222458333332,299.67649166666683,278.0719791666664,277.3678666666667,323.7210791666664,374.60875,352.86193333333347,357.43296666666674,419.34947916666664,448.776875,482.5297083333333,524.7604166666667,565.6961166666665,628.4149291666665,692.1531249999998,733.4665166666666,746.475820833333,771.5093750000001,838.138375,875.5293416666666,910.2847916666667,976.6426208333331,1004.0087291666666,1027.9967708333334,1036.1218791666665,1049.2191083333332,1056.7616666666665,1057.066445833333,917.0551791666664,720.5287500000001,731.7450749999999,761.361225,728.03,738.0928208333332,738.2883625,725.9008333333331,707.8084833333334,722.8822958333333,761.3904166666666,744.6183083333333,715.7291041666666,693.3212499999997,732.3110791666667,727.3913291666665,704.5791666666667,729.6730749999999,737.912525,719.2058333333332,738.2955166666667,742.1759916666665,745.3029166666666,760.5855208333334,683.6124166666666,565.0441666666666,552.9618583333333,559.4793374999999,530.5720833333332,550.8549208333333,567.77715,549.8741666666665,570.4704750000001,573.0646624999999,576.44625,604.1932458333333,609.5879291666665,568.5429166666667
584.8235708333333,606.9665208333332,601.0975,613.4684874999999,586.909075,569.6679166666665,632.3478666666667,657.1849374999999,632.2370833333333,621.2659333333334,645.0843166666666,668.5970833333333,673.0076208333332,665.5431833333333,647.7525,636.8245458333332,648.9706499999999,643.3741666666666,684.4471958333334,686.7973916666666,654.905,673.2171291666667,698.7653625,700.3595833333334,703.4303166666665,690.267625,699.2412499999999,704.5651041666665,692.694825,694.8483333333332,725.0917208333332,723.4754166666667,712.7204166666667,694.9444416666666,779.9449916666665,916.9333333333333,950.2865625,908.4767166666666,897.0645833333333,904.5629499999999,901.5729833333332,902.2922916666666,908.1812749999999,884.3396625,805.7555208333334,712.3473458333331,787.4509333333332,964.1990625000001,935.8902874999999,854.5844416666666,822.9779166666666,760.4850875000001,705.1699291666665,632.3526041666668,641.8442624999998,603.269125,533.8135416666667,503.6871583333333,436.9862875,417.70833333333337,398.356175,364.5198750000002,337.45916666666653,311.45957499999986,273.6343458333333,273.7399999999999,255.4111833333333,267.0725125000003,237.26375000000002,199.83367916666677,133.8437708333334,154.8070833333331,203.7061291666667,224.36612499999987,181.89010416666687,209.56662083333333,233.82995833333314,266.2655208333332,255.68812916666656,293.728175,303.2684374999999,296.1492958333333,302.6308833333332,351.98406250000005,364.7220083333333,398.7731166666665,446.1641666666667,489.60609166666666,524.5285833333332,572.0351041666668,595.1099666666667,627.6987708333332,661.6148958333333,713.7187666666666,765.4579874999997,808.5247916666666,842.7646,859.155925,954.1563541666667,1013.1700416666667,1043.6727333333333,1035.8933333333332,1010.2951208333333,1004.2203625000001,1015.1558333333332,1049.6062166666663,912.1685124999999,704.9645833333334,701.6201958333332,756.2817,710.3641666666666,716.0806749999998,697.04875,694.9237499999999,711.7500833333334,717.1453999999999,720.65375,710.1911625,699.8088875,679.0220833333334,709.4026291666667,719.7748124999998,722.8770833333333,721.6981791666666,722.1424083333333,725.895,736.6153833333333,732.0287291666666,728.9699999999999,744.0237791666667,680.3007624999999,564.6354166666665,542.0364458333332,558.2386041666666,559.5654166666667,544.9833916666666,558.0448666666666,568.85,575.4451625000002,584.2374666666667,585.2233333333332,601.5524666666665,597.5909333333332,581.5329166666666
594.2706791666667,602.1429958333333,586.4937499999999,578.2832458333334,595.3574666666666,591.8270833333333,600.6446208333332,594.3356375000001,607.8829166666667,647.2203916666666,662.4349916666666,668.0658333333332,666.2111416666667,654.8474041666666,648.6254166666668,649.9973124999999,661.6783958333333,664.6916666666666,675.0562541666666,675.014375,668.58125,666.8540875,697.8999041666667,708.26,693.6951916666666,678.7356,697.9174999999999,706.9553416666665,670.7716833333332,677.10625,686.8470083333332,719.2126041666667,698.6045833333334,681.2327708333333,783.9651666666666,919.8370833333333,917.6843416666666,868.2466124999999,877.8733333333332,890.6853041666666,892.7460583333332,916.666875,910.8253833333333,869.5418166666668,791.6264583333332,711.1495958333333,780.4452124999998,955.5124999999998,940.9890833333334,831.9359625,814.0307291666666,776.020025,730.9672708333333,690.8734375000001,622.8665833333332,570.8139874999999,517.871875,513.0624083333331,497.89812916666665,472.95718749999986,406.4073625,368.47228749999965,356.95177083333306,292.54407083333314,255.10168749999988,264.0334375,244.99949583333304,184.96809166666668,154.65041666666656,116.0877916666667,79.48701250000005,61.34770833333323,56.799741666666705,45.3741000000002,38.43177083333347,59.15421249999994,78.15120833333336,119.27697916666676,165.68577916666663,211.76500833333324,190.15468749999997,213.1808083333332,273.8308333333331,322.9118750000002,362.03925416666664,384.8082458333332,405.0036458333333,441.0941166666667,493.07289999999995,511.3742708333335,561.4468958333331,623.0954458333331,679.7152083333332,729.1330624999998,757.4711083333332,786.8666666666667,832.5649958333333,868.9212,918.7288541666667,981.7759999999998,1026.1894708333334,1048.4621875,1049.9442124999998,1036.1643541666667,1040.7058333333332,1051.1420624999998,931.4164249999999,746.8633333333332,712.4477708333333,735.7721458333333,718.04875,722.9880374999998,720.6737666666668,698.2179166666667,692.3098875,718.5788,751.5408333333332,728.0825791666665,728.4964416666666,733.3783333333332,741.2699791666666,741.0830916666666,729.6325,739.3245333333333,722.0352791666667,720.2658333333333,719.6883708333332,722.0239541666665,733.8874999999999,754.0784916666668,685.8817833333333,554.5520833333334,535.2295875,560.8409999999999,540.3370833333333,537.0427458333332,572.5374083333334,599.6358333333333,572.0299124999999,557.9698583333334,575.4654166666667,597.9913208333334,524.6950541666665,408.7358333333333
415.49833750000005,441.6116458333333,443.18125,433.3406083333334,424.70083750000003,423.66583333333335,464.5239458333334,480.7053791666667,448.72124999999994,438.91290416666664,453.55370833333336,492.80708333333337,482.6926791666666,476.6634583333333,480.095,517.7643791666667,503.1661458333333,474.5054166666666,506.32848749999994,523.2756833333333,483.84916666666663,496.4295666666667,521.0691291666667,530.7754166666667,529.7170583333333,519.5067083333332,511.1254166666667,518.3399416666666,520.2181958333333,539.0791666666667,524.9949916666666,538.5736458333333,527.5137500000001,509.64365,525.1671249999999,538.6908333333333,553.1133791666666,547.0303499999999,523.3533333333332,518.8501999999999,557.8977958333332,628.915625,628.7695999999999,559.6231833333333,506.74520833333315,472.13852916666656,464.6135374999999,405.2315624999999,296.7938916666668,236.72557083333345,235.84979166666665,205.0947916666666,191.7959875000002,199.306875,178.43084583333325,92.20905416666687,47.776458333333494,36.5455666666665,-28.556079166666507,-63.455625000000055,-94.99390416666654,-111.74945416666691,-138.05072916666683,-170.35360416666686,-189.5917208333334,-201.25604166666665,-214.56860000000006,-232.61289166666654,-292.30031249999985,-350.6881624999999,-306.5234333333333,-229.82239583333342,-205.31726666666668,-222.07960833333345,-235.9217708333333,-248.01695833333326,-239.74034583333338,-235.25322916666647,-184.46640833333322,-188.82475,-144.34218750000014,-155.9160250000001,-145.37690000000015,-108.51510416666667,-106.75026249999996,-56.3248416666666,5.771250000000066,1.1556750000000875,45.39024583333344,75.64833333333314,130.243025,184.2416333333333,202.0070833333333,270.3254791666667,294.69246249999986,321.38822916666675,352.9656666666667,390.8339000000001,450.9347916666667,503.87941666666666,490.1735458333334,460.0285416666667,486.2448374999999,495.8592541666668,444.96708333333333,435.8647833333332,443.85125416666665,467.3879166666666,454.8020541666666,447.3841666666667,461.6620833333334,474.3668374999999,467.9614875,448.4925,451.6144541666666,454.70927916666665,478.61666666666656,491.83627916666654,493.0740749999999,467.21875,472.50318749999997,458.4132791666667,459.2458333333333,459.66172083333333,451.4584958333333,456.64666666666665,453.90257499999996,452.31172499999985,462.1733333333333,469.50458750000007,445.5297166666666,383.3083333333334,355.4577791666666,375.7038458333333,401.5716666666666,378.79571250000004,395.5684791666667,430.82208333333335,409.2253166666667,397.1816916666667,405.09374999999994,428.15760833333326,441.1247083333333,449.74666666666667
461.00058750000005,448.2341958333333,437.7075,438.6559375000001,431.0394708333333,422.50916666666666,474.0130583333334,488.0580625,445.30541666666664,450.6858125,465.9336666666667,494.2566666666667,504.12649166666665,500.0117833333333,473.62208333333336,490.63086250000003,486.38510833333333,474.15124999999995,487.2014458333333,505.7265083333333,491.86,502.72893750000003,531.3216458333334,546.5329166666667,516.0258166666666,507.07858333333326,531.3304166666667,533.9727166666667,512.8505791666666,520.4058333333332,516.7599749999999,539.3682875,529.93,518.1680416666667,527.9087458333333,533.2408333333334,563.4042041666667,560.2139583333333,524.52375,527.6055541666666,572.4219458333332,631.6915624999999,612.7259624999998,557.3354416666666,528.2091666666665,466.6826416666666,441.48459999999994,401.7757291666667,317.67053750000014,262.5740833333334,247.0745833333333,202.5320708333333,194.43517916666679,215.51750000000004,192.24614166666652,118.04233333333354,91.81322916666682,68.07499583333328,14.841616666666823,10.203437500000007,-38.185195833333296,-84.9441375000003,-117.7948958333335,-129.22834166666678,-133.02808750000008,-150.0496875,-174.3811791666667,-179.74608333333322,-216.60249999999985,-284.13188749999995,-254.69405416666666,-196.8282291666667,-216.37894166666672,-246.62817500000017,-234.38645833333328,-226.3470083333333,-202.04471250000006,-182.03093749999982,-125.4288791666666,-149.43988750000005,-132.2991666666668,-141.2729666666669,-120.12927916666683,-73.84135416666663,-54.578887499999894,-5.926095833333193,39.36354166666672,33.8726333333334,68.70779583333336,83.2811458333332,142.54422083333333,184.26679166666656,175.15666666666664,245.10715833333336,282.4014416666666,321.76500000000016,368.7939875,402.78122500000006,453.43625,524.3881958333334,500.05824583333333,432.14447916666666,454.86666249999985,476.0812583333334,433.6266666666668,430.8849541666666,434.7230208333333,454.3058333333333,458.270425,460.5233833333333,464.7295833333334,462.49456666666657,454.53391666666664,446.9333333333334,459.79202083333325,467.2100541666667,480.82958333333323,463.84079999999994,459.70510416666656,459.54166666666663,483.1064541666667,467.6944500000001,454.9870833333333,447.5801958333334,446.8637958333333,464.56583333333333,460.7131416666666,461.6387124999999,475.7104166666667,472.0297083333334,456.0098916666666,414.62375000000003,376.27583749999997,371.23777499999994,384.9862499999999,377.56617500000004,414.6733791666667,449.8616666666667,403.4964791666667,393.6098083333334,421.53166666666664,434.0530041666666,492.54482083333323,585.0625
605.3563125,584.1177875,583.7237499999999,590.1348416666667,583.8473375,575.02875,624.53475,642.4884458333333,605.01,602.7024624999999,600.6807416666667,617.18875,635.5211083333334,646.4233916666667,634.3254166666667,663.9300541666667,642.9960625,613.5645833333333,663.9520166666666,687.0266875,640.1708333333333,661.7208958333333,697.12645,698.7925,668.7754333333334,655.6942791666665,674.5833333333334,694.2261874999999,675.2662166666667,674.7866666666666,692.7353083333333,719.7526499999999,682.3366666666666,659.2735749999999,757.9675625,886.5370833333334,916.7424208333333,892.4010874999999,872.6879166666666,881.7260666666666,896.8066416666666,911.780625,877.0660041666665,812.4620166666666,763.6401041666666,699.2143083333332,795.7324125,935.2048958333332,894.2930083333334,823.7103875,802.1134374999999,744.6244583333332,682.5911666666668,639.9737499999999,612.0641458333331,538.5713875000001,500.81614583333345,484.72918333333314,419.0206625000002,400.2360416666666,395.34457083333325,371.9643416666663,325.19697916666655,324.41292499999986,350.6768083333333,351.09614583333325,305.7366291666666,275.0442208333333,233.5303125000001,168.63851250000005,144.05231666666666,141.8624999999999,170.2922416666667,162.98024999999984,135.24854166666668,138.05170416666672,197.33112499999993,258.26989583333346,321.25305000000003,264.93064166666653,248.36177083333317,253.60032916666654,305.9351541666665,358.22770833333334,346.1912166666667,393.81581250000005,471.3060416666667,475.1342,538.0436875,581.5510416666665,608.7521624999999,653.5368083333333,687.834375,750.4591916666667,775.7494416666664,812.7618750000001,833.1553875,856.4002166666667,912.2146875,974.5498333333333,1010.4960708333333,1031.6638541666666,1039.3708374999999,1039.8939333333335,1030.3204166666667,1050.7087499999998,915.7310375,728.3608333333333,713.8902666666667,733.7331833333334,720.1841666666667,744.1787999999999,746.7301958333333,718.3958333333334,729.6717208333332,745.2010583333333,759.6854166666666,735.2728291666665,742.2024499999999,753.01,743.8658,714.2207041666668,723.3404166666667,727.3005916666666,712.0122124999999,708.1058333333333,707.6774541666666,719.4506458333332,744.1008333333333,749.5338208333334,680.4556041666666,561.3720833333333,528.1991958333333,547.7555291666666,557.0049999999999,528.0944625,545.6721333333332,585.59375,574.9937125,570.9846958333334,578.5079166666666,594.3029416666666,595.5696499999999,595.00125
618.3276583333334,610.8424708333333,595.0870833333333,607.5740499999999,601.6155666666666,617.9179166666667,634.8324083333332,645.8149541666667,619.4841666666666,607.266625,620.8465666666666,660.2366666666667,658.831275,662.9731875,655.875,680.6070041666667,673.7398833333334,650.4858333333333,675.0395333333333,705.0329291666667,709.4633333333333,689.6466125,700.1804,715.8920833333332,701.2659416666665,668.3270291666665,652.9708333333333,710.1284999999999,746.0098333333333,713.7195833333333,707.4111458333332,725.1615916666666,718.2354166666667,658.2726708333332,751.8110583333332,919.1258333333333,935.2976375,879.7448708333333,902.7670833333333,907.7624249999999,905.4199208333333,912.78625,913.2279374999999,879.0607916666668,805.7210416666666,739.5043791666667,837.3393083333334,967.2691666666666,909.9038333333333,831.4558125000001,823.7705208333332,784.2526208333333,726.1068791666669,643.1875,605.2407875,551.9577375000001,524.0166666666669,518.3237375,474.6310750000001,476.8998958333332,454.2495291666668,395.24117083333306,314.11885416666655,288.8543458333331,286.0955708333333,282.2416666666667,265.9041333333332,227.98877500000012,209.69489583333336,136.23412083333338,132.59286666666674,175.16875000000002,117.01909583333341,140.55915833333347,180.94760416666662,167.71590833333337,199.24169999999992,227.2771875000001,266.84612500000003,301.8625125000001,276.2352083333332,313.18461249999984,340.61250833333315,351.44104166666676,375.74220416666685,420.82151666666675,470.08937499999996,443.11705,467.01432083333333,546.4485416666666,591.0937916666667,643.4938625,671.0594791666666,696.0357333333332,734.5776291666665,778.8310416666667,825.7645458333334,865.5184291666667,893.6859374999999,969.2862416666667,1004.5095333333334,1030.8908333333334,1047.5798791666664,1031.294375,1017.5195833333332,1050.2655,923.0081875000001,727.0983333333331,701.4190125,725.0637416666666,708.2325000000001,726.1657416666667,728.4831416666666,733.055,713.9285416666667,712.2735166666666,725.4241666666667,745.7669458333332,755.845775,745.5079166666667,730.2749375,743.0073625,761.6575,735.0089458333332,709.4710875,724.41625,733.8631416666666,720.21465,722.1220833333332,754.2389625000001,674.0603958333332,540.6733333333333,517.7036958333333,536.3026666666666,530.3079166666666,542.7122708333333,571.3708583333333,562.6445833333333,545.7111916666667,539.8759041666666,565.1441666666666,601.5788625,592.1264541666667,590.3016666666666
591.8290625,610.7555916666665,637.5,597.4621374999999,580.2583958333332,588.8166666666666,620.2032916666666,619.4021583333333,598.2654166666666,594.592375,614.3003958333334,657.52125,650.2930666666666,649.2238208333333,647.3491666666666,668.4189375,677.8168416666667,686.1362499999999,686.1920833333334,707.5448749999999,709.59875,675.0312041666666,677.1187291666668,703.49625,717.559575,686.2098541666667,707.6541666666667,724.4485125000001,731.3368041666665,704.1912499999999,689.4476583333333,703.0404416666665,695.5275,640.9326666666666,728.2891749999999,889.1220833333332,913.5778791666667,926.7520083333333,935.09625,902.0595791666668,913.9161541666667,915.2560416666666,877.415625,854.2738833333333,816.9702083333332,724.0978625,809.7707083333332,992.16875,930.1605916666667,830.3502125000002,793.8391666666668,772.9062291666665,718.1778625000001,645.3541666666667,617.7196833333334,586.5288125,507.78458333333356,466.8273916666668,428.6249541666666,455.7719791666666,428.84665000000007,350.09900416666653,300.4623958333333,289.2769708333333,304.9977083333332,313.00166666666667,232.43613750000003,198.8766708333334,201.65593750000016,139.02285833333337,119.48187916666669,138.97968750000013,97.0228833333334,148.82148750000007,190.6371875,151.6858416666665,164.01974166666656,203.98729166666655,219.25266250000004,272.67537500000003,269.9013541666666,279.35696249999995,311.2220333333333,319.80312499999985,330.80573749999996,399.8961041666667,456.63666666666666,456.77654583333333,478.5700499999999,525.1944791666666,556.8793416666666,600.5545041666666,645.7245833333334,687.0230124999998,718.8152999999998,766.0207291666666,835.1470666666665,904.0305916666665,914.5626041666667,957.2829541666666,992.2042791666668,1034.5779166666666,1052.4972124999997,1034.7537083333334,1031.5216666666668,1049.4481541666667,925.7093666666667,728.2433333333333,707.3672875,744.5353291666667,738.8566666666666,750.37835,727.6828291666666,723.77875,703.3365791666666,717.7960708333333,747.0283333333333,767.5847749999999,748.3252083333332,716.4720833333333,722.6801291666667,740.7328208333333,729.7445833333333,720.5969375000001,710.1192208333333,734.2795833333332,742.5499208333333,738.1109749999999,740.2737500000001,763.6835125,678.0974083333333,540.405,516.1619041666665,540.6627416666666,558.2670833333332,581.4768666666666,584.6384833333332,542.2958333333333,548.6433666666667,555.7286624999999,577.3129166666668,583.3484041666666,577.7717124999999,583.8295833333333
619.9584916666666,628.3969833333333,625.73875,588.9635583333334,584.6510708333333,571.31625,623.3151708333332,638.7167458333332,603.8083333333333,584.1701625,596.3240125,647.5541666666667,654.7947916666667,656.2115249999999,651.1062499999999,656.2076458333333,663.5907541666667,658.5816666666666,672.8832916666667,690.1438999999999,683.4575,651.74085,670.2591749999999,728.4725,742.5794791666667,716.3541583333332,705.64375,701.4722250000001,705.6550166666666,694.8433333333332,690.1679416666665,714.7915291666667,717.5970833333333,695.3425458333332,763.3331916666667,876.10375,905.1888125,917.3315791666666,913.4858333333333,919.4279208333332,936.1325583333335,913.2950000000001,897.4083958333333,874.5772374999999,806.9898958333331,722.2284374999999,805.5125125000001,981.0808333333333,908.9247375,807.5748249999999,758.0296875,711.0017041666666,669.5537458333334,669.2212499999999,587.484025,565.1158375,550.3257291666664,502.8525791666666,458.60820833333344,423.2959374999999,385.46782083333335,299.06185833333325,265.11072916666683,263.7321458333332,257.14364999999987,243.16385416666657,193.62229583333328,179.15537916666688,212.24468749999994,184.7552083333333,114.45982083333308,88.94333333333316,120.70365833333341,150.54599583333342,161.2879166666668,167.35782083333328,229.04905416666654,274.8297916666665,265.53852916666676,287.09326666666686,316.6369791666667,302.5710250000001,245.53557916666674,251.4802083333332,296.7250541666667,337.4957916666666,374.52750000000015,435.09882916666663,472.94972500000006,531.288125,569.7881041666667,602.37405,621.5840625000001,692.2102833333332,777.5124583333331,802.5591666666667,834.1764416666665,883.8220041666666,926.0835416666666,985.3779916666666,1017.0253874999999,1025.9271875,1012.0395166666665,985.9355708333331,993.10875,1036.9659791666666,917.4790791666667,718.3712499999999,704.1453499999999,732.5524083333333,717.8370833333332,721.4650916666667,709.4688874999999,709.12875,712.3521666666666,719.3223,711.7170833333333,711.7404458333333,710.9343208333333,718.1279166666666,712.0303999999999,713.6189958333332,731.0320833333332,718.6021124999999,709.8531166666667,742.185,744.1083333333333,734.5859458333332,751.9712499999999,756.6490166666666,675.9854291666666,541.9120833333333,513.2878833333333,540.8024416666666,567.8729166666666,581.3287541666666,589.5959249999999,556.2795833333333,552.0666458333333,551.2348124999999,578.1079166666667,582.1482083333333,587.4515791666668,585.6812499999999
